"D:/unreal_project/Baiguizhen/Baiguizhen.uproject" 1
"D:/unreal_project/Baiguizhen/Binaries/Win64/UnrealEditor-Win64-DebugGame.modules" 2
"../../../Engine/Plugins/AudioGameplay/AudioGameplay.uplugin" 3
"../../../Engine/Plugins/AudioGameplayVolume/AudioGameplayVolume.uplugin" 4
"../../../Engine/Plugins/Bridge/Bridge.uplugin" 5
"../../../Engine/Plugins/BlueprintFileUtils/BlueprintFileUtils.uplugin" 6
"../../../Engine/Plugins/ChaosClothAssetEditor/ChaosClothAssetEditor.uplugin" 7
"../../../Engine/Plugins/ChaosInsights/ChaosInsights.uplugin" 8
"../../../Engine/Plugins/ChaosClothAsset/ChaosClothAsset.uplugin" 9
"../../../Engine/Plugins/AudioInsights/AudioInsights.uplugin" 10
"../../../Engine/Plugins/ChaosVD/ChaosVD.uplugin" 11
"../../../Engine/Plugins/Chooser/Chooser.uplugin" 12
"../../../Engine/Plugins/ChaosCloth/ChaosCloth.uplugin" 13
"../../../Engine/Plugins/CmdLinkServer/CmdLinkServer.uplugin" 14
"../../../Engine/Plugins/DiscoveryBeaconReceiver/DiscoveryBeaconReceiver.uplugin" 15
"../../../Engine/Plugins/Fab/Fab.uplugin" 16
"../../../Engine/Plugins/EnhancedInput/EnhancedInput.uplugin" 17
"../../../Engine/Plugins/FastBuildController/FastBuildController.uplugin" 18
"../../../Engine/Plugins/IoStoreInsights/IoStoreInsights.uplugin" 19
"../../../Engine/Plugins/JsonBlueprintUtilities/JsonBlueprintUtilities.uplugin" 20
"../../../Engine/Plugins/MassInsights/MassInsights.uplugin" 21
"../../../Engine/Plugins/LightWeightInstancesEditor/LightWeightInstancesEditor.uplugin" 22
"../../../Engine/Plugins/MemoryUsageQueries/MemoryUsageQueries.uplugin" 23
"../../../Engine/Plugins/MeshPainting/MeshPainting.uplugin" 24
"../../../Engine/Plugins/PCG/PCG.uplugin" 25
"../../../Engine/Plugins/RenderGraphInsights/RenderGraphInsights.uplugin" 26
"../../../Engine/Plugins/ScriptPlugin/ScriptPlugin.uplugin" 27
"../../../Engine/Plugins/TraceUtilities/TraceUtilities.uplugin" 28
"../../../Engine/Plugins/UbaController/UbaController.uplugin" 29
"../../../Engine/Plugins/TextureGraph/TextureGraph.uplugin" 30
"../../../Engine/Plugins/XGEController/XGEController.uplugin" 31
"../../../Engine/Plugins/AI/HTNPlanner/HTNPlanner.uplugin" 32
"../../../Engine/Plugins/WorldMetrics/WorldMetrics.uplugin" 33
"../../../Engine/Plugins/AI/AISupport/AISupport.uplugin" 34
"../../../Engine/Plugins/AI/EnvironmentQueryEditor/EnvironmentQueryEditor.uplugin" 35
"../../../Engine/Plugins/Mutable/Mutable.uplugin" 36
"../../../Engine/Plugins/AI/MassAI/MassAI.uplugin" 37
"../../../Engine/Plugins/AI/MLAdapter/MLAdapter.uplugin" 38
"../../../Engine/Plugins/AI/MassCrowd/MassCrowd.uplugin" 39
"../../../Engine/Plugins/Cameras/CameraShakePreviewer/CameraShakePreviewer.uplugin" 40
"../../../Engine/Plugins/Cameras/EngineCameras/EngineCameras.uplugin" 41
"../../../Engine/Plugins/Cameras/GameplayCameras/GameplayCameras.uplugin" 42
"../../../Engine/Plugins/Experimental/AbilitySystemGameFeatureActions/AbilitySystemGameFeatureActions.uplugin" 43
"../../../Engine/Plugins/Experimental/ActorPalette/ActorPalette.uplugin" 44
"../../../Engine/Plugins/Experimental/AdvancedRenamer/AdvancedRenamer.uplugin" 45
"../../../Engine/Plugins/Compression/OodleNetwork/OodleNetwork.uplugin" 46
"../../../Engine/Plugins/Experimental/AnimNext/AnimNext.uplugin" 47
"../../../Engine/Plugins/Experimental/AnimNextChooser/AnimNextChooser.uplugin" 48
"../../../Engine/Plugins/Experimental/AnimNextAnimGraph/AnimNextAnimGraph.uplugin" 49
"../../../Engine/Plugins/Experimental/AnimNextPoseSearch/AnimNextPoseSearch.uplugin" 50
"../../../Engine/Plugins/Experimental/AnimNextControlRig/AnimNextControlRig.uplugin" 51
"../../../Engine/Plugins/Experimental/AnimNextStateTree/AnimNextStateTree.uplugin" 52
"../../../Engine/Plugins/Experimental/AsyncMessageSystem/AsyncMessageSystem.uplugin" 53
"../../../Engine/Plugins/Experimental/AsyncMessageSystemTests/AsyncMessageSystemTests.uplugin" 54
"../../../Engine/Plugins/Experimental/AutomationUtils/AutomationUtils.uplugin" 55
"../../../Engine/Plugins/Experimental/AvalancheDataLink/AvalancheDataLink.uplugin" 56
"../../../Engine/Plugins/Experimental/AnimNextWarping/AnimNextWarping.uplugin" 57
"../../../Engine/Plugins/Experimental/AvalancheSequenceNavigator/AvalancheSequenceNavigator.uplugin" 58
"../../../Engine/Plugins/Experimental/BlueprintSnapNodes/BlueprintSnapNodes.uplugin" 59
"../../../Engine/Plugins/Experimental/AvalancheSceneState/AvalancheSceneState.uplugin" 60
"../../../Engine/Plugins/Experimental/BlueprintStats/BlueprintStats.uplugin" 61
"../../../Engine/Plugins/Experimental/CelestialVault/CelestialVault.uplugin" 62
"../../../Engine/Plugins/Experimental/ChaosCachingUSD/ChaosCachingUSD.uplugin" 63
"../../../Engine/Plugins/Experimental/ChaosEditor/ChaosEditor.uplugin" 64
"../../../Engine/Plugins/Experimental/AvalancheDisplayCluster/AvalancheDisplayCluster.uplugin" 65
"../../../Engine/Plugins/Experimental/ChaosCaching/ChaosCaching.uplugin" 66
"../../../Engine/Plugins/Experimental/AnimToTexture/AnimToTexture.uplugin" 67
"../../../Engine/Plugins/Experimental/ChaosFlesh/ChaosFlesh.uplugin" 68
"../../../Engine/Plugins/Experimental/Buoyancy/Buoyancy.uplugin" 69
"../../../Engine/Plugins/Experimental/BackChannel/BackChannel.uplugin" 70
"../../../Engine/Plugins/Experimental/ChaosClothEditor/ChaosClothEditor.uplugin" 71
"../../../Engine/Plugins/Experimental/ChaosModularVehicle/ChaosModularVehicle.uplugin" 72
"../../../Engine/Plugins/Experimental/ChaosMover/ChaosMover.uplugin" 73
"../../../Engine/Plugins/Experimental/ChaosNiagara/ChaosNiagara.uplugin" 74
"../../../Engine/Plugins/Experimental/ChaosOutfitAsset/ChaosOutfitAsset.uplugin" 75
"../../../Engine/Plugins/Experimental/ChaosSolverPlugin/ChaosSolverPlugin.uplugin" 76
"../../../Engine/Plugins/Experimental/ChaosModularVehicleExamples/ChaosModularVehicleExamples.uplugin" 77
"../../../Engine/Plugins/Experimental/ChaosUserDataPT/ChaosUserDataPT.uplugin" 78
"../../../Engine/Plugins/Experimental/CharacterAI/CharacterAI.uplugin" 79
"../../../Engine/Plugins/Experimental/ChaosVehiclesPlugin/ChaosVehiclesPlugin.uplugin" 80
"../../../Engine/Plugins/Experimental/CineCameraSceneCapture/CineCameraSceneCapture.uplugin" 81
"../../../Engine/Plugins/Experimental/CodeEditor/CodeEditor.uplugin" 82
"../../../Engine/Plugins/Experimental/CineCameraRigs/CineCameraRigs.uplugin" 83
"../../../Engine/Plugins/Experimental/CinematicPrestreaming/CinematicPrestreaming.uplugin" 84
"../../../Engine/Plugins/Experimental/CommonConversation/CommonConversation.uplugin" 85
"../../../Engine/Plugins/Experimental/ColorCorrectRegions/ColorCorrectRegions.uplugin" 86
"../../../Engine/Plugins/Experimental/ControlFlows/ControlFlows.uplugin" 87
"../../../Engine/Plugins/Experimental/CodeView/CodeView.uplugin" 88
"../../../Engine/Plugins/Experimental/Dataflow/Dataflow.uplugin" 89
"../../../Engine/Plugins/Experimental/DataLinkOAuth/DataLinkOAuth.uplugin" 90
"../../../Engine/Plugins/Experimental/DataLink/DataLink.uplugin" 91
"../../../Engine/Plugins/Experimental/EditorDataStorage/EditorDataStorage.uplugin" 92
"../../../Engine/Plugins/Experimental/DynamicMaterialMediaStreamBridge/DynamicMaterialMediaStreamBridge.uplugin" 93
"../../../Engine/Plugins/Experimental/DaySequence/DaySequence.uplugin" 94
"../../../Engine/Plugins/Experimental/EditorPerformance/EditorPerformance.uplugin" 95
"../../../Engine/Plugins/Experimental/DefaultInstallBundleManager/DefaultInstallBundleManager.uplugin" 96
"../../../Engine/Plugins/Experimental/EditorDataStorageFeatures/EditorDataStorageFeatures.uplugin" 97
"../../../Engine/Plugins/Experimental/EvaluationNotifies/EvaluationNotifies.uplugin" 98
"../../../Engine/Plugins/Experimental/EditorTelemetry/EditorTelemetry.uplugin" 99
"../../../Engine/Plugins/Experimental/FastGeoStreaming/FastGeoStreaming.uplugin" 100
"../../../Engine/Plugins/Experimental/FloatingProperties/FloatingProperties.uplugin" 101
"../../../Engine/Plugins/Experimental/Fracture/Fracture.uplugin" 102
"../../../Engine/Plugins/Experimental/FieldSystemPlugin/FieldSystemPlugin.uplugin" 103
"../../../Engine/Plugins/Experimental/FullBodyIK/FullBodyIK.uplugin" 104
"../../../Engine/Plugins/Experimental/GameInputWindows/GameInputWindows.uplugin" 105
"../../../Engine/Plugins/Experimental/GameplayGraph/GameplayGraph.uplugin" 106
"../../../Engine/Plugins/Experimental/GameplayBehaviors/GameplayBehaviors.uplugin" 107
"../../../Engine/Plugins/Experimental/GeometryCacheLevelSequenceBaker/GeometryCacheLevelSequenceBaker.uplugin" 108
"../../../Engine/Plugins/Experimental/Gauntlet/Gauntlet.uplugin" 109
"../../../Engine/Plugins/Experimental/GeometryDataflow/GeometryDataflow.uplugin" 110
"../../../Engine/Plugins/Experimental/GeometryCacheAbcFile/GeometryCacheAbcFile.uplugin" 111
"../../../Engine/Plugins/Experimental/GameplayTargetingSystem/TargetingSystem.uplugin" 112
"../../../Engine/Plugins/Experimental/GeometryCollectionPlugin/GeometryCollectionPlugin.uplugin" 113
"../../../Engine/Plugins/Experimental/GizmoEdMode/GizmoEdMode.uplugin" 114
"../../../Engine/Plugins/Experimental/HairCardGenerator/HairCardGenerator.uplugin" 115
"../../../Engine/Plugins/Experimental/HairStrandsMutable/HairStrandsMutable.uplugin" 116
"../../../Engine/Plugins/Experimental/GPULightmass/GPULightmass.uplugin" 117
"../../../Engine/Plugins/Experimental/GeometryFlow/GeometryFlow.uplugin" 118
"../../../Engine/Plugins/Experimental/ImagePlate/ImagePlate.uplugin" 119
"../../../Engine/Plugins/Experimental/HairModelingToolset/HairModelingToolset.uplugin" 120
"../../../Engine/Plugins/Experimental/ImageWidgets/ImageWidgets.uplugin" 121
"../../../Engine/Plugins/Experimental/GizmoFramework/GizmoFramework.uplugin" 122
"../../../Engine/Plugins/Experimental/InlineMaterialInstance/InlineMaterialInstance.uplugin" 123
"../../../Engine/Plugins/Experimental/InstanceDataObjectFixupTool/InstanceDataObjectFixupTool.uplugin" 124
"../../../Engine/Plugins/Experimental/Landmass/Landmass.uplugin" 125
"../../../Engine/Plugins/Experimental/JWT/JWT.uplugin" 126
"../../../Engine/Plugins/Experimental/Iris/Iris.uplugin" 127
"../../../Engine/Plugins/Experimental/InteractionInterface/InteractionInterface.uplugin" 128
"../../../Engine/Plugins/Experimental/LearningAgents/LearningAgents.uplugin" 129
"../../../Engine/Plugins/Experimental/ImpostorBaker/ImpostorBaker.uplugin" 130
"../../../Engine/Plugins/Experimental/LandscapePatch/LandscapePatch.uplugin" 131
"../../../Engine/Plugins/Experimental/LevelSequenceNavigatorBridge/LevelSequenceNavigatorBridge.uplugin" 132
"../../../Engine/Plugins/Experimental/LiveLinkFaceImporter/LiveLinkFaceImporter.uplugin" 133
"../../../Engine/Plugins/Experimental/LiveLinkControlRig/LiveLinkControlRig.uplugin" 134
"../../../Engine/Plugins/Experimental/LiveLinkOpenVR/LiveLinkOpenVR.uplugin" 135
"../../../Engine/Plugins/Experimental/LowLevelNetTrace/LowLevelNetTrace.uplugin" 136
"../../../Engine/Plugins/Experimental/LocalizableMessage/LocalizableMessage.uplugin" 137
"../../../Engine/Plugins/Experimental/MediaStream/MediaStream.uplugin" 138
"../../../Engine/Plugins/Experimental/MediaViewer/MediaViewer.uplugin" 139
"../../../Engine/Plugins/Experimental/MeshResizing/MeshResizing.uplugin" 140
"../../../Engine/Plugins/Experimental/MeshModelingToolsetExp/MeshModelingToolsetExp.uplugin" 141
"../../../Engine/Plugins/Experimental/MetasoundExperimental/MetasoundExperimental.uplugin" 142
"../../../Engine/Plugins/Experimental/MotorSimOutputMotoSynth/MotorSimOutputMotoSynth.uplugin" 143
"../../../Engine/Plugins/Experimental/MotoSynth/MotoSynth.uplugin" 144
"../../../Engine/Plugins/Experimental/MLflow/MLflow.uplugin" 145
"../../../Engine/Plugins/Experimental/MoverAnimNext/MoverAnimNext.uplugin" 146
"../../../Engine/Plugins/Experimental/Mover/Mover.uplugin" 147
"../../../Engine/Plugins/Experimental/MoverExamples/MoverExamples.uplugin" 148
"../../../Engine/Plugins/Experimental/MoverIntegrations/MoverIntegrations.uplugin" 149
"../../../Engine/Plugins/Experimental/MutablePopulation/MutablePopulation.uplugin" 150
"../../../Engine/Plugins/Experimental/MutableClothing/MutableClothing.uplugin" 151
"../../../Engine/Plugins/Experimental/MovieSceneAnimMixer/MovieSceneAnimMixer.uplugin" 152
"../../../Engine/Plugins/Experimental/MovieScenePoseSearchTracks/MovieScenePoseSearchTracks.uplugin" 153
"../../../Engine/Plugins/Experimental/MoverTests/MoverTests.uplugin" 154
"../../../Engine/Plugins/Experimental/NaniteDisplacedMesh/NaniteDisplacedMesh.uplugin" 155
"../../../Engine/Plugins/Experimental/NeuralRendering/NeuralRendering.uplugin" 156
"../../../Engine/Plugins/Experimental/NNERuntimeCoreML/NNERuntimeCoreML.uplugin" 157
"../../../Engine/Plugins/Experimental/NNERuntimeBasicCpu/NNERuntimeBasicCpu.uplugin" 158
"../../../Engine/Plugins/Experimental/NFORDenoise/NFORDenoise.uplugin" 159
"../../../Engine/Plugins/Experimental/NNERuntimeIREE/NNERuntimeIREE.uplugin" 160
"../../../Engine/Plugins/Experimental/OpenImageDenoise/OpenImageDenoise.uplugin" 161
"../../../Engine/Plugins/Experimental/NNERuntimeRDG/NNERuntimeRDG.uplugin" 162
"../../../Engine/Plugins/Experimental/PCGBiomeCore/PCGBiomeCore.uplugin" 163
"../../../Engine/Plugins/Experimental/OptiXDenoise/OptiXDenoise.uplugin" 164
"../../../Engine/Plugins/Experimental/PanoramicCapture/PanoramicCapture.uplugin" 165
"../../../Engine/Plugins/Experimental/PCGBiomeSample/PCGBiomeSample.uplugin" 166
"../../../Engine/Plugins/Experimental/PixelStreamingPlayer/PixelStreamingPlayer.uplugin" 167
"../../../Engine/Plugins/Experimental/PlainPropsUObject/PlainPropsUObject.uplugin" 168
"../../../Engine/Plugins/Experimental/PhysicsControl/PhysicsControl.uplugin" 169
"../../../Engine/Plugins/Experimental/PlanarCutPlugin/PlanarCut.uplugin" 170
"../../../Engine/Plugins/Experimental/PlainProps/PlainProps.uplugin" 171
"../../../Engine/Plugins/Experimental/PluginAudit/PluginAudit.uplugin" 172
"../../../Engine/Plugins/Experimental/PlatformCrypto/PlatformCrypto.uplugin" 173
"../../../Engine/Plugins/Experimental/PluginReferenceViewer/PluginReferenceViewer.uplugin" 174
"../../../Engine/Plugins/Experimental/PostProcessMaterialChainGraph/PostProcessMaterialChainGraph.uplugin" 175
"../../../Engine/Plugins/Experimental/PluginTemplateTool/PluginTemplateTool.uplugin" 176
"../../../Engine/Plugins/Experimental/PSDImporterMaterialDesignerBridge/PSDImporterMaterialDesignerBridge.uplugin" 177
"../../../Engine/Plugins/Experimental/PSDImporter/PSDImporter.uplugin" 178
"../../../Engine/Plugins/Experimental/PythonScriptPlugin/PythonScriptPlugin.uplugin" 179
"../../../Engine/Plugins/Experimental/QuicMessaging/QuicMessaging.uplugin" 180
"../../../Engine/Plugins/Experimental/PythonFoundationPackages/PythonFoundationPackages.uplugin" 181
"../../../Engine/Plugins/Experimental/RawInput/RawInput.uplugin" 182
"../../../Engine/Plugins/Experimental/RigLogicAnimNext/RigLogicAnimNext.uplugin" 183
"../../../Engine/Plugins/Experimental/RazerChromaDevices/RazerChromaDevices.uplugin" 184
"../../../Engine/Plugins/Experimental/RemoteControlComponents/RemoteControlComponents.uplugin" 185
"../../../Engine/Plugins/Experimental/RigLogicMutable/RigLogicMutable.uplugin" 186
"../../../Engine/Plugins/Experimental/RemoteSession/RemoteSession.uplugin" 187
"../../../Engine/Plugins/Experimental/RenderGrid/RenderGrid.uplugin" 188
"../../../Engine/Plugins/Experimental/RuntimeTelemetry/RuntimeTelemetry.uplugin" 189
"../../../Engine/Plugins/Experimental/ScreenReader/ScreenReader.uplugin" 190
"../../../Engine/Plugins/Experimental/SceneState/SceneState.uplugin" 191
"../../../Engine/Plugins/Experimental/SecuritySandbox/SecuritySandbox.uplugin" 192
"../../../Engine/Plugins/Experimental/SerializationUtils/SerializationUtils.uplugin" 193
"../../../Engine/Plugins/Experimental/SimpleHMD/SimpleHMD.uplugin" 194
"../../../Engine/Plugins/Experimental/SequenceNavigator/SequenceNavigator.uplugin" 195
"../../../Engine/Plugins/Experimental/SkeletalReduction/SkeletalReduction.uplugin" 196
"../../../Engine/Plugins/Experimental/Shotgrid/Shotgrid.uplugin" 197
"../../../Engine/Plugins/Experimental/SlateIM/SlateIM.uplugin" 198
"../../../Engine/Plugins/Experimental/SlateScreenReader/SlateScreenReader.uplugin" 199
"../../../Engine/Plugins/Experimental/SpatialReadiness/SpatialReadiness.uplugin" 200
"../../../Engine/Plugins/Experimental/StructUtils/StructUtils.uplugin" 201
"../../../Engine/Plugins/Experimental/StateGraph/StateGraph.uplugin" 202
"../../../Engine/Plugins/Experimental/SurfaceEffects/SurfaceEffects.uplugin" 203
"../../../Engine/Plugins/Experimental/SubmitToolEditor/SubmitToolEditor.uplugin" 204
"../../../Engine/Plugins/Experimental/TetMeshing/TetMeshing.uplugin" 205
"../../../Engine/Plugins/Experimental/TechAudioTools/TechAudioTools.uplugin" 206
"../../../Engine/Plugins/Experimental/SVGImporter/SVGImporter.uplugin" 207
"../../../Engine/Plugins/Experimental/SubtitlesAndClosedCaptions/SubtitlesAndClosedCaptions.uplugin" 208
"../../../Engine/Plugins/Experimental/Text3D/Text3D.uplugin" 209
"../../../Engine/Plugins/Experimental/TextToSpeech/TextToSpeech.uplugin" 210
"../../../Engine/Plugins/Experimental/TargetDeviceServicesScripting/TargetDeviceServicesScripting.uplugin" 211
"../../../Engine/Plugins/Experimental/ToolPresets/ToolPresets.uplugin" 212
"../../../Engine/Plugins/Experimental/Tensorboard/Tensorboard.uplugin" 213
"../../../Engine/Plugins/Experimental/UserToolBoxCore/UserToolBoxCore.uplugin" 214
"../../../Engine/Plugins/Experimental/UIFramework/UIFramework.uplugin" 215
"../../../Engine/Plugins/Experimental/VirtualHeightfieldMesh/VirtualHeightfieldMesh.uplugin" 216
"../../../Engine/Plugins/Experimental/UserToolBoxBasicCommand/UserToolBoxBasicCommand.uplugin" 217
"../../../Engine/Plugins/Experimental/TextureMediaPlayer/TextureMediaPlayer.uplugin" 218
"../../../Engine/Plugins/Experimental/SlateModelViewViewModel/SlateModelViewViewModel.uplugin" 219
"../../../Engine/Plugins/Experimental/VirtualProductionUtilities/VirtualProductionUtilities.uplugin" 220
"../../../Engine/Plugins/Experimental/WaterAdvanced/WaterAdvanced.uplugin" 221
"../../../Engine/Plugins/Experimental/WaveFunctionCollapse/WaveFunctionCollapse.uplugin" 222
"../../../Engine/Plugins/Experimental/Volumetrics/Volumetrics.uplugin" 223
"../../../Engine/Plugins/Experimental/WebSocketNetworking/WebSocketNetworking.uplugin" 224
"../../../Engine/Plugins/Experimental/WaterExtras/WaterExtras.uplugin" 225
"../../../Engine/Plugins/Experimental/WidgetEditorToolPalette/WidgetEditorToolPalette.uplugin" 226
"../../../Engine/Plugins/Experimental/Workspace/Workspace.uplugin" 227
"../../../Engine/Plugins/Experimental/Water/Water.uplugin" 228
"../../../Engine/Plugins/Experimental/WebSocketMessaging/WebSocketMessaging.uplugin" 229
"../../../Engine/Plugins/MetaHuman/MetaHumanCharacter/MetaHumanCharacter.uplugin" 230
"../../../Engine/Plugins/MetaHuman/MetaHumanAnimator/MetaHuman.uplugin" 231
"../../../Engine/Plugins/MetaHuman/MetaHumanCalibrationProcessing/MetaHumanCalibrationProcessing.uplugin" 232
"../../../Engine/Plugins/MetaHuman/MetaHumanLiveLink/MetaHumanLiveLink.uplugin" 233
"../../../Engine/Plugins/MetaHuman/MetaHumanCoreTechLib/MetaHumanCoreTech.uplugin" 234
"../../../Engine/Plugins/Experimental/XRCreativeFramework/XRCreativeFramework.uplugin" 235
"../../../Engine/Plugins/NNE/NNERuntimeORT/NNERuntimeORT.uplugin" 236
"../../../Engine/Plugins/MetaHuman/MetaHumanSDK/MetaHumanSDK.uplugin" 237
"../../../Engine/Plugins/Performance/AutomatedPerfTesting/AutomatedPerfTesting.uplugin" 238
"../../../Engine/Plugins/Performance/PerformanceMonitor/PerformanceMonitor.uplugin" 239
"../../../Engine/Plugins/Runtime/ADM/ADM.uplugin" 240
"../../../Engine/Plugins/NNE/NNEDenoiser/NNEDenoiser.uplugin" 241
"../../../Engine/Plugins/Runtime/ActorLayerUtilities/ActorLayerUtilities.uplugin" 242
"../../../Engine/Plugins/Runtime/AndroidPermission/AndroidPermission.uplugin" 243
"../../../Engine/Plugins/Runtime/AndroidDeviceProfileSelector/AndroidDeviceProfileSelector.uplugin" 244
"../../../Engine/Plugins/Runtime/AndroidFileServer/AndroidFileServer.uplugin" 245
"../../../Engine/Plugins/Runtime/AndroidBackgroundService/AndroidBackgroundService.uplugin" 246
"../../../Engine/Plugins/Runtime/AppleMoviePlayer/AppleMoviePlayer.uplugin" 247
"../../../Engine/Plugins/Runtime/AnimationBudgetAllocator/AnimationBudgetAllocator.uplugin" 248
"../../../Engine/Plugins/Runtime/AppleImageUtils/AppleImageUtils.uplugin" 249
"../../../Engine/Plugins/Runtime/ArchVisCharacter/ArchVisCharacter.uplugin" 250
"../../../Engine/Plugins/Runtime/AssetTags/AssetTags.uplugin" 251
"../../../Engine/Plugins/Runtime/AndroidMoviePlayer/AndroidMoviePlayer.uplugin" 252
"../../../Engine/Plugins/Runtime/AudioCapture/AudioCapture.uplugin" 253
"../../../Engine/Plugins/Runtime/AudioMotorSim/AudioMotorSim.uplugin" 254
"../../../Engine/Plugins/Runtime/AudioSynesthesia/AudioSynesthesia.uplugin" 255
"../../../Engine/Plugins/Runtime/ApexDestruction/ApexDestruction.uplugin" 256
"../../../Engine/Plugins/Runtime/ChunkDownloader/ChunkDownloader.uplugin" 257
"../../../Engine/Plugins/Runtime/AudioWidgets/AudioWidgets.uplugin" 258
"../../../Engine/Plugins/Runtime/CommonUI/CommonUI.uplugin" 259
"../../../Engine/Plugins/Runtime/ComputeFramework/ComputeFramework.uplugin" 260
"../../../Engine/Plugins/Runtime/CustomMeshComponent/CustomMeshComponent.uplugin" 261
"../../../Engine/Plugins/Runtime/GameFeatures/GameFeatures.uplugin" 262
"../../../Engine/Plugins/Runtime/Firebase/Firebase.uplugin" 263
"../../../Engine/Plugins/Runtime/DataRegistry/DataRegistry.uplugin" 264
"../../../Engine/Plugins/Runtime/ExampleDeviceProfileSelector/ExampleDeviceProfileSelector.uplugin" 265
"../../../Engine/Plugins/Runtime/GameplayBehaviorSmartObjects/GameplayBehaviorSmartObjects.uplugin" 266
"../../../Engine/Plugins/Runtime/GameplayAbilities/GameplayAbilities.uplugin" 267
"../../../Engine/Plugins/Runtime/GameplayInteractions/GameplayInteractions.uplugin" 268
"../../../Engine/Plugins/Runtime/GameplayStateTree/GameplayStateTree.uplugin" 269
"../../../Engine/Plugins/Runtime/AudioModulation/AudioModulation.uplugin" 270
"../../../Engine/Plugins/Runtime/CableComponent/CableComponent.uplugin" 271
"../../../Engine/Plugins/Runtime/GameInput/GameInput.uplugin" 272
"../../../Engine/Plugins/Runtime/GeometryCache/GeometryCache.uplugin" 273
"../../../Engine/Plugins/Runtime/GeometryProcessing/GeometryProcessing.uplugin" 274
"../../../Engine/Plugins/Runtime/GeometryScripting/GeometryScripting.uplugin" 275
"../../../Engine/Plugins/Runtime/GoogleCloudMessaging/GoogleCloudMessaging.uplugin" 276
"../../../Engine/Plugins/Runtime/GeoReferencing/GeoReferencing.uplugin" 277
"../../../Engine/Plugins/Runtime/GooglePAD/GooglePAD.uplugin" 278
"../../../Engine/Plugins/Runtime/Harmonix/Harmonix.uplugin" 279
"../../../Engine/Plugins/Runtime/HPMotionController/HPMotionController.uplugin" 280
"../../../Engine/Plugins/Runtime/HairStrands/HairStrands.uplugin" 281
"../../../Engine/Plugins/Runtime/HTTPChunkInstaller/HTTPChunkInstaller.uplugin" 282
"../../../Engine/Plugins/Runtime/InputDebugging/InputDebugging.uplugin" 283
"../../../Engine/Plugins/Runtime/IOSReplayKit/IOSReplayKit.uplugin" 284
"../../../Engine/Plugins/Runtime/InstancedActors/InstancedActors.uplugin" 285
"../../../Engine/Plugins/Runtime/IOSDeviceProfileSelector/IOSDeviceProfileSelector.uplugin" 286
"../../../Engine/Plugins/Runtime/HDRIBackdrop/HDRIBackdrop.uplugin" 287
"../../../Engine/Plugins/Runtime/LinuxDeviceProfileSelector/LinuxDeviceProfileSelector.uplugin" 288
"../../../Engine/Plugins/Runtime/LocationServicesAndroidImpl/LocationServicesAndroidImpl.uplugin" 289
"../../../Engine/Plugins/Runtime/LiveLinkOvernDisplay/LiveLinkOverNDisplay.uplugin" 290
"../../../Engine/Plugins/Runtime/MassEntity/MassEntity.uplugin" 291
"../../../Engine/Plugins/Runtime/MicrosoftSpatialAudio/MicroSoftSpatialSound.uplugin" 292
"../../../Engine/Plugins/Runtime/MassGameplay/MassGameplay.uplugin" 293
"../../../Engine/Plugins/Runtime/LevelStreamingPersistence/LevelStreamingPersistence.uplugin" 294
"../../../Engine/Plugins/Runtime/MIDIDevice/MIDIDevice.uplugin" 295
"../../../Engine/Plugins/Runtime/Metasound/Metasound.uplugin" 296
"../../../Engine/Plugins/Runtime/MixedRealityCaptureFramework/MixedRealityCaptureFramework.uplugin" 297
"../../../Engine/Plugins/Runtime/MsQuic/MsQuic.uplugin" 298
"../../../Engine/Plugins/Runtime/MobilePatchingUtils/MobilePatchingUtils.uplugin" 299
"../../../Engine/Plugins/Runtime/MobileFSR/MobileFSR.uplugin" 300
"../../../Engine/Plugins/Runtime/ModularGameplay/ModularGameplay.uplugin" 301
"../../../Engine/Plugins/Runtime/ModelViewViewModel/ModelViewViewModel.uplugin" 302
"../../../Engine/Plugins/Runtime/MultiServerReplication/MultiServerReplication.uplugin" 303
"../../../Engine/Plugins/Runtime/LocationServicesIOSImpl/LocationServicesIOSImpl.uplugin" 304
"../../../Engine/Plugins/Runtime/NavCorridor/NavCorridor.uplugin" 305
"../../../Engine/Plugins/Runtime/nDisplay/nDisplay.uplugin" 306
"../../../Engine/Plugins/Runtime/NetworkPredictionInsights/NetworkPredictionInsights.uplugin" 307
"../../../Engine/Plugins/Runtime/NetworkPrediction/NetworkPrediction.uplugin" 308
"../../../Engine/Plugins/Runtime/NetworkPredictionExtras/NetworkPredictionExtras.uplugin" 309
"../../../Engine/Plugins/Runtime/nDisplayModularFeatures/nDisplayModularFeatures.uplugin" 310
"../../../Engine/Plugins/Runtime/OpenCV/OpenCV.uplugin" 311
"../../../Engine/Plugins/Runtime/OpenXRMsftHandInteraction/OpenXRMsftHandInteraction.uplugin" 312
"../../../Engine/Plugins/Runtime/OpenXREyeTracker/OpenXREyeTracker.uplugin" 313
"../../../Engine/Plugins/Runtime/OpenXRHandTracking/OpenXRHandTracking.uplugin" 314
"../../../Engine/Plugins/Runtime/OpenXR/OpenXR.uplugin" 315
"../../../Engine/Plugins/Runtime/OpenXRViveTracker/OpenXRViveTracker.uplugin" 316
"../../../Engine/Plugins/Runtime/OSC/OSC.uplugin" 317
"../../../Engine/Plugins/Runtime/OptionalMobileFeaturesBPLibrary/OptionalMobileFeaturesBPLibrary.uplugin" 318
"../../../Engine/Plugins/Runtime/PropertyAccess/PropertyAccessEditor.uplugin" 319
"../../../Engine/Plugins/Runtime/ReplicationGraph/ReplicationGraph.uplugin" 320
"../../../Engine/Plugins/Runtime/ReplicationSystemTestPlugin/ReplicationSystemTestPlugin.uplugin" 321
"../../../Engine/Plugins/Runtime/PropertyBindingUtils/PropertyBindingUtils.uplugin" 322
"../../../Engine/Plugins/Runtime/ResonanceAudio/ResonanceAudio.uplugin" 323
"../../../Engine/Plugins/Runtime/RenderTrace/RenderTrace.uplugin" 324
"../../../Engine/Plugins/Runtime/PreLoadScreenMoviePlayer/PreLoadScreenMoviePlayer.uplugin" 325
"../../../Engine/Plugins/Runtime/ProceduralMeshComponent/ProceduralMeshComponent.uplugin" 326
"../../../Engine/Plugins/Runtime/ScriptableToolsFramework/ScriptableToolsFramework.uplugin" 327
"../../../Engine/Plugins/Runtime/SignificanceManager/SignificanceManager.uplugin" 328
"../../../Engine/Plugins/Runtime/SmartObjects/SmartObjects.uplugin" 329
"../../../Engine/Plugins/Runtime/RigVM/RigVM.uplugin" 330
"../../../Engine/Plugins/Runtime/SoundCueTemplates/SoundCueTemplates.uplugin" 331
"../../../Engine/Plugins/Runtime/SkeletalMerging/SkeletalMerging.uplugin" 332
"../../../Engine/Plugins/Runtime/Soundscape/Soundscape.uplugin" 333
"../../../Engine/Plugins/Runtime/SoundMod/SoundMod.uplugin" 334
"../../../Engine/Plugins/Runtime/Spatialization/Spatialization.uplugin" 335
"../../../Engine/Plugins/Runtime/SunPosition/SunPosition.uplugin" 336
"../../../Engine/Plugins/Runtime/StateTree/StateTree.uplugin" 337
"../../../Engine/Plugins/Runtime/Synthesis/Synthesis.uplugin" 338
"../../../Engine/Plugins/Runtime/WebMMoviePlayer/WebMMoviePlayer.uplugin" 339
"../../../Engine/Plugins/Runtime/USDCore/USDCore.uplugin" 340
"../../../Engine/Plugins/Runtime/WebBrowserNativeProxy/WebBrowserNativeProxy.uplugin" 341
"../../../Engine/Plugins/Runtime/WaveTable/WaveTable.uplugin" 342
"../../../Engine/Plugins/Runtime/LocationServicesBPLibrary/LocationServicesBPLibrary.uplugin" 343
"../../../Engine/Plugins/Runtime/WindowsMoviePlayer/WindowsMoviePlayer.uplugin" 344
"../../../Engine/Plugins/Runtime/WorldConditions/WorldConditions.uplugin" 345
"../../../Engine/Plugins/Runtime/WarpUtils/WarpUtils.uplugin" 346
"../../../Engine/Plugins/Runtime/XRBase/XRBase.uplugin" 347
"../../../Engine/Plugins/Runtime/ZoneGraphAnnotations/ZoneGraphAnnotations.uplugin" 348
"../../../Engine/Plugins/Runtime/ZoneGraph/ZoneGraph.uplugin" 349
"../../../Engine/Plugins/Runtime/MeshModelingToolset/MeshModelingToolset.uplugin" 350
"../../../Engine/Plugins/Animation/ACLPlugin/ACLPlugin.uplugin" 351
"../../../Engine/Plugins/Animation/AnimationWarping/AnimationWarping.uplugin" 352
"../../../Engine/Plugins/Animation/BlendStack/BlendStack.uplugin" 353
"../../../Engine/Plugins/Runtime/WebBrowserWidget/WebBrowserWidget.uplugin" 354
"../../../Engine/Plugins/Runtime/SoundUtilities/SoundUtilities.uplugin" 355
"../../../Engine/Plugins/Animation/AnimatorKit/AnimatorKit.uplugin" 356
"../../../Engine/Plugins/Runtime/WindowsDeviceProfileSelector/WindowsDeviceProfileSelector.uplugin" 357
"../../../Engine/Plugins/Animation/ControlRig/ControlRig.uplugin" 358
"../../../Engine/Plugins/Animation/AnimationData/AnimationData.uplugin" 359
"../../../Engine/Plugins/Animation/BlendSpaceMotionAnalysis/BlendSpaceMotionAnalysis.uplugin" 360
"../../../Engine/Plugins/Animation/DNACalib/DNACalib.uplugin" 361
"../../../Engine/Plugins/Animation/ControlRigSpline/ControlRigSpline.uplugin" 362
"../../../Engine/Plugins/Animation/DeformerGraph/DeformerGraph.uplugin" 363
"../../../Engine/Plugins/Animation/GameplayInsights/GameplayInsights.uplugin" 364
"../../../Engine/Plugins/Animation/GeneSplicer/GeneSplicer.uplugin" 365
"../../../Engine/Plugins/Animation/ControlRigModules/ControlRigModules.uplugin" 366
"../../../Engine/Plugins/Animation/IKRig/IKRig.uplugin" 367
"../../../Engine/Plugins/Animation/LiveLinkDevice/LiveLinkDevice.uplugin" 368
"../../../Engine/Plugins/Animation/LiveLinkHub/LiveLinkHub.uplugin" 369
"../../../Engine/Plugins/Animation/LiveLinkCurveDebugUI/LiveLinkCurveDebugUI.uplugin" 370
"../../../Engine/Plugins/Animation/PoseSearch/PoseSearch.uplugin" 371
"../../../Engine/Plugins/Animation/PerformanceCaptureCore/PerformanceCaptureCore.uplugin" 372
"../../../Engine/Plugins/Animation/RigLogic/RigLogic.uplugin" 373
"../../../Engine/Plugins/Animation/TweeningUtils/TweeningUtils.uplugin" 374
"../../../Engine/Plugins/Animation/SkeletalMeshModelingTools/SkeletalMeshModelingTools.uplugin" 375
"../../../Engine/Plugins/Animation/LiveLink/LiveLink.uplugin" 376
"../../../Engine/Plugins/Developer/AnimationSharing/AnimationSharing.uplugin" 377
"../../../Engine/Plugins/Developer/CLionSourceCodeAccess/CLionSourceCodeAccess.uplugin" 378
"../../../Engine/Plugins/Animation/MotionWarping/MotionWarping.uplugin" 379
"../../../Engine/Plugins/Developer/BlankPlugin/BlankPlugin.uplugin" 380
"../../../Engine/Plugins/Developer/DirectoryPlaceholder/DirectoryPlaceholder.uplugin" 381
"../../../Engine/Plugins/Developer/CodeLiteSourceCodeAccess/CodeLiteSourceCodeAccess.uplugin" 382
"../../../Engine/Plugins/Developer/DumpGPUServices/DumpGPUServices.uplugin" 383
"../../../Engine/Plugins/Developer/FieldNotificationTrace/FieldNotificationTrace.uplugin" 384
"../../../Engine/Plugins/Animation/AnimationModifierLibrary/AnimationModifierLibrary.uplugin" 385
"../../../Engine/Plugins/Animation/LiveLinkExampleDevice/LiveLinkExampleDevice.uplugin" 386
"../../../Engine/Plugins/Developer/GitSourceControl/GitSourceControl.uplugin" 387
"../../../Engine/Plugins/Developer/N10XSourceCodeAccess/N10XSourceCodeAccess.uplugin" 388
"../../../Engine/Plugins/Developer/NamingTokens/NamingTokens.uplugin" 389
"../../../Engine/Plugins/Developer/KDevelopSourceCodeAccess/KDevelopSourceCodeAccess.uplugin" 390
"../../../Engine/Plugins/Developer/PerforceSourceControl/PerforceSourceControl.uplugin" 391
"../../../Engine/Plugins/Developer/PixWinPlugin/PixWinPlugin.uplugin" 392
"../../../Engine/Plugins/Developer/PlasticSourceControl/PlasticSourceControl.uplugin" 393
"../../../Engine/Plugins/Animation/AnimationLocomotionLibrary/AnimationLocomotionLibrary.uplugin" 394
"../../../Engine/Plugins/Developer/PluginUtils/PluginUtils.uplugin" 395
"../../../Engine/Plugins/Developer/ProjectLauncher/ProjectLauncher.uplugin" 396
"../../../Engine/Plugins/Developer/PropertyAccessNode/PropertyAccessNode.uplugin" 397
"../../../Engine/Plugins/Developer/SubversionSourceControl/SubversionSourceControl.uplugin" 398
"../../../Engine/Plugins/Developer/RenderDocPlugin/RenderDocPlugin.uplugin" 399
"../../../Engine/Plugins/Developer/RiderSourceCodeAccess/RiderSourceCodeAccess.uplugin" 400
"../../../Engine/Plugins/Developer/TraceSourceFiltering/TraceSourceFilters.uplugin" 401
"../../../Engine/Plugins/Developer/TextureFormatOodle/TextureFormatOodle.uplugin" 402
"../../../Engine/Plugins/Developer/VisualStudioCodeSourceCodeAccess/VisualStudioCodeSourceCodeAccess.uplugin" 403
"../../../Engine/Plugins/Developer/UObjectPlugin/UObjectPlugin.uplugin" 404
"../../../Engine/Plugins/Developer/TraceDataFiltering/TraceDataFilters.uplugin" 405
"../../../Engine/Plugins/Developer/VisualStudioSourceCodeAccess/VisualStudioSourceCodeAccess.uplugin" 406
"../../../Engine/Plugins/Messaging/TcpMessaging/TcpMessaging.uplugin" 407
"../../../Engine/Plugins/Interchange/Editor/InterchangeEditor.uplugin" 408
"../../../Engine/Plugins/Messaging/UdpMessaging/UdpMessaging.uplugin" 409
"../../../Engine/Plugins/NetcodeUnitTest/NUTUnrealEngine/NUTUnrealEngine.uplugin" 410
"../../../Engine/Plugins/NetcodeUnitTest/NetcodeUnitTest/NetcodeUnitTest.uplugin" 411
"../../../Engine/Plugins/PCGInterops/PCGExternalDataInterop/PCGExternalDataInterop.uplugin" 412
"../../../Engine/Plugins/Interchange/Runtime/Interchange.uplugin" 413
"../../../Engine/Plugins/FX/Cascade/Cascade.uplugin" 414
"../../../Engine/Plugins/Interchange/Assets/InterchangeAssets.uplugin" 415
"../../../Engine/Plugins/Messaging/MessagingDebugger/MessagingDebugger.uplugin" 416
"../../../Engine/Plugins/Developer/XCodeSourceCodeAccess/XCodeSourceCodeAccess.uplugin" 417
"../../../Engine/Plugins/FX/CascadeToNiagaraConverter/CascadeToNiagaraConverter.uplugin" 418
"../../../Engine/Plugins/Runtime/SoundFields/SoundFields.uplugin" 419
"../../../Engine/Plugins/PCGInterops/PCGGeometryScriptInterop/PCGGeometryScriptInterop.uplugin" 420
"../../../Engine/Plugins/Slate/SlateInsights/SlateInsights.uplugin" 421
"../../../Engine/Plugins/Developer/OneSkyLocalizationService/OneSkyLocalizationService.uplugin" 422
"../../../Engine/Plugins/Slate/SlateScripting/SlateScripting.uplugin" 423
"../../../Engine/Plugins/Runtime/MusicEnvironment/MusicEnvironment.uplugin" 424
"../../../Engine/Plugins/FX/ExampleCustomDataInterface/ExampleCustomDataInterface.uplugin" 425
"../../../Engine/Plugins/FX/NiagaraFluids/NiagaraFluids.uplugin" 426
"../../../Engine/Plugins/Portal/LauncherChunkInstaller/LauncherChunkInstaller.uplugin" 427
"../../../Engine/Plugins/FX/Niagara/Niagara.uplugin" 428
"../../../Engine/Plugins/VirtualProduction/ActorModifierCore/ActorModifierCore.uplugin" 429
"../../../Engine/Plugins/VirtualProduction/ActorModifier/ActorModifier.uplugin" 430
"../../../Engine/Plugins/VirtualProduction/Avalanche/Avalanche.uplugin" 431
"../../../Engine/Plugins/VirtualProduction/CameraCalibration/CameraCalibration.uplugin" 432
"../../../Engine/Plugins/FX/NiagaraMRQ/NiagaraMRQ.uplugin" 433
"../../../Engine/Plugins/VirtualProduction/CameraCalibrationCore/CameraCalibrationCore.uplugin" 434
"../../../Engine/Plugins/VirtualProduction/CaptureData/CaptureData.uplugin" 435
"../../../Engine/Plugins/VirtualProduction/CameraCalibrationML/CameraCalibrationML.uplugin" 436
"../../../Engine/Plugins/VirtualProduction/ClonerEffector/ClonerEffector.uplugin" 437
"../../../Engine/Plugins/VirtualProduction/CinematicAssemblyTools/CinematicAssemblyTools.uplugin" 438
"../../../Engine/Plugins/VirtualProduction/CompositePlane/CompositePlane.uplugin" 439
"../../../Engine/Plugins/VirtualProduction/EpicStageApp/EpicStageApp.uplugin" 440
"../../../Engine/Plugins/VirtualProduction/CustomDetailsView/CustomDetailsView.uplugin" 441
"../../../Engine/Plugins/VirtualProduction/GeometryMask/GeometryMask.uplugin" 442
"../../../Engine/Plugins/VirtualProduction/LensComponent/LensComponent.uplugin" 443
"../../../Engine/Plugins/VirtualProduction/DynamicMaterial/DynamicMaterial.uplugin" 444
"../../../Engine/Plugins/VirtualProduction/LiveLinkCamera/LiveLinkCamera.uplugin" 445
"../../../Engine/Plugins/VirtualProduction/LevelSnapshots/LevelSnapshots.uplugin" 446
"../../../Engine/Plugins/VirtualProduction/LiveLinkLens/LiveLinkLens.uplugin" 447
"../../../Engine/Plugins/VirtualProduction/LiveLinkInputDevice/LiveLinkInputDevice.uplugin" 448
"../../../Engine/Plugins/VirtualProduction/ICVFXTesting/ICVFXTesting.uplugin" 449
"../../../Engine/Plugins/VirtualProduction/ICVFX/ICVFX.uplugin" 450
"../../../Engine/Plugins/VirtualProduction/LiveLinkMasterLockit/LiveLinkMasterLockit.uplugin" 451
"../../../Engine/Plugins/VirtualProduction/DataCharts/DataCharts.uplugin" 452
"../../../Engine/Plugins/VirtualProduction/LiveLinkOpenTrackIO/LiveLinkOpenTrackIO.uplugin" 453
"../../../Engine/Plugins/FX/NiagaraSimCaching/NiagaraSimCaching.uplugin" 454
"../../../Engine/Plugins/VirtualProduction/OperatorStack/OperatorStack.uplugin" 455
"../../../Engine/Plugins/VirtualProduction/LiveLinkXR/LiveLinkXR.uplugin" 456
"../../../Engine/Plugins/VirtualProduction/PerformanceCaptureWorkflow/PerformanceCaptureWorkflow.uplugin" 457
"../../../Engine/Plugins/VirtualProduction/RemoteControlInterception/RemoteControlInterception.uplugin" 458
"../../../Engine/Plugins/VirtualProduction/LiveLinkPrestonMDR/LiveLinkPrestonMDR.uplugin" 459
"../../../Engine/Plugins/VirtualProduction/LiveLinkFreeD/LiveLinkFreeD.uplugin" 460
"../../../Engine/Plugins/VirtualProduction/LiveLinkVRPN/LiveLinkVRPN.uplugin" 461
"../../../Engine/Plugins/VirtualProduction/PropertyAnimator/PropertyAnimator.uplugin" 462
"../../../Engine/Plugins/VirtualProduction/RemoteControlProtocolDMX/RemoteControlProtocolDMX.uplugin" 463
"../../../Engine/Plugins/VirtualProduction/RemoteControlProtocolMIDI/RemoteControlProtocolMIDI.uplugin" 464
"../../../Engine/Plugins/VirtualProduction/RemoteControlProtocolOSC/RemoteControlProtocolOSC.uplugin" 465
"../../../Engine/Plugins/VirtualProduction/RemoteControlWebInterface/RemoteControlWebInterface.uplugin" 466
"../../../Engine/Plugins/VirtualProduction/StormSync/StormSync.uplugin" 467
"../../../Engine/Plugins/VirtualProduction/StormSyncAvalancheBridge/StormSyncAvalancheBridge.uplugin" 468
"../../../Engine/Plugins/VirtualProduction/SequencerPlaylists/SequencerPlaylists.uplugin" 469
"../../../Engine/Plugins/VirtualProduction/Takes/Takes.uplugin" 470
"../../../Engine/Plugins/VirtualProduction/Switchboard/Switchboard.uplugin" 471
"../../../Engine/Plugins/VirtualProduction/VirtualCamera/VirtualCamera.uplugin" 472
"../../../Engine/Plugins/Developer/NullSourceCodeAccess/NullSourceCodeAccess.uplugin" 473
"../../../Engine/Plugins/VirtualProduction/VirtualScouting/VirtualScouting.uplugin" 474
"../../../Engine/Plugins/VirtualProduction/MultiUserTakes/MultiUserTakes.uplugin" 475
"../../../Engine/Plugins/2D/Paper2D/Paper2D.uplugin" 476
"../../../Engine/Plugins/Compositing/Composure/Composure.uplugin" 477
"../../../Engine/Plugins/VirtualProduction/StageMonitoring/StageMonitoring.uplugin" 478
"../../../Engine/Plugins/Compositing/OpenColorIO/OpenColorIO.uplugin" 479
"../../../Engine/Plugins/VirtualProduction/TextureShare/TextureShare.uplugin" 480
"../../../Engine/Plugins/Compositing/LensDistortion/LensDistortion.uplugin" 481
"../../../Engine/Plugins/VirtualProduction/VirtualCameraCore/VirtualCameraCore.uplugin" 482
"../../../Engine/Plugins/Compositing/OpenCVLensDistortion/OpenCVLensDistortion.uplugin" 483
"../../../Engine/Plugins/Editor/AssetManagerEditor/AssetManagerEditor.uplugin" 484
"../../../Engine/Plugins/Editor/AssetRegistryExport/AssetRegistryExport.uplugin" 485
"../../../Engine/Plugins/Editor/AssetSearch/AssetSearch.uplugin" 486
"../../../Engine/Plugins/Editor/BlueprintMaterialTextureNodes/BlueprintMaterialTextureNodes.uplugin" 487
"../../../Engine/Plugins/Editor/BlueprintHeaderView/BlueprintHeaderView.uplugin" 488
"../../../Engine/Plugins/Developer/XcodeGPUDebuggerPlugin/XcodeGPUDebuggerPlugin.uplugin" 489
"../../../Engine/Plugins/VirtualProduction/RemoteControl/RemoteControl.uplugin" 490
"../../../Engine/Plugins/Editor/CryptoKeys/CryptoKeys.uplugin" 491
"../../../Engine/Plugins/VirtualProduction/TimedDataMonitor/TimedDataMonitor.uplugin" 492
"../../../Engine/Plugins/Editor/DisplayClusterLaunch/DisplayClusterLaunch.uplugin" 493
"../../../Engine/Plugins/Editor/CurveEditorTools/CurveEditorTools.uplugin" 494
"../../../Engine/Plugins/Editor/ConsoleVariablesEditor/ConsoleVariables.uplugin" 495
"../../../Engine/Plugins/Editor/EditorScriptingUtilities/EditorScriptingUtilities.uplugin" 496
"../../../Engine/Plugins/Editor/EditorSysConfigAssistant/EditorSysConfigAssistant.uplugin" 497
"../../../Engine/Plugins/Editor/EditorDebugTools/EditorDebugTools.uplugin" 498
"../../../Engine/Plugins/Editor/MacGraphicsSwitching/MacGraphicsSwitching.uplugin" 499
"../../../Engine/Plugins/Editor/MeshLODToolset/MeshLODToolset.uplugin" 500
"../../../Engine/Plugins/Editor/AssetReferenceRestrictions/AssetReferenceRestrictions.uplugin" 501
"../../../Engine/Plugins/VirtualProduction/PropertyAnimatorCore/PropertyAnimatorCore.uplugin" 502
"../../../Engine/Plugins/Editor/ModelViewViewModelPreview/ModelViewViewModelPreview.uplugin" 503
"../../../Engine/Plugins/Editor/FacialAnimation/FacialAnimation.uplugin" 504
"../../../Engine/Plugins/Editor/MobileLauncherProfileWizard/MobileLauncherProfileWizard.uplugin" 505
"../../../Engine/Plugins/Editor/GeometryMode/GeometryMode.uplugin" 506
"../../../Engine/Plugins/Editor/EngineAssetDefinitions/EngineAssetDefinitions.uplugin" 507
"../../../Engine/Plugins/Editor/ModelingToolsEditorMode/ModelingToolsEditorMode.uplugin" 508
"../../../Engine/Plugins/Editor/LiveUpdateForSlate/LiveUpdateForSlate.uplugin" 509
"../../../Engine/Plugins/Editor/GameplayTagsEditor/GameplayTagsEditor.uplugin" 510
"../../../Engine/Plugins/Editor/SampleToolsEditorMode/SampleToolsEditorMode.uplugin" 511
"../../../Engine/Plugins/Editor/GuidedTutorials/GuidedTutorials.uplugin" 512
"../../../Engine/Plugins/Editor/PluginBrowser/PluginBrowser.uplugin" 513
"../../../Engine/Plugins/Editor/MaterialAnalyzer/MaterialAnalyzer.uplugin" 514
"../../../Engine/Plugins/Editor/ProxyLODPlugin/ProxyLODPlugin.uplugin" 515
"../../../Engine/Plugins/Editor/ScriptableToolsEditorMode/ScriptableToolsEditorMode.uplugin" 516
"../../../Engine/Plugins/Editor/SequencerAnimTools/SequencerAnimTools.uplugin" 517
"../../../Engine/Plugins/Editor/StylusInput/StylusInput.uplugin" 518
"../../../Engine/Plugins/Editor/StaticMeshEditorModeling/StaticMeshEditorModeling.uplugin" 519
"../../../Engine/Plugins/Editor/UVEditor/UVEditor.uplugin" 520
"../../../Engine/Plugins/Editor/SpeedTreeImporter/SpeedTreeImporter.uplugin" 521
"../../../Engine/Plugins/Editor/WorldPartitionHLODUtilities/WorldPartitionHLODUtilities.uplugin" 522
"../../../Engine/Plugins/Editor/WaveformEditor/WaveformEditor.uplugin" 523
"../../../Engine/Plugins/Editor/ColorGrading/ColorGrading.uplugin" 524
"../../../Engine/Plugins/Enterprise/DataprepEditor/DataprepEditor.uplugin" 525
"../../../Engine/Plugins/Enterprise/DatasmithContent/DatasmithContent.uplugin" 526
"../../../Engine/Plugins/Enterprise/DatasmithCADImporter/DatasmithCADImporter.uplugin" 527
"../../../Engine/Plugins/Enterprise/DatasmithFBXImporter/DatasmithFBXImporter.uplugin" 528
"../../../Engine/Plugins/Enterprise/DatasmithC4DImporter/DatasmithC4DImporter.uplugin" 529
"../../../Engine/Plugins/Enterprise/GLTFExporter/GLTFExporter.uplugin" 530
"../../../Engine/Plugins/Enterprise/AxFImporter/AxFImporter.uplugin" 531
"../../../Engine/Plugins/Enterprise/DatasmithImporter/DatasmithImporter.uplugin" 532
"../../../Engine/Plugins/Editor/ChangelistReview/ChangelistReview.uplugin" 533
"../../../Engine/Plugins/Editor/MakeCookedEditorAsDLC/MakeCookedEditorAsDLC.uplugin" 534
"../../../Engine/Plugins/Enterprise/LidarPointCloud/LidarPointCloud.uplugin" 535
"../../../Engine/Plugins/Enterprise/VariantManagerContent/VariantManagerContent.uplugin" 536
"../../../Engine/Plugins/Importers/AlembicHairImporter/AlembicHairImporter.uplugin" 537
"../../../Engine/Plugins/Enterprise/VariantManager/VariantManager.uplugin" 538
"../../../Engine/Plugins/Importers/AlembicImporter/AlembicImporter.uplugin" 539
"../../../Engine/Plugins/Enterprise/MDLImporter/MDLImporter.uplugin" 540
"../../../Engine/Plugins/Importers/USDImporter/USDImporter.uplugin" 541
"../../../Engine/Plugins/Editor/UMGWidgetPreview/UMGWidgetPreview.uplugin" 542
"../../../Engine/Plugins/Importers/USDImporterMDL/USDImporterMDL.uplugin" 543
"../../../Engine/Plugins/Media/AjaMedia/AjaMedia.uplugin" 544
"../../../Engine/Plugins/Importers/USDMultiUser/USDMultiUser.uplugin" 545
"../../../Engine/Plugins/Media/AndroidMedia/AndroidMedia.uplugin" 546
"../../../Engine/Plugins/Media/AppleProResDecoderElectra/AppleProResDecoderElectra.uplugin" 547
"../../../Engine/Plugins/Media/AvfMedia/AvfMedia.uplugin" 548
"../../../Engine/Plugins/Media/AppleProResMedia/AppleProResMedia.uplugin" 549
"../../../Engine/Plugins/Media/AudioCaptureTimecodeProvider/AudioCaptureTimecodeProvider.uplugin" 550
"../../../Engine/Plugins/Media/AvidDNxHDDecoderElectra/AvidDNxHDDecoderElectra.uplugin" 551
"../../../Engine/Plugins/Media/AvidDNxMedia/AvidDNxMedia.uplugin" 552
"../../../Engine/Plugins/Media/AndroidCamera/AndroidCamera.uplugin" 553
"../../../Engine/Plugins/Media/BlackmagicMedia/BlackmagicMedia.uplugin" 554
"../../../Engine/Plugins/Media/BinkMedia/BinkMedia.uplugin" 555
"../../../Engine/Plugins/Media/ElectraSubtitles/ElectraSubtitles.uplugin" 556
"../../../Engine/Plugins/Media/ElectraCDM/ElectraCDM.uplugin" 557
"../../../Engine/Plugins/Media/ElectraPlayer/ElectraPlayer.uplugin" 558
"../../../Engine/Plugins/Media/HardwareEncoders/HardwareEncoders.uplugin" 559
"../../../Engine/Plugins/Media/ElectraUtil/ElectraUtil.uplugin" 560
"../../../Engine/Plugins/Media/FlacDecoderElectra/FlacDecoderElectra.uplugin" 561
"../../../Engine/Plugins/Media/HAPMedia/HAPMedia.uplugin" 562
"../../../Engine/Plugins/Media/ImgMedia/ImgMedia.uplugin" 563
"../../../Engine/Plugins/Media/LinearTimecode/LinearTimecode.uplugin" 564
"../../../Engine/Plugins/Media/HAPDecoderElectra/HAPDecoderElectra.uplugin" 565
"../../../Engine/Plugins/Media/MediaFrameworkUtilities/MediaFrameworkUtilities.uplugin" 566
"../../../Engine/Plugins/Media/MediaCompositing/MediaCompositing.uplugin" 567
"../../../Engine/Plugins/Media/MediaMovieStreamer/MediaMovieStreamer.uplugin" 568
"../../../Engine/Plugins/Media/MediaIOFramework/MediaIOFramework.uplugin" 569
"../../../Engine/Plugins/Media/ElectraCodecs/ElectraCodecs.uplugin" 570
"../../../Engine/Plugins/Media/D3D12VideoDecodersElectra/D3D12VideoDecodersElectra.uplugin" 571
"../../../Engine/Plugins/Media/MediaPlate/MediaPlate.uplugin" 572
"../../../Engine/Plugins/Media/MfMedia/MfMedia.uplugin" 573
"../../../Engine/Plugins/Media/OpusDecoderElectra/OpusDecoderElectra.uplugin" 574
"../../../Engine/Plugins/Media/MediaPlayerEditor/MediaPlayerEditor.uplugin" 575
"../../../Engine/Plugins/Media/PixelCapture/PixelCapture.uplugin" 576
"../../../Engine/Plugins/Media/NDIMedia/NDIMedia.uplugin" 577
"../../../Engine/Plugins/Media/PixelStreaming/PixelStreaming.uplugin" 578
"../../../Engine/Plugins/Media/VPxDecoderElectra/VPxDecoderElectra.uplugin" 579
"../../../Engine/Plugins/Media/TimecodeSynchronizer/TimecodeSynchronizer.uplugin" 580
"../../../Engine/Plugins/Media/PixelStreaming2/PixelStreaming2.uplugin" 581
"../../../Engine/Plugins/Media/WmfMedia/WmfMedia.uplugin" 582
"../../../Engine/Plugins/Media/WebMMedia/WebMMedia.uplugin" 583
"../../../Engine/Plugins/MovieScene/ActorSequence/ActorSequence.uplugin" 584
"../../../Engine/Plugins/MovieScene/LevelSequenceEditor/LevelSequenceEditor.uplugin" 585
"../../../Engine/Plugins/MovieScene/CustomizableSequencerTracks/CustomizableSequencerTracks.uplugin" 586
"../../../Engine/Plugins/MovieScene/MovieRenderPipeline/MovieRenderPipeline.uplugin" 587
"../../../Engine/Plugins/MovieScene/ReplayTracks/ReplayTracks.uplugin" 588
"../../../Engine/Plugins/MovieScene/MoviePipelineMaskRenderPass/MoviePipelineMaskRenderPass.uplugin" 589
"../../../Engine/Plugins/MovieScene/SequencerScripting/SequencerScripting.uplugin" 590
"../../../Engine/Plugins/MovieScene/MovieSceneTextTrack/MovieSceneTextTrack.uplugin" 591
"../../../Engine/Plugins/MovieScene/TemplateSequence/TemplateSequence.uplugin" 592
"../../../Engine/Plugins/Online/EOSOverlayInputProvider/EOSOverlayInputProvider.uplugin" 593
"../../../Engine/Plugins/Online/EOSShared/EOSShared.uplugin" 594
"../../../Engine/Plugins/Online/OnlineBase/OnlineBase.uplugin" 595
"../../../Engine/Plugins/Online/OnlineServicesEpicCommon/OnlineServicesEpicCommon.uplugin" 596
"../../../Engine/Plugins/Online/OnlineServicesNull/OnlineServicesNull.uplugin" 597
"../../../Engine/Plugins/Online/OnlineServicesOSSAdapter/OnlineServicesOSSAdapter.uplugin" 598
"../../../Engine/Plugins/Online/OnlineSubsystemNull/OnlineSubsystemNull.uplugin" 599
"../../../Engine/Plugins/Online/OnlineServices/OnlineServices.uplugin" 600
"../../../Engine/Plugins/Online/OnlineSubsystemApple/OnlineSubsystemApple.uplugin" 601
"../../../Engine/Plugins/Online/OnlineSubsystemEOS/OnlineSubsystemEOS.uplugin" 602
"../../../Engine/Plugins/Online/OnlineSubsystemAmazon/OnlineSubsystemAmazon.uplugin" 603
"../../../Engine/Plugins/Online/SocketSubsystemEOS/SocketSubsystemEOS.uplugin" 604
"../../../Engine/Plugins/Online/OnlineSubsystemUtils/OnlineSubsystemUtils.uplugin" 605
"../../../Engine/Plugins/Online/OnlineFramework/OnlineFramework.uplugin" 606
"../../../Engine/Plugins/Online/OnlineSubsystem/OnlineSubsystem.uplugin" 607
"../../../Engine/Plugins/Online/OnlineSubsystemSteam/OnlineSubsystemSteam.uplugin" 608
"../../../Engine/Plugins/Online/OnlineSubsystemTencent/OnlineSubsystemTencent.uplugin" 609
"../../../Engine/Plugins/Online/SocketSubsystemSteamIP/SocketSubsystemSteamIP.uplugin" 610
"../../../Engine/Plugins/Online/WebAuth/WebAuth.uplugin" 611
"../../../Engine/Plugins/Online/OnlineSubsystemGoogle/OnlineSubsystemGoogle.uplugin" 612
"../../../Engine/Plugins/Tests/AutomationDriverTests/AutomationDriverTests.uplugin" 613
"../../../Engine/Plugins/Tests/EditorTests/EditorTests.uplugin" 614
"../../../Engine/Plugins/Tests/RuntimeTests/RuntimeTests.uplugin" 615
"../../../Engine/Plugins/Protocols/MQTT/MQTT.uplugin" 616
"../../../Engine/Plugins/Tests/CQTestEnhancedInput/CQTestEnhancedInput.uplugin" 617
"../../../Engine/Plugins/Tests/FbxAutomationTestBuilder/FbxAutomationTestBuilder.uplugin" 618
"../../../Engine/Plugins/Tests/FunctionalTestingEditor/FunctionalTestingEditor.uplugin" 619
"../../../Engine/Plugins/Tests/TestFramework/TestFramework.uplugin" 620
"../../../Engine/Plugins/Online/OnlineServicesEOS/OnlineServicesEOS.uplugin" 621
"../../../Engine/Plugins/Tests/RHITests/RHITests.uplugin" 622
"../../../Engine/Plugins/Tests/TestSamples/TestSamples.uplugin" 623
"../../../Engine/Plugins/Online/OnlineSubsystemFacebook/OnlineSubsystemFacebook.uplugin" 624
"../../../Engine/Plugins/Tests/InterchangeTests/InterchangeTests.uplugin" 625
"../../../Engine/Plugins/Editor/DataValidation/DataValidation.uplugin" 626
"../../../Engine/Plugins/Tests/WidgetAutomationTests/WidgetAutomationTests.uplugin" 627
"../../../Engine/Plugins/Tests/CQTest/CQTest.uplugin" 628
"../../../Engine/Plugins/Online/OnlineServicesEOSGS/OnlineServicesEOSGS.uplugin" 629
"../../../Engine/Plugins/Web/HttpBlueprint/HttpBlueprint.uplugin" 630
"../../../Engine/Plugins/Tests/PythonAutomationTest/PythonAutomationTest.uplugin" 631
"../../../Engine/Plugins/Experimental/CharacterFXEditor/ExampleCharacterFXEditor/ExampleCharacterFXEditor.uplugin" 632
"../../../Engine/Plugins/Runtime/Advertising/IOSTapJoy/IOSTapJoy.uplugin" 633
"../../../Engine/Plugins/Experimental/Enterprise/DataprepGeometryOperations/DataprepGeometryOperations.uplugin" 634
"../../../Engine/Plugins/Experimental/CharacterFXEditor/BaseCharacterFXEditor/BaseCharacterFXEditor.uplugin" 635
"../../../Engine/Plugins/Experimental/Enterprise/DatasmithInterchange/DatasmithInterchange.uplugin" 636
"../../../Engine/Plugins/Runtime/Analytics/Adjust/Adjust.uplugin" 637
"../../../Engine/Plugins/Experimental/Enterprise/DatasmithRuntime/DatasmithRuntime.uplugin" 638
"../../../Engine/Plugins/Runtime/Analytics/AnalyticsMulticast/AnalyticsMulticast.uplugin" 639
"../../../Engine/Plugins/Runtime/Analytics/FileLogging/FileLogging.uplugin" 640
"../../../Engine/Plugins/Runtime/Analytics/AnalyticsBlueprintLibrary/AnalyticsBlueprintLibrary.uplugin" 641
"../../../Engine/Plugins/Experimental/Compositing/CompositeCore/CompositeCore.uplugin" 642
"../../../Engine/Plugins/Developer/Concert/ConcertMain/ConcertMain.uplugin" 643
"../../../Engine/Plugins/Runtime/PacketHandlers/AESGCMHandlerComponent/AESGCMHandlerComponent.uplugin" 644
"../../../Engine/Plugins/Runtime/PacketHandlers/DTLSHandlerComponent/DTLSHandlerComponent.uplugin" 645
"../../../Engine/Plugins/Runtime/Steam/SteamShared/SteamShared.uplugin" 646
"../../../Engine/Plugins/Runtime/Steam/SteamController/SteamController.uplugin" 647
"../../../Engine/Plugins/Runtime/Steam/SteamSockets/SteamSockets.uplugin" 648
"../../../Engine/Plugins/Runtime/Steam/SteamAudio/SteamAudio.uplugin" 649
"../../../Engine/Plugins/Experimental/Compositing/HoldoutComposite/HoldoutComposite.uplugin" 650
"../../../Engine/Plugins/Runtime/PacketHandlers/AESHandlerComponent/AESHandlerComponent.uplugin" 651
"../../../Engine/Plugins/Experimental/PCGInterops/PCGWaterInterop/PCGWaterInterop.uplugin" 652
"../../../Engine/Plugins/Experimental/PCGInterops/PCGInstancedActorsInterop/PCGInstancedActorsInterop.uplugin" 653
"../../../Engine/Plugins/Experimental/VirtualProduction/LedWallCalibration/LedWallCalibration.uplugin" 654
"../../../Engine/Plugins/Experimental/VirtualProduction/VPRoles/VPRoles.uplugin" 655
"../../../Engine/Plugins/Experimental/MetaHuman/MetaHumanRuntime/MetaHumanRuntime.uplugin" 656
"../../../Engine/Plugins/VirtualProduction/DMX/DMXDisplayCluster/DMXDisplayCluster.uplugin" 657
"../../../Engine/Plugins/Experimental/VirtualProduction/VPSettings/VPSettings.uplugin" 658
"../../../Engine/Plugins/VirtualProduction/DMX/DatasmithMVR/DatasmithMVR.uplugin" 659
"../../../Engine/Plugins/VirtualProduction/DMX/DMXModularFeatures/DMXModularFeatures.uplugin" 660
"../../../Engine/Plugins/VirtualProduction/DMX/DMXPixelMapping/DMXPixelMapping.uplugin" 661
"../../../Engine/Plugins/VirtualProduction/DMX/DMXGDTF/DMXGDTF.uplugin" 662
"../../../Engine/Plugins/VirtualProduction/DMX/DMXFixtures/DMXFixtures.uplugin" 663
"../../../Engine/Plugins/VirtualProduction/DMX/DMXEngine/DMXEngine.uplugin" 664
"../../../Engine/Plugins/VirtualProduction/DMX/DMXProtocol/DMXProtocol.uplugin" 665
"../../../Engine/Plugins/VirtualProduction/DMX/DMXControlConsole/DMXControlConsole.uplugin" 666
"../../../Engine/Plugins/VirtualProduction/Rivermax/RivermaxCore/RivermaxCore.uplugin" 667
"../../../Engine/Plugins/Runtime/Database/SQLiteCore/SQLiteCore.uplugin" 668
"../../../Engine/Plugins/Runtime/Database/RemoteDatabaseSupport/RemoteDatabaseSupport.uplugin" 669
"../../../Engine/Plugins/Online/VoiceChat/EOSVoiceChat/EOSVoiceChat.uplugin" 670
"../../../Engine/Plugins/Runtime/Database/SQLiteSupport/SQLiteSupport.uplugin" 671
"../../../Engine/Plugins/VirtualProduction/Rivermax/RivermaxSync/RivermaxSync.uplugin" 672
"../../../Engine/Plugins/Runtime/Database/ADOSupport/ADOSupport.uplugin" 673
"../../../Engine/Plugins/Interchange/Extensions/OpenUSD/InterchangeOpenUSD.uplugin" 674
"../../../Engine/Plugins/Online/VoiceChat/VoiceChat/VoiceChat.uplugin" 675
"../../../Engine/Plugins/Experimental/PCGInterops/PCGNiagaraInterop/PCGNiagaraInterop.uplugin" 676
"../../../Engine/Plugins/VirtualProduction/Rivermax/RivermaxMedia/RivermaxMedia.uplugin" 677
"../../../Engine/Plugins/VirtualProduction/CaptureManager/CaptureManagerApp/CaptureManagerApp.uplugin" 678
"../../../Engine/Plugins/VirtualProduction/CaptureManager/CaptureManagerCore/CaptureManagerCore.uplugin" 679
"../../../Engine/Plugins/Experimental/Web/WebAPI/WebAPI.uplugin" 680
"../../../Engine/Plugins/VirtualProduction/CaptureManager/CaptureManagerEditor/CaptureManagerEditor.uplugin" 681
"../../../Engine/Plugins/Runtime/Nvidia/GeForceNOWWrapper/GeForceNOWWrapper.uplugin" 682
"../../../Engine/Plugins/Runtime/XR/XRVisualization/XRVisualization.uplugin" 683
"../../../Engine/Plugins/Runtime/Nvidia/Reflex/Reflex.uplugin" 684
"../../../Engine/Plugins/Online/Android/AndroidFetchBackgroundDownload/AndroidFetchBackgroundDownload.uplugin" 685
"../../../Engine/Plugins/Interchange/Extensions/OpenVDB/InterchangeOpenVDB.uplugin" 686
"../../../Engine/Plugins/Runtime/Database/DatabaseSupport/DatabaseSupport.uplugin" 687
"../../../Engine/Plugins/Runtime/XR/XRScribe/XRScribe.uplugin" 688
"../../../Engine/Plugins/Online/Android/OnlineSubsystemGooglePlay/OnlineSubsystemGooglePlay.uplugin" 689
"../../../Engine/Plugins/Editor/Localization/PortableObjectFileDataSource/PortableObjectFileDataSource.uplugin" 690
"../../../Engine/Plugins/Marketplace/Developer/RiderLink/RiderLink.uplugin" 691
"../../../Engine/Plugins/Runtime/Windows/XInputDevice/XInputDevice.uplugin" 692
"../../../Engine/Plugins/Experimental/Animation/ContextualAnimation/ContextualAnimation.uplugin" 693
"../../../Engine/Plugins/VirtualProduction/CaptureManager/CaptureManagerDevices/CaptureManagerDevices.uplugin" 694
"../../../Engine/Plugins/Runtime/MeshReconstruction/DummyMeshReconstructor/DummyMeshReconstructor.uplugin" 695
"../../../Engine/Plugins/Experimental/Animation/Locomotor/Locomotor.uplugin" 696
"../../../Engine/Plugins/Experimental/Animation/HierarchyTableAnimation/HierarchyTableAnimation.uplugin" 697
"../../../Engine/Plugins/Experimental/Animation/Optimus/Optimus.uplugin" 698
"../../../Engine/Plugins/Runtime/Windows/WinDualShock/WinDualShock.uplugin" 699
"../../../Engine/Plugins/Experimental/Animation/MotionTrajectory/MotionTrajectory.uplugin" 700
"../../../Engine/Plugins/Experimental/Animation/HierarchyTable/HierarchyTable.uplugin" 701
"../../../Engine/Plugins/Experimental/Animation/SkeletonTemplateFramework/SkeletonTemplateFramework.uplugin" 702
"../../../Engine/Plugins/Experimental/Animation/PackedAttributes/PackedAttributes.uplugin" 703
"../../../Engine/Plugins/Experimental/AVCodecs/AVCodecsCore/AVCodecsCore.uplugin" 704
"../../../Engine/Plugins/Experimental/Animation/CurveExpression/CurveExpression.uplugin" 705
"../../../Engine/Plugins/Experimental/AVCodecs/LibVpxCodecs/LibVpxCodecs.uplugin" 706
"../../../Engine/Plugins/Experimental/AVCodecs/NVCodecs/NVCodecs.uplugin" 707
"../../../Engine/Plugins/Experimental/Animation/SkeletalMeshMorphTargetEditingTools/SkeletalMeshMorphTargetEditingTools.uplugin" 708
"../../../Engine/Plugins/Experimental/Animation/TrajectoryTools/TrajectoryTools.uplugin" 709
"../../../Engine/Plugins/Experimental/Animation/RigMapper/RigMapper.uplugin" 710
"../../../Engine/Plugins/Experimental/AVCodecs/AMFCodecs/AMFCodecs.uplugin" 711
"../../../Engine/Plugins/Experimental/AVCodecs/WMFCodecs/WMFCodecs.uplugin" 712
"../../../Engine/Plugins/Experimental/AVCodecs/VTCodecs/VTCodecs.uplugin" 713
"../../../Engine/Plugins/Runtime/AR/ARUtilities/ARUtilities.uplugin" 714
"../../../Engine/Plugins/Animation/MLDeformer/ChaosClothGenerator/ChaosClothGenerator.uplugin" 715
"../../../Engine/Plugins/Animation/MLDeformer/ChaosFleshGenerator/ChaosFleshGenerator.uplugin" 716
"../../../Engine/Plugins/Animation/MLDeformer/NeuralMorphModel/NeuralMorphModel.uplugin" 717
"../../../Engine/Plugins/Animation/MLDeformer/NearestNeighborModel/NearestNeighborModel.uplugin" 718
"../../../Engine/Plugins/Animation/MLDeformer/VertexDeltaModel/VertexDeltaModel.uplugin" 719
"../../../Engine/Plugins/Editor/ContentBrowser/ContentBrowserAliasDataSource/ContentBrowserAliasDataSource.uplugin" 720
"../../../Engine/Plugins/Editor/ContentBrowser/ContentBrowserClassDataSource/ContentBrowserClassDataSource.uplugin" 721
"../../../Engine/Plugins/Editor/ObjectMixer/LightMixer/LightMixer.uplugin" 722
"../../../Engine/Plugins/Online/IOS/OnlineSubsystemIOS/OnlineSubsystemIOS.uplugin" 723
"../../../Engine/Plugins/Editor/ContentBrowser/ContentBrowserAssetDataSource/ContentBrowserAssetDataSource.uplugin" 724
"../../../Engine/Plugins/Editor/ObjectMixer/ObjectMixer/ObjectMixer.uplugin" 725
"../../../Engine/Plugins/Editor/ContentBrowser/ContentBrowserFileDataSource/ContentBrowserFileDataSource.uplugin" 726
"../../../Engine/Plugins/Animation/MLDeformer/MLDeformerFramework/MLDeformerFramework.uplugin" 727
"../../../Engine/Plugins/Developer/Concert/ConcertSync/ConcertSyncClient/ConcertSyncClient.uplugin" 728
"../../../Engine/Plugins/Runtime/AR/AppleAR/AppleARKit/AppleARKit.uplugin" 729
"../../../Engine/Plugins/Developer/Concert/ConcertSync/ConcertSyncServer/ConcertSyncServer.uplugin" 730
"../../../Engine/Plugins/Runtime/AR/Google/GoogleARCore/GoogleARCore.uplugin" 731
"../../../Engine/Plugins/Developer/Concert/ConcertSync/ConcertSyncTest/ConcertSyncTest.uplugin" 732
"../../../Engine/Plugins/Runtime/AR/Google/GoogleARCoreServices/GoogleARCoreServices.uplugin" 733
"../../../Engine/Plugins/Developer/Concert/ConcertScripting/ConcertReplicationScripting/ConcertReplicationScripting.uplugin" 734
"../../../Engine/Plugins/Experimental/Animation/MLDeformer/DetailPoseModel/DetailPoseModel.uplugin" 735
"../../../Engine/Plugins/Developer/Concert/ConcertUI/ConcertSharedSlate/ConcertSharedSlate.uplugin" 736
"../../../Engine/Plugins/Developer/Concert/ConcertInsights/ConcertInsightsServer/ConcertInsightsServer.uplugin" 737
"../../../Engine/Plugins/Developer/Concert/ConcertInsights/ConcertInsightsClient/ConcertInsightsClient.uplugin" 738
"../../../Engine/Plugins/Developer/Concert/ConcertInsights/ConcertInsightsCore/ConcertInsightsCore.uplugin" 739
"../../../Engine/Plugins/Developer/Concert/ConcertUI/ConcertClientSharedSlate/ConcertClientSharedSlate.uplugin" 740
"../../../Engine/Plugins/Developer/Concert/ConcertApp/DisasterRecoveryClient/DisasterRecoveryClient.uplugin" 741
"../../../Engine/Plugins/Developer/Concert/ConcertApp/MultiUserServer/MultiUserServer.uplugin" 742
"../../../Engine/Plugins/Developer/Concert/ConcertInsights/ConcertInsightsVisualizer/ConcertInsightsVisualizer.uplugin" 743
"../../../Engine/Plugins/Runtime/AR/AppleAR/AppleARKitFaceSupport/AppleARKitFaceSupport.uplugin" 744
"../../../Engine/Plugins/Developer/Concert/ConcertSync/ConcertSyncCore/ConcertSyncCore.uplugin" 745
"../../../Engine/Plugins/Developer/Concert/ConcertApp/MultiUserClient/MultiUserClient.uplugin" 746
"../../../Engine/Platforms/Android/Plugins/RigLogic/RigLogic_Android.uplugin" 747
"../../../Engine/Platforms/Android/Plugins/Animation/ACLPlugin/ACLPlugin_Android.uplugin" 748
"../../../Engine/Platforms/IOS/Plugins/RigLogic/RigLogic_IOS.uplugin" 749
"D:/unreal_project/Baiguizhen/Plugins/ActionAttributeSystem/ActionAttributeSystem.uplugin" 750
"D:/unreal_project/Baiguizhen/Plugins/BlockoutToolsPlugin/BlockoutToolsPlugin.uplugin" 751
"D:/unreal_project/Baiguizhen/Plugins/ActionSkillAsset/ActionSkillAsset.uplugin" 752
"D:/unreal_project/Baiguizhen/Plugins/ActionCameraSystem/ActionCameraSystem.uplugin" 753
"../../../Engine/Content/Internationalization/icudt64l/cnvalias.icu" 754
"../../../Engine/Content/Internationalization/icudt64l/res_index.res" 755
"../../../Engine/Content/Internationalization/icudt64l/plurals.res" 756
"../../../Engine/Content/Internationalization/icudt64l/lang/zh_CN.res" 757
"../../../Engine/Content/Internationalization/icudt64l/lang/pool.res" 758
"../../../Engine/Content/Internationalization/icudt64l/lang/zh_Hans_CN.res" 759
"../../../Engine/Content/Internationalization/icudt64l/lang/zh_Hans.res" 760
"../../../Engine/Content/Internationalization/icudt64l/lang/zh.res" 761
"../../../Engine/Content/Internationalization/icudt64l/lang/root.res" 762
"../../../Engine/Content/Internationalization/icudt64l/region/zh_CN.res" 763
"../../../Engine/Content/Internationalization/icudt64l/region/pool.res" 764
"../../../Engine/Content/Internationalization/icudt64l/region/zh_Hans_CN.res" 765
"../../../Engine/Content/Internationalization/icudt64l/region/zh_Hans.res" 766
"../../../Engine/Content/Internationalization/icudt64l/region/zh.res" 767
"../../../Engine/Content/Internationalization/icudt64l/region/root.res" 768
"../../../Engine/Content/Internationalization/icudt64l/lang/en.res" 769
"../../../Engine/Content/Internationalization/icudt64l/region/en.res" 770
"../../../Engine/Content/Internationalization/icudt64l/windowsZones.res" 771
"../../../Engine/Content/Internationalization/icudt64l/zoneinfo64.res" 772
"../../../Engine/Content/Internationalization/icudt64l/keyTypeData.res" 773
"../../../Engine/Content/Internationalization/icudt64l/timezoneTypes.res" 774
"../../../Engine/Content/Internationalization/icudt64l/likelySubtags.res" 775
"../../../Engine/Content/Internationalization/icudt64l/zh_CN.res" 776
"../../../Engine/Content/Internationalization/icudt64l/pool.res" 777
"../../../Engine/Content/Internationalization/icudt64l/zh_Hans_CN.res" 778
"../../../Engine/Content/Internationalization/icudt64l/zh_Hans.res" 779
"../../../Engine/Content/Internationalization/icudt64l/zh.res" 780
"../../../Engine/Content/Internationalization/icudt64l/root.res" 781
"../../../Engine/Content/Internationalization/icudt64l/supplementalData.res" 782
"../../../Engine/Config/ConfigRedirects.ini" 783
"C:/Users/lenovo/AppData/Local/UnrealEngine/5.6/Saved/Config/WindowsEditor/Manifest.ini" 784
"../../../Engine/Config/BaseEngine.ini" 785
"../../../Engine/Config/Windows/BaseWindowsEngine.ini" 786
"D:/unreal_project/Baiguizhen/Config/DefaultEngine.ini" 787
"../../../Engine/Config/BaseGame.ini" 788
"D:/unreal_project/Baiguizhen/Config/DefaultGame.ini" 789
"../../../Engine/Config/Windows/WindowsGame.ini" 790
"D:/unreal_project/Baiguizhen/Saved/Config/WindowsEditor/Game.ini" 791
"../../../Engine/Config/BaseInput.ini" 792
"../../../Engine/Config/Windows/BaseWindowsInput.ini" 793
"D:/unreal_project/Baiguizhen/Config/DefaultInput.ini" 794
"../../../Engine/Config/Windows/WindowsInput.ini" 795
"D:/unreal_project/Baiguizhen/Saved/Config/WindowsEditor/Input.ini" 796
"../../../Engine/Config/BaseDeviceProfiles.ini" 797
"../../../Engine/Config/BaseGameUserSettings.ini" 798
"D:/unreal_project/Baiguizhen/Saved/Config/WindowsEditor/GameUserSettings.ini" 799
"../../../Engine/Config/BaseScalability.ini" 800
"../../../Engine/Config/BaseRuntimeOptions.ini" 801
"../../../Engine/Config/BaseInstallBundle.ini" 802
"../../../Engine/Config/BaseHardware.ini" 803
"../../../Engine/Config/BaseCompat.ini" 804
"../../../Engine/Config/BaseLightmass.ini" 805
"../../../Engine/Config/BaseEditor.ini" 806
"D:/unreal_project/Baiguizhen/Config/DefaultEditor.ini" 807
"D:/unreal_project/Baiguizhen/Saved/Config/WindowsEditor/Editor.ini" 808
"../../../Engine/Config/BaseMaterialExpressions.ini" 809
"../../../Engine/Config/BaseEditorPerProjectUserSettings.ini" 810
"D:/unreal_project/Baiguizhen/Config/DefaultEditorPerProjectUserSettings.ini" 811
"../../../Engine/Config/Windows/WindowsEditorPerProjectUserSettings.ini" 812
"D:/unreal_project/Baiguizhen/Saved/Config/WindowsEditor/EditorPerProjectUserSettings.ini" 813
"../../../Engine/Config/BaseEditorSettings.ini" 814
"../../../Engine/Config/Windows/WindowsEditorSettings.ini" 815
"C:/Users/lenovo/AppData/Local/UnrealEngine/5.6/Saved/Config/WindowsEditor/EditorSettings.ini" 816
"../../../Engine/Config/BaseEditorKeyBindings.ini" 817
"C:/Users/lenovo/AppData/Local/UnrealEngine/5.6/Saved/Config/WindowsEditor/EditorLayout.ini" 818
"../../../Engine/Config/IOS/BaseIOSEngine.ini" 819
"../../../Engine/Platforms/VisionOS/Config/BaseVisionOSEngine.ini" 820
"../../../Engine/Config/Mac/BaseMacEngine.ini" 821
"../../../Engine/Config/Android/BaseAndroidEngine.ini" 822
"../../../Engine/Config/Linux/BaseLinuxEngine.ini" 823
"../../../Engine/Platforms/VisionOS/Config/VisionOSEngine.ini" 824
"../../../Engine/Config/Android/AndroidEngine.ini" 825
"../../../Engine/Config/TVOS/TVOSEngine.ini" 826
"../../../Engine/Config/IOS/BaseIOSGame.ini" 827
"../../../Engine/Config/Unix/UnixEngine.ini" 828
"../../../Engine/Config/Linux/LinuxEngine.ini" 829
"D:/unreal_project/Baiguizhen/Binaries/Win64/Baiguizhen-Win64-DebugGame.target" 830
"../../../Engine/Config/IOS/IOSGame.ini" 831
"D:/unreal_project/Baiguizhen/Binaries/Win64/BaiguizhenEditor-Win64-DebugGame.target" 832
"../../../Engine/Config/Android/BaseAndroidGame.ini" 833
"../../../Engine/Config/IOS/BaseIOSInput.ini" 834
"../../../Engine/Config/Mac/MacGame.ini" 835
"../../../Engine/Config/Mac/BaseMacInput.ini" 836
"../../../Engine/Config/Android/BaseAndroidInput.ini" 837
"../../../Engine/Config/Linux/LinuxGame.ini" 838
"../../../Engine/Config/IOS/IOSScalability.ini" 839
"../../../Engine/Config/IOS/BaseIOSInstallBundle.ini" 840
"../../../Engine/Config/Android/AndroidScalability.ini" 841
"../../../Engine/Config/Android/BaseAndroidInstallBundle.ini" 842
"../../../Engine/Config/PluginBase.ini" 843
"../../../Engine/Plugins/ChaosVD/Config/DefaultChaosVD.ini" 844
"../../../Engine/Plugins/EnhancedInput/Config/BaseEnhancedInput.ini" 845
"../../../Engine/Plugins/Fab/Config/BaseFab.ini" 846
"../../../Engine/Plugins/TraceUtilities/Config/BaseTraceUtilities.ini" 847
"../../../Engine/Plugins/Cameras/GameplayCameras/Config/BaseGameplayCameras.ini" 848
"../../../Engine/Plugins/Experimental/FullBodyIK/Config/BaseFullBodyIK.ini" 849
"../../../Engine/Plugins/Experimental/ToolPresets/Config/BaseToolPresets.ini" 850
"../../../Engine/Plugins/MetaHuman/MetaHumanSDK/Config/BaseMetaHumanSDK.ini" 851
"../../../Engine/Plugins/Runtime/GameplayAbilities/Config/BaseGameplayAbilities.ini" 852
"../../../Engine/Plugins/Runtime/GameplayStateTree/Config/BaseGameplayStateTree.ini" 853
"../../../Engine/Plugins/Runtime/HairStrands/Config/BaseHairStrands.ini" 854
"../../../Engine/Plugins/Runtime/Metasound/Config/BaseMetasound.ini" 855
"../../../Engine/Plugins/Runtime/Metasound/Config/DefaultMetasound.ini" 856
"../../../Engine/Plugins/Runtime/PropertyBindingUtils/Config/BasePropertyBindingUtils.ini" 857
"../../../Engine/Plugins/Runtime/RigVM/Config/BaseRigVM.ini" 858
"../../../Engine/Plugins/Runtime/StateTree/Config/BaseStateTree.ini" 859
"../../../Engine/Plugins/Runtime/Synthesis/Config/BaseSynthesis.ini" 860
"../../../Engine/Plugins/Animation/ControlRig/Config/BaseControlRig.ini" 861
"../../../Engine/Plugins/Animation/DeformerGraph/Config/BaseDeformerGraph.ini" 862
"../../../Engine/Plugins/Animation/IKRig/Config/BaseIKRig.ini" 863
"../../../Engine/Plugins/Interchange/Assets/Config/BaseInterchangeAssets.ini" 864
"../../../Engine/Plugins/Interchange/Runtime/Config/BaseInterchange.ini" 865
"../../../Engine/Plugins/FX/Niagara/Config/BaseNiagara.ini" 866
"../../../Engine/Plugins/VirtualProduction/CameraCalibrationCore/Config/BaseCameraCalibrationCore.ini" 867
"../../../Engine/Plugins/VirtualProduction/Takes/Config/BaseTakes.ini" 868
"../../../Engine/Plugins/2D/Paper2D/Config/BasePaper2D.ini" 869
"../../../Engine/Plugins/Editor/EditorScriptingUtilities/Config/BaseEditorScriptingUtilities.ini" 870
"../../../Engine/Plugins/Enterprise/DatasmithContent/Config/BaseDatasmithContent.ini" 871
"../../../Engine/Plugins/Enterprise/GLTFExporter/Config/BaseGLTFExporter.ini" 872
"../../../Engine/Plugins/Enterprise/GLTFExporter/Config/DefaultGLTFExporter.ini" 873
"../../../Engine/Plugins/Enterprise/VariantManagerContent/Config/BaseVariantManagerContent.ini" 874
"../../../Engine/Plugins/Experimental/Compositing/CompositeCore/Config/BaseCompositeCore.ini" 875
"D:/unreal_project/Baiguizhen/Plugins/ActionCameraSystem/Config/DefaultActionCameraSystem.ini" 876
"D:/unreal_project/Baiguizhen/Plugins/ActionSkillAsset/Config/DefaultActionSkillAsset.ini" 877
"../../../Engine/Plugins/ChaosVD/Config/Engine.ini" 878
"../../../Engine/Plugins/EnhancedInput/Config/Input.ini" 879
"../../../Engine/Plugins/Runtime/GameplayAbilities/Config/Input.ini" 880
"../../../Engine/Plugins/Runtime/InputDebugging/Config/Input.ini" 881
"../../../Engine/Plugins/Runtime/Windows/XInputDevice/Config/Input.ini" 882
"../../../Engine/Plugins/NNE/NNEDenoiser/Config/Game.ini" 883
"../../../Engine/Plugins/Runtime/RigVM/Config/Editor.ini" 884
"../../../Engine/Plugins/Online/OnlineSubsystemUtils/Config/Editor.ini" 885
"../../../Engine/Plugins/Editor/ModelingToolsEditorMode/Binaries/Win64/UnrealEditor.modules" 886
"../../../Engine/Plugins/Runtime/MeshModelingToolset/Binaries/Win64/UnrealEditor.modules" 887
"../../../Engine/Plugins/Experimental/MeshModelingToolsetExp/Binaries/Win64/UnrealEditor.modules" 888
"../../../Engine/Plugins/Editor/MeshLODToolset/Binaries/Win64/UnrealEditor.modules" 889
"../../../Engine/Plugins/Experimental/ToolPresets/Binaries/Win64/UnrealEditor.modules" 890
"../../../Engine/Plugins/Editor/StylusInput/Binaries/Win64/UnrealEditor.modules" 891
"../../../Engine/Plugins/Runtime/GeometryProcessing/Binaries/Win64/UnrealEditor.modules" 892
"../../../Engine/Plugins/Editor/ProxyLODPlugin/Binaries/Win64/UnrealEditor.modules" 893
"../../../Engine/Plugins/Experimental/PlanarCutPlugin/Binaries/Win64/UnrealEditor.modules" 894
"../../../Engine/Plugins/Runtime/GeometryCache/Binaries/Win64/UnrealEditor.modules" 895
"../../../Engine/Plugins/Experimental/GeometryFlow/Binaries/Win64/UnrealEditor.modules" 896
"../../../Engine/Plugins/Editor/EditorScriptingUtilities/Binaries/Win64/UnrealEditor.modules" 897
"../../../Engine/Plugins/FX/Niagara/Binaries/Win64/UnrealEditor.modules" 898
"../../../Engine/Plugins/Experimental/PythonScriptPlugin/Binaries/Win64/UnrealEditor.modules" 899
"../../../Engine/Plugins/Editor/ContentBrowser/ContentBrowserFileDataSource/Binaries/Win64/UnrealEditor.modules" 900
"../../../Engine/Plugins/Animation/AnimationLocomotionLibrary/Binaries/Win64/UnrealEditor.modules" 901
"../../../Engine/Plugins/Runtime/GameplayStateTree/Binaries/Win64/UnrealEditor.modules" 902
"../../../Engine/Plugins/Runtime/StateTree/Binaries/Win64/UnrealEditor.modules" 903
"../../../Engine/Plugins/Animation/GameplayInsights/Binaries/Win64/UnrealEditor.modules" 904
"../../../Engine/Plugins/Runtime/PropertyAccess/Binaries/Win64/UnrealEditor.modules" 905
"../../../Engine/Plugins/Runtime/PropertyBindingUtils/Binaries/Win64/UnrealEditor.modules" 906
"../../../Engine/Plugins/Runtime/GameplayAbilities/Binaries/Win64/UnrealEditor.modules" 907
"../../../Engine/Plugins/Editor/GameplayTagsEditor/Binaries/Win64/UnrealEditor.modules" 908
"../../../Engine/Plugins/Runtime/DataRegistry/Binaries/Win64/UnrealEditor.modules" 909
"../../../Engine/Plugins/Animation/AnimationWarping/Binaries/Win64/UnrealEditor.modules" 910
"../../../Engine/Plugins/Animation/AnimationModifierLibrary/Binaries/Win64/UnrealEditor.modules" 911
"../../../Engine/Plugins/Animation/MotionWarping/Binaries/Win64/UnrealEditor.modules" 912
"../../../Engine/Plugins/EnhancedInput/Binaries/Win64/UnrealEditor.modules" 913
"../../../Engine/Plugins/Editor/DataValidation/Binaries/Win64/UnrealEditor.modules" 914
"../../../Engine/Plugins/MovieScene/TemplateSequence/Binaries/Win64/UnrealEditor.modules" 915
"../../../Engine/Plugins/MovieScene/LevelSequenceEditor/Binaries/Win64/UnrealEditor.modules" 916
"../../../Engine/Plugins/MovieScene/SequencerScripting/Binaries/Win64/UnrealEditor.modules" 917
"../../../Engine/Plugins/Bridge/Binaries/Win64/UnrealEditor.modules" 918
"../../../Engine/Plugins/MetaHuman/MetaHumanSDK/Binaries/Win64/UnrealEditor.modules" 919
"../../../Engine/Plugins/Animation/ControlRig/Binaries/Win64/UnrealEditor.modules" 920
"../../../Engine/Plugins/Runtime/HairStrands/Binaries/Win64/UnrealEditor.modules" 921
"../../../Engine/Plugins/Animation/RigLogic/Binaries/Win64/UnrealEditor.modules" 922
"../../../Engine/Plugins/Online/EOSShared/Binaries/Win64/UnrealEditor.modules" 923
"../../../Engine/Plugins/Runtime/RigVM/Binaries/Win64/UnrealEditor.modules" 924
"../../../Engine/Plugins/Animation/TweeningUtils/Binaries/Win64/UnrealEditor.modules" 925
"../../../Engine/Plugins/Animation/DeformerGraph/Binaries/Win64/UnrealEditor.modules" 926
"../../../Engine/Plugins/Experimental/Dataflow/Binaries/Win64/UnrealEditor.modules" 927
"../../../Engine/Plugins/Runtime/ComputeFramework/Binaries/Win64/UnrealEditor.modules" 928
"../../../Engine/Plugins/Experimental/CharacterFXEditor/BaseCharacterFXEditor/Binaries/Win64/UnrealEditor.modules" 929
"../../../Engine/Plugins/Runtime/ProceduralMeshComponent/Binaries/Win64/UnrealEditor.modules" 930
"../../../Engine/Plugins/Experimental/ChaosCaching/Binaries/Win64/UnrealEditor.modules" 931
"../../../Engine/Plugins/Experimental/EditorDataStorage/Binaries/Win64/UnrealEditor.modules" 932
"../../../Engine/Plugins/Experimental/EditorDataStorageFeatures/Binaries/Win64/UnrealEditor.modules" 933
"../../../Engine/Plugins/VirtualProduction/Takes/Binaries/Win64/UnrealEditor.modules" 934
"../../../Engine/Plugins/Runtime/AudioCapture/Binaries/Win64/UnrealEditor.modules" 935
"../../../Engine/Plugins/Developer/NamingTokens/Binaries/Win64/UnrealEditor.modules" 936
"../../../Engine/Plugins/Editor/EngineAssetDefinitions/Binaries/Win64/UnrealEditor.modules" 937
"../../../Engine/Plugins/ChaosCloth/Binaries/Win64/UnrealEditor.modules" 938
"../../../Engine/Plugins/ChaosInsights/Binaries/Win64/UnrealEditor.modules" 939
"../../../Engine/Plugins/ChaosVD/Binaries/Win64/UnrealEditor.modules" 940
"../../../Engine/Plugins/CmdLinkServer/Binaries/Win64/UnrealEditor.modules" 941
"../../../Engine/Plugins/Fab/Binaries/Win64/UnrealEditor.modules" 942
"../../../Engine/Plugins/Interchange/Runtime/Binaries/Win64/UnrealEditor.modules" 943
"../../../Engine/Plugins/Enterprise/VariantManagerContent/Binaries/Win64/UnrealEditor.modules" 944
"../../../Engine/Plugins/Enterprise/VariantManager/Binaries/Win64/UnrealEditor.modules" 945
"../../../Engine/Plugins/Interchange/Assets/Binaries/Win64/UnrealEditor.modules" 946
"../../../Engine/Plugins/FastBuildController/Binaries/Win64/UnrealEditor.modules" 947
"../../../Engine/Plugins/IoStoreInsights/Binaries/Win64/UnrealEditor.modules" 948
"../../../Engine/Plugins/MassInsights/Binaries/Win64/UnrealEditor.modules" 949
"../../../Engine/Plugins/MeshPainting/Binaries/Win64/UnrealEditor.modules" 950
"../../../Engine/Plugins/Interchange/Editor/Binaries/Win64/UnrealEditor.modules" 951
"../../../Engine/Plugins/RenderGraphInsights/Binaries/Win64/UnrealEditor.modules" 952
"../../../Engine/Plugins/TraceUtilities/Binaries/Win64/UnrealEditor.modules" 953
"../../../Engine/Plugins/UbaController/Binaries/Win64/UnrealEditor.modules" 954
"../../../Engine/Plugins/WorldMetrics/Binaries/Win64/UnrealEditor.modules" 955
"../../../Engine/Plugins/XGEController/Binaries/Win64/UnrealEditor.modules" 956
"../../../Engine/Plugins/AI/AISupport/Binaries/Win64/UnrealEditor.modules" 957
"../../../Engine/Plugins/AI/EnvironmentQueryEditor/Binaries/Win64/UnrealEditor.modules" 958
"../../../Engine/Plugins/Cameras/CameraShakePreviewer/Binaries/Win64/UnrealEditor.modules" 959
"../../../Engine/Plugins/Cameras/GameplayCameras/Binaries/Win64/UnrealEditor.modules" 960
"../../../Engine/Plugins/VirtualProduction/CameraCalibrationCore/Binaries/Win64/UnrealEditor.modules" 961
"../../../Engine/Plugins/Cameras/EngineCameras/Binaries/Win64/UnrealEditor.modules" 962
"../../../Engine/Plugins/Compression/OodleNetwork/Binaries/Win64/UnrealEditor.modules" 963
"../../../Engine/Plugins/Experimental/AdvancedRenamer/Binaries/Win64/UnrealEditor.modules" 964
"../../../Engine/Plugins/Experimental/AutomationUtils/Binaries/Win64/UnrealEditor.modules" 965
"../../../Engine/Plugins/Experimental/BackChannel/Binaries/Win64/UnrealEditor.modules" 966
"../../../Engine/Plugins/Experimental/ChaosEditor/Binaries/Win64/UnrealEditor.modules" 967
"../../../Engine/Plugins/Experimental/GeometryCollectionPlugin/Binaries/Win64/UnrealEditor.modules" 968
"../../../Engine/Plugins/Experimental/Fracture/Binaries/Win64/UnrealEditor.modules" 969
"../../../Engine/Plugins/Experimental/ChaosSolverPlugin/Binaries/Win64/UnrealEditor.modules" 970
"../../../Engine/Plugins/Experimental/GeometryDataflow/Binaries/Win64/UnrealEditor.modules" 971
"../../../Engine/Plugins/Experimental/ChaosNiagara/Binaries/Win64/UnrealEditor.modules" 972
"../../../Engine/Plugins/Experimental/ChaosUserDataPT/Binaries/Win64/UnrealEditor.modules" 973
"../../../Engine/Plugins/Experimental/CharacterAI/Binaries/Win64/UnrealEditor.modules" 974
"../../../Engine/Plugins/Experimental/EditorPerformance/Binaries/Win64/UnrealEditor.modules" 975
"../../../Engine/Plugins/Experimental/EditorTelemetry/Binaries/Win64/UnrealEditor.modules" 976
"../../../Engine/Plugins/Experimental/LevelSequenceNavigatorBridge/Binaries/Win64/UnrealEditor.modules" 977
"../../../Engine/Plugins/Experimental/SequenceNavigator/Binaries/Win64/UnrealEditor.modules" 978
"../../../Engine/Plugins/Experimental/LocalizableMessage/Binaries/Win64/UnrealEditor.modules" 979
"../../../Engine/Plugins/Experimental/NFORDenoise/Binaries/Win64/UnrealEditor.modules" 980
"../../../Engine/Plugins/Experimental/PlatformCrypto/Binaries/Win64/UnrealEditor.modules" 981
"../../../Engine/Plugins/Experimental/RuntimeTelemetry/Binaries/Win64/UnrealEditor.modules" 982
"../../../Engine/Plugins/Experimental/SkeletalReduction/Binaries/Win64/UnrealEditor.modules" 983
"../../../Engine/Plugins/NNE/NNEDenoiser/Binaries/Win64/UnrealEditor.modules" 984
"../../../Engine/Plugins/NNE/NNERuntimeORT/Binaries/Win64/UnrealEditor.modules" 985
"../../../Engine/Plugins/Runtime/ActorLayerUtilities/Binaries/Win64/UnrealEditor.modules" 986
"../../../Engine/Plugins/Runtime/AndroidFileServer/Binaries/Win64/UnrealEditor.modules" 987
"../../../Engine/Plugins/Runtime/AndroidDeviceProfileSelector/Binaries/Win64/UnrealEditor.modules" 988
"../../../Engine/Plugins/Runtime/AndroidPermission/Binaries/Win64/UnrealEditor.modules" 989
"../../../Engine/Plugins/Runtime/AppleImageUtils/Binaries/Win64/UnrealEditor.modules" 990
"../../../Engine/Plugins/Runtime/ArchVisCharacter/Binaries/Win64/UnrealEditor.modules" 991
"../../../Engine/Plugins/Runtime/AssetTags/Binaries/Win64/UnrealEditor.modules" 992
"../../../Engine/Plugins/Runtime/CableComponent/Binaries/Win64/UnrealEditor.modules" 993
"../../../Engine/Plugins/Runtime/ChunkDownloader/Binaries/Win64/UnrealEditor.modules" 994
"../../../Engine/Plugins/Runtime/CustomMeshComponent/Binaries/Win64/UnrealEditor.modules" 995
"../../../Engine/Plugins/Runtime/ExampleDeviceProfileSelector/Binaries/Win64/UnrealEditor.modules" 996
"../../../Engine/Plugins/Runtime/GooglePAD/Binaries/Win64/UnrealEditor.modules" 997
"../../../Engine/Plugins/Runtime/InputDebugging/Binaries/Win64/UnrealEditor.modules" 998
"../../../Engine/Plugins/Runtime/Metasound/Binaries/Win64/UnrealEditor.modules" 999
"../../../Engine/Plugins/Runtime/AudioWidgets/Binaries/Win64/UnrealEditor.modules" 1000
"../../../Engine/Plugins/Runtime/AudioSynesthesia/Binaries/Win64/UnrealEditor.modules" 1001
"../../../Engine/Plugins/Editor/ContentBrowser/ContentBrowserAssetDataSource/Binaries/Win64/UnrealEditor.modules" 1002
"../../../Engine/Plugins/Runtime/WaveTable/Binaries/Win64/UnrealEditor.modules" 1003
"../../../Engine/Plugins/Runtime/MsQuic/Binaries/Win64/UnrealEditor.modules" 1004
"../../../Engine/Plugins/Runtime/MobilePatchingUtils/Binaries/Win64/UnrealEditor.modules" 1005
"../../../Engine/Plugins/Runtime/ResonanceAudio/Binaries/Win64/UnrealEditor.modules" 1006
"../../../Engine/Plugins/Runtime/Synthesis/Binaries/Win64/UnrealEditor.modules" 1007
"../../../Engine/Plugins/Runtime/WebMMoviePlayer/Binaries/Win64/UnrealEditor.modules" 1008
"../../../Engine/Plugins/Media/WebMMedia/Binaries/Win64/UnrealEditor.modules" 1009
"../../../Engine/Plugins/Runtime/LocationServicesBPLibrary/Binaries/Win64/UnrealEditor.modules" 1010
"../../../Engine/Plugins/Runtime/WindowsMoviePlayer/Binaries/Win64/UnrealEditor.modules" 1011
"../../../Engine/Plugins/Runtime/WindowsDeviceProfileSelector/Binaries/Win64/UnrealEditor.modules" 1012
"../../../Engine/Plugins/Animation/ACLPlugin/Binaries/Win64/UnrealEditor.modules" 1013
"../../../Engine/Plugins/Animation/AnimationData/Binaries/Win64/UnrealEditor.modules" 1014
"../../../Engine/Plugins/Animation/BlendSpaceMotionAnalysis/Binaries/Win64/UnrealEditor.modules" 1015
"../../../Engine/Plugins/Animation/ControlRigSpline/Binaries/Win64/UnrealEditor.modules" 1016
"../../../Engine/Plugins/Animation/IKRig/Binaries/Win64/UnrealEditor.modules" 1017
"../../../Engine/Plugins/Experimental/FullBodyIK/Binaries/Win64/UnrealEditor.modules" 1018
"../../../Engine/Plugins/Animation/SkeletalMeshModelingTools/Binaries/Win64/UnrealEditor.modules" 1019
"../../../Engine/Plugins/Developer/AnimationSharing/Binaries/Win64/UnrealEditor.modules" 1020
"../../../Engine/Plugins/Runtime/SignificanceManager/Binaries/Win64/UnrealEditor.modules" 1021
"../../../Engine/Plugins/Developer/CLionSourceCodeAccess/Binaries/Win64/UnrealEditor.modules" 1022
"../../../Engine/Plugins/Developer/DumpGPUServices/Binaries/Win64/UnrealEditor.modules" 1023
"../../../Engine/Plugins/Developer/GitSourceControl/Binaries/Win64/UnrealEditor.modules" 1024
"../../../Engine/Plugins/Developer/N10XSourceCodeAccess/Binaries/Win64/UnrealEditor.modules" 1025
"../../../Engine/Plugins/Developer/PerforceSourceControl/Binaries/Win64/UnrealEditor.modules" 1026
"../../../Engine/Plugins/Developer/PixWinPlugin/Binaries/Win64/UnrealEditor.modules" 1027
"../../../Engine/Plugins/Developer/PlasticSourceControl/Binaries/Win64/UnrealEditor.modules" 1028
"../../../Engine/Plugins/Developer/PluginUtils/Binaries/Win64/UnrealEditor.modules" 1029
"../../../Engine/Plugins/Developer/ProjectLauncher/Binaries/Win64/UnrealEditor.modules" 1030
"../../../Engine/Plugins/Developer/PropertyAccessNode/Binaries/Win64/UnrealEditor.modules" 1031
"../../../Engine/Plugins/Developer/RenderDocPlugin/Binaries/Win64/UnrealEditor.modules" 1032
"../../../Engine/Plugins/Developer/SubversionSourceControl/Binaries/Win64/UnrealEditor.modules" 1033
"../../../Engine/Plugins/Developer/RiderSourceCodeAccess/Binaries/Win64/UnrealEditor.modules" 1034
"../../../Engine/Plugins/Developer/TextureFormatOodle/Binaries/Win64/UnrealEditor.modules" 1035
"../../../Engine/Plugins/Developer/VisualStudioCodeSourceCodeAccess/Binaries/Win64/UnrealEditor.modules" 1036
"../../../Engine/Plugins/Developer/UObjectPlugin/Binaries/Win64/UnrealEditor.modules" 1037
"../../../Engine/Plugins/Developer/VisualStudioSourceCodeAccess/Binaries/Win64/UnrealEditor.modules" 1038
"../../../Engine/Plugins/Runtime/SoundFields/Binaries/Win64/UnrealEditor.modules" 1039
"../../../Engine/Plugins/Messaging/TcpMessaging/Binaries/Win64/UnrealEditor.modules" 1040
"../../../Engine/Plugins/Messaging/UdpMessaging/Binaries/Win64/UnrealEditor.modules" 1041
"../../../Engine/Plugins/FX/Cascade/Binaries/Win64/UnrealEditor.modules" 1042
"../../../Engine/Plugins/Portal/LauncherChunkInstaller/Binaries/Win64/UnrealEditor.modules" 1043
"../../../Engine/Plugins/FX/NiagaraSimCaching/Binaries/Win64/UnrealEditor.modules" 1044
"../../../Engine/Plugins/2D/Paper2D/Binaries/Win64/UnrealEditor.modules" 1045
"../../../Engine/Plugins/Editor/AssetManagerEditor/Binaries/Win64/UnrealEditor.modules" 1046
"../../../Engine/Plugins/Editor/BlueprintHeaderView/Binaries/Win64/UnrealEditor.modules" 1047
"../../../Engine/Plugins/Editor/CryptoKeys/Binaries/Win64/UnrealEditor.modules" 1048
"../../../Engine/Plugins/Editor/CurveEditorTools/Binaries/Win64/UnrealEditor.modules" 1049
"../../../Engine/Plugins/Editor/EditorDebugTools/Binaries/Win64/UnrealEditor.modules" 1050
"../../../Engine/Plugins/Editor/FacialAnimation/Binaries/Win64/UnrealEditor.modules" 1051
"../../../Engine/Plugins/Editor/GeometryMode/Binaries/Win64/UnrealEditor.modules" 1052
"../../../Engine/Plugins/Editor/MaterialAnalyzer/Binaries/Win64/UnrealEditor.modules" 1053
"../../../Engine/Plugins/Editor/MobileLauncherProfileWizard/Binaries/Win64/UnrealEditor.modules" 1054
"../../../Engine/Plugins/Editor/PluginBrowser/Binaries/Win64/UnrealEditor.modules" 1055
"../../../Engine/Plugins/Editor/SequencerAnimTools/Binaries/Win64/UnrealEditor.modules" 1056
"../../../Engine/Plugins/Editor/UVEditor/Binaries/Win64/UnrealEditor.modules" 1057
"../../../Engine/Plugins/Editor/WorldPartitionHLODUtilities/Binaries/Win64/UnrealEditor.modules" 1058
"../../../Engine/Plugins/Editor/SpeedTreeImporter/Binaries/Win64/UnrealEditor.modules" 1059
"../../../Engine/Plugins/Editor/ColorGrading/Binaries/Win64/UnrealEditor.modules" 1060
"../../../Engine/Plugins/Editor/ObjectMixer/ObjectMixer/Binaries/Win64/UnrealEditor.modules" 1061
"../../../Engine/Plugins/Enterprise/DatasmithContent/Binaries/Win64/UnrealEditor.modules" 1062
"../../../Engine/Plugins/Enterprise/GLTFExporter/Binaries/Win64/UnrealEditor.modules" 1063
"../../../Engine/Plugins/Editor/ChangelistReview/Binaries/Win64/UnrealEditor.modules" 1064
"../../../Engine/Plugins/Importers/AlembicImporter/Binaries/Win64/UnrealEditor.modules" 1065
"../../../Engine/Plugins/Editor/UMGWidgetPreview/Binaries/Win64/UnrealEditor.modules" 1066
"../../../Engine/Plugins/Media/AndroidMedia/Binaries/Win64/UnrealEditor.modules" 1067
"../../../Engine/Plugins/Media/AvfMedia/Binaries/Win64/UnrealEditor.modules" 1068
"../../../Engine/Plugins/Media/ImgMedia/Binaries/Win64/UnrealEditor.modules" 1069
"../../../Engine/Plugins/Media/MediaPlayerEditor/Binaries/Win64/UnrealEditor.modules" 1070
"../../../Engine/Plugins/Media/MediaCompositing/Binaries/Win64/UnrealEditor.modules" 1071
"../../../Engine/Plugins/Media/MediaPlate/Binaries/Win64/UnrealEditor.modules" 1072
"../../../Engine/Plugins/Experimental/Compositing/CompositeCore/Binaries/Win64/UnrealEditor.modules" 1073
"../../../Engine/Plugins/Media/WmfMedia/Binaries/Win64/UnrealEditor.modules" 1074
"../../../Engine/Plugins/MovieScene/ActorSequence/Binaries/Win64/UnrealEditor.modules" 1075
"../../../Engine/Plugins/Online/OnlineBase/Binaries/Win64/UnrealEditor.modules" 1076
"../../../Engine/Plugins/Online/OnlineSubsystemNull/Binaries/Win64/UnrealEditor.modules" 1077
"../../../Engine/Plugins/Online/OnlineSubsystem/Binaries/Win64/UnrealEditor.modules" 1078
"../../../Engine/Plugins/Online/OnlineSubsystemUtils/Binaries/Win64/UnrealEditor.modules" 1079
"../../../Engine/Plugins/Online/OnlineServices/Binaries/Win64/UnrealEditor.modules" 1080
"../../../Engine/Plugins/Tests/InterchangeTests/Binaries/Win64/UnrealEditor.modules" 1081
"../../../Engine/Plugins/Marketplace/Developer/RiderLink/Binaries/Win64/UnrealEditor.modules" 1082
"../../../Engine/Plugins/Editor/Localization/PortableObjectFileDataSource/Binaries/Win64/UnrealEditor.modules" 1083
"../../../Engine/Plugins/Runtime/Windows/XInputDevice/Binaries/Win64/UnrealEditor.modules" 1084
"../../../Engine/Plugins/Editor/ContentBrowser/ContentBrowserClassDataSource/Binaries/Win64/UnrealEditor.modules" 1085
"../../../Engine/Plugins/Editor/ObjectMixer/LightMixer/Binaries/Win64/UnrealEditor.modules" 1086
"D:/unreal_project/Baiguizhen/Plugins/ActionSkillAsset/Binaries/Win64/UnrealEditor-Win64-DebugGame.modules" 1087
"D:/unreal_project/Baiguizhen/Plugins/ActionCameraSystem/Binaries/Win64/UnrealEditor-Win64-DebugGame.modules" 1088
"D:/unreal_project/Baiguizhen/Plugins/BlockoutToolsPlugin/Binaries/Win64/UnrealEditor-Win64-DebugGame.modules" 1089
"D:/unreal_project/Baiguizhen/Plugins/ActionAttributeSystem/Binaries/Win64/UnrealEditor-Win64-DebugGame.modules" 1090
"../../../Engine/Config/BaseSourceControlSettings.ini" 1091
"C:/Users/lenovo/AppData/Local/UnrealEngine/5.6/Saved/Config/WindowsEditor/SourceControlSettings.ini" 1092
"../../../Engine/Content/Internationalization/icudt64l/coll/ucadata.icu" 1093
"../../../Engine/Content/Internationalization/icudt64l/coll/zh_CN.res" 1094
"../../../Engine/Content/Internationalization/icudt64l/coll/zh_Hans_CN.res" 1095
"../../../Engine/Content/Internationalization/icudt64l/coll/zh_Hans.res" 1096
"../../../Engine/Content/Internationalization/icudt64l/coll/zh.res" 1097
"../../../Engine/Content/Internationalization/icudt64l/coll/root.res" 1098
"../../../Engine/Content/Certificates/ThirdParty/cacert.pem" 1099
"../../../Engine/Config/ConsoleVariables.ini" 1100
"../../../Engine/Binaries/Win64/Android/UnrealEditor.modules" 1101
"../../../Engine/Binaries/Win64/IOS/UnrealEditor.modules" 1102
"../../../Engine/Binaries/Win64/Linux/UnrealEditor.modules" 1103
"../../../Engine/Content/Localization/Editor/zh-Hans/Editor.locres" 1104
"../../../Engine/Content/Localization/EditorTutorials/zh-Hans/EditorTutorials.locres" 1105
"../../../Engine/Content/Localization/Keywords/zh-Hans/Keywords.locres" 1106
"../../../Engine/Content/Localization/Category/zh-Hans/Category.locres" 1107
"../../../Engine/Content/Localization/ToolTips/zh-Hans/ToolTips.locres" 1108
"../../../Engine/Content/Localization/PropertyNames/zh-Hans/PropertyNames.locres" 1109
"../../../Engine/Content/Localization/Engine/zh-Hans/Engine.locres" 1110
"../../../Engine/Plugins/MetaHuman/MetaHumanSDK/Content/Localization/MetaHumanSDK/zh-Hans/MetaHumanSDK.locres" 1111
"../../../Engine/Plugins/Online/OnlineSubsystemUtils/Content/Localization/OnlineSubsystemUtils/zh-Hans/OnlineSubsystemUtils.locres" 1112
"../../../Engine/Plugins/Online/OnlineSubsystem/Content/Localization/OnlineSubsystem/zh-Hans/OnlineSubsystem.locres" 1113
"../../../Engine/Plugins/Online/Android/OnlineSubsystemGooglePlay/Content/Localization/OnlineSubsystemGooglePlay/zh-Hans/OnlineSubsystemGooglePlay.locres" 1114
"../../../Engine/Plugins/Online/IOS/OnlineSubsystemIOS/Content/Localization/OnlineSubsystemIOS/zh-Hans/OnlineSubsystemIOS.locres" 1115
"../../../Engine/Content/Internationalization/icudt64l/numberingSystems.res" 1116
"../../../Engine/Content/Internationalization/icudt64l/curr/zh.res" 1117
"../../../Engine/Content/Internationalization/icudt64l/curr/pool.res" 1118
"../../../Engine/Content/Internationalization/icudt64l/curr/root.res" 1119
"../../../Engine/Content/Internationalization/icudt64l/lang/af.res" 1120
"../../../Engine/Content/Internationalization/icudt64l/region/af.res" 1121
"../../../Engine/Content/Internationalization/icudt64l/lang/agq.res" 1122
"../../../Engine/Content/Internationalization/icudt64l/region/agq.res" 1123
"../../../Engine/Content/Internationalization/icudt64l/lang/ak.res" 1124
"../../../Engine/Content/Internationalization/icudt64l/region/ak.res" 1125
"../../../Engine/Content/Internationalization/icudt64l/lang/am.res" 1126
"../../../Engine/Content/Internationalization/icudt64l/region/am.res" 1127
"../../../Engine/Content/Internationalization/icudt64l/lang/ar.res" 1128
"../../../Engine/Content/Internationalization/icudt64l/region/ar.res" 1129
"../../../Engine/Content/Internationalization/icudt64l/region/ar_AE.res" 1130
"../../../Engine/Content/Internationalization/icudt64l/lang/ar_EG.res" 1131
"../../../Engine/Content/Internationalization/icudt64l/lang/ar_LY.res" 1132
"../../../Engine/Content/Internationalization/icudt64l/region/ar_LY.res" 1133
"../../../Engine/Content/Internationalization/icudt64l/lang/ar_SA.res" 1134
"../../../Engine/Content/Internationalization/icudt64l/region/ar_SA.res" 1135
"../../../Engine/Content/Internationalization/icudt64l/lang/as.res" 1136
"../../../Engine/Content/Internationalization/icudt64l/region/as.res" 1137
"../../../Engine/Content/Internationalization/icudt64l/lang/asa.res" 1138
"../../../Engine/Content/Internationalization/icudt64l/region/asa.res" 1139
"../../../Engine/Content/Internationalization/icudt64l/lang/ast.res" 1140
"../../../Engine/Content/Internationalization/icudt64l/region/ast.res" 1141
"../../../Engine/Content/Internationalization/icudt64l/lang/az.res" 1142
"../../../Engine/Content/Internationalization/icudt64l/lang/az_Cyrl.res" 1143
"../../../Engine/Content/Internationalization/icudt64l/lang/az_AZ.res" 1144
"../../../Engine/Content/Internationalization/icudt64l/lang/az_Latn_AZ.res" 1145
"../../../Engine/Content/Internationalization/icudt64l/lang/az_Latn.res" 1146
"../../../Engine/Content/Internationalization/icudt64l/region/az_AZ.res" 1147
"../../../Engine/Content/Internationalization/icudt64l/region/az_Latn_AZ.res" 1148
"../../../Engine/Content/Internationalization/icudt64l/region/az_Latn.res" 1149
"../../../Engine/Content/Internationalization/icudt64l/region/az.res" 1150
"../../../Engine/Content/Internationalization/icudt64l/region/az_Cyrl.res" 1151
"../../../Engine/Content/Internationalization/icudt64l/lang/bas.res" 1152
"../../../Engine/Content/Internationalization/icudt64l/region/bas.res" 1153
"../../../Engine/Content/Internationalization/icudt64l/lang/be.res" 1154
"../../../Engine/Content/Internationalization/icudt64l/region/be.res" 1155
"../../../Engine/Content/Internationalization/icudt64l/lang/bem.res" 1156
"../../../Engine/Content/Internationalization/icudt64l/region/bem.res" 1157
"../../../Engine/Content/Internationalization/icudt64l/lang/bez.res" 1158
"../../../Engine/Content/Internationalization/icudt64l/region/bez.res" 1159
"../../../Engine/Content/Internationalization/icudt64l/lang/bg.res" 1160
"../../../Engine/Content/Internationalization/icudt64l/region/bg.res" 1161
"../../../Engine/Content/Internationalization/icudt64l/lang/bm.res" 1162
"../../../Engine/Content/Internationalization/icudt64l/region/bm.res" 1163
"../../../Engine/Content/Internationalization/icudt64l/lang/bn.res" 1164
"../../../Engine/Content/Internationalization/icudt64l/region/bn.res" 1165
"../../../Engine/Content/Internationalization/icudt64l/lang/bn_IN.res" 1166
"../../../Engine/Content/Internationalization/icudt64l/region/bn_IN.res" 1167
"../../../Engine/Content/Internationalization/icudt64l/lang/bo.res" 1168
"../../../Engine/Content/Internationalization/icudt64l/region/bo.res" 1169
"../../../Engine/Content/Internationalization/icudt64l/region/bo_IN.res" 1170
"../../../Engine/Content/Internationalization/icudt64l/lang/br.res" 1171
"../../../Engine/Content/Internationalization/icudt64l/region/br.res" 1172
"../../../Engine/Content/Internationalization/icudt64l/lang/brx.res" 1173
"../../../Engine/Content/Internationalization/icudt64l/region/brx.res" 1174
"../../../Engine/Content/Internationalization/icudt64l/lang/bs.res" 1175
"../../../Engine/Content/Internationalization/icudt64l/lang/bs_Cyrl.res" 1176
"../../../Engine/Content/Internationalization/icudt64l/lang/bs_BA.res" 1177
"../../../Engine/Content/Internationalization/icudt64l/lang/bs_Latn_BA.res" 1178
"../../../Engine/Content/Internationalization/icudt64l/lang/bs_Latn.res" 1179
"../../../Engine/Content/Internationalization/icudt64l/region/bs_BA.res" 1180
"../../../Engine/Content/Internationalization/icudt64l/region/bs_Latn_BA.res" 1181
"../../../Engine/Content/Internationalization/icudt64l/region/bs_Latn.res" 1182
"../../../Engine/Content/Internationalization/icudt64l/region/bs.res" 1183
"../../../Engine/Content/Internationalization/icudt64l/region/bs_Cyrl.res" 1184
"../../../Engine/Content/Internationalization/icudt64l/lang/ca.res" 1185
"../../../Engine/Content/Internationalization/icudt64l/region/ca.res" 1186
"../../../Engine/Content/Internationalization/icudt64l/lang/ccp.res" 1187
"../../../Engine/Content/Internationalization/icudt64l/region/ccp.res" 1188
"../../../Engine/Content/Internationalization/icudt64l/lang/ce.res" 1189
"../../../Engine/Content/Internationalization/icudt64l/region/ce.res" 1190
"../../../Engine/Content/Internationalization/icudt64l/lang/ceb.res" 1191
"../../../Engine/Content/Internationalization/icudt64l/region/ceb.res" 1192
"../../../Engine/Content/Internationalization/icudt64l/lang/cgg.res" 1193
"../../../Engine/Content/Internationalization/icudt64l/region/cgg.res" 1194
"../../../Engine/Content/Internationalization/icudt64l/lang/chr.res" 1195
"../../../Engine/Content/Internationalization/icudt64l/region/chr.res" 1196
"../../../Engine/Content/Internationalization/icudt64l/lang/ckb.res" 1197
"../../../Engine/Content/Internationalization/icudt64l/region/ckb.res" 1198
"../../../Engine/Content/Internationalization/icudt64l/lang/cs.res" 1199
"../../../Engine/Content/Internationalization/icudt64l/region/cs.res" 1200
"../../../Engine/Content/Internationalization/icudt64l/lang/cy.res" 1201
"../../../Engine/Content/Internationalization/icudt64l/region/cy.res" 1202
"../../../Engine/Content/Internationalization/icudt64l/lang/da.res" 1203
"../../../Engine/Content/Internationalization/icudt64l/region/da.res" 1204
"../../../Engine/Content/Internationalization/icudt64l/lang/dav.res" 1205
"../../../Engine/Content/Internationalization/icudt64l/region/dav.res" 1206
"../../../Engine/Content/Internationalization/icudt64l/lang/de.res" 1207
"../../../Engine/Content/Internationalization/icudt64l/lang/de_AT.res" 1208
"../../../Engine/Content/Internationalization/icudt64l/region/de_AT.res" 1209
"../../../Engine/Content/Internationalization/icudt64l/region/de.res" 1210
"../../../Engine/Content/Internationalization/icudt64l/lang/de_CH.res" 1211
"../../../Engine/Content/Internationalization/icudt64l/region/de_CH.res" 1212
"../../../Engine/Content/Internationalization/icudt64l/lang/de_LU.res" 1213
"../../../Engine/Content/Internationalization/icudt64l/lang/dje.res" 1214
"../../../Engine/Content/Internationalization/icudt64l/region/dje.res" 1215
"../../../Engine/Content/Internationalization/icudt64l/lang/dsb.res" 1216
"../../../Engine/Content/Internationalization/icudt64l/region/dsb.res" 1217
"../../../Engine/Content/Internationalization/icudt64l/lang/dua.res" 1218
"../../../Engine/Content/Internationalization/icudt64l/region/dua.res" 1219
"../../../Engine/Content/Internationalization/icudt64l/lang/dyo.res" 1220
"../../../Engine/Content/Internationalization/icudt64l/region/dyo.res" 1221
"../../../Engine/Content/Internationalization/icudt64l/lang/dz.res" 1222
"../../../Engine/Content/Internationalization/icudt64l/region/dz.res" 1223
"../../../Engine/Content/Internationalization/icudt64l/lang/ebu.res" 1224
"../../../Engine/Content/Internationalization/icudt64l/region/ebu.res" 1225
"../../../Engine/Content/Internationalization/icudt64l/lang/ee.res" 1226
"../../../Engine/Content/Internationalization/icudt64l/region/ee.res" 1227
"../../../Engine/Content/Internationalization/icudt64l/lang/el.res" 1228
"../../../Engine/Content/Internationalization/icudt64l/region/el.res" 1229
"../../../Engine/Content/Internationalization/icudt64l/lang/en_001.res" 1230
"../../../Engine/Content/Internationalization/icudt64l/lang/en_150.res" 1231
"../../../Engine/Content/Internationalization/icudt64l/region/en_150.res" 1232
"../../../Engine/Content/Internationalization/icudt64l/lang/en_AG.res" 1233
"../../../Engine/Content/Internationalization/icudt64l/region/en_AG.res" 1234
"../../../Engine/Content/Internationalization/icudt64l/lang/en_AI.res" 1235
"../../../Engine/Content/Internationalization/icudt64l/region/en_AI.res" 1236
"../../../Engine/Content/Internationalization/icudt64l/lang/en_AT.res" 1237
"../../../Engine/Content/Internationalization/icudt64l/region/en_AT.res" 1238
"../../../Engine/Content/Internationalization/icudt64l/lang/en_AU.res" 1239
"../../../Engine/Content/Internationalization/icudt64l/region/en_AU.res" 1240
"../../../Engine/Content/Internationalization/icudt64l/lang/en_BB.res" 1241
"../../../Engine/Content/Internationalization/icudt64l/region/en_BB.res" 1242
"../../../Engine/Content/Internationalization/icudt64l/lang/en_BE.res" 1243
"../../../Engine/Content/Internationalization/icudt64l/region/en_BE.res" 1244
"../../../Engine/Content/Internationalization/icudt64l/lang/en_BM.res" 1245
"../../../Engine/Content/Internationalization/icudt64l/region/en_BM.res" 1246
"../../../Engine/Content/Internationalization/icudt64l/lang/en_BS.res" 1247
"../../../Engine/Content/Internationalization/icudt64l/region/en_BS.res" 1248
"../../../Engine/Content/Internationalization/icudt64l/lang/en_BW.res" 1249
"../../../Engine/Content/Internationalization/icudt64l/region/en_BW.res" 1250
"../../../Engine/Content/Internationalization/icudt64l/lang/en_BZ.res" 1251
"../../../Engine/Content/Internationalization/icudt64l/region/en_BZ.res" 1252
"../../../Engine/Content/Internationalization/icudt64l/lang/en_CA.res" 1253
"../../../Engine/Content/Internationalization/icudt64l/region/en_CA.res" 1254
"../../../Engine/Content/Internationalization/icudt64l/lang/en_CC.res" 1255
"../../../Engine/Content/Internationalization/icudt64l/region/en_CC.res" 1256
"../../../Engine/Content/Internationalization/icudt64l/lang/en_CH.res" 1257
"../../../Engine/Content/Internationalization/icudt64l/region/en_CH.res" 1258
"../../../Engine/Content/Internationalization/icudt64l/lang/en_CK.res" 1259
"../../../Engine/Content/Internationalization/icudt64l/region/en_CK.res" 1260
"../../../Engine/Content/Internationalization/icudt64l/lang/en_CM.res" 1261
"../../../Engine/Content/Internationalization/icudt64l/region/en_CM.res" 1262
"../../../Engine/Content/Internationalization/icudt64l/lang/en_CX.res" 1263
"../../../Engine/Content/Internationalization/icudt64l/region/en_CX.res" 1264
"../../../Engine/Content/Internationalization/icudt64l/lang/en_CY.res" 1265
"../../../Engine/Content/Internationalization/icudt64l/region/en_CY.res" 1266
"../../../Engine/Content/Internationalization/icudt64l/lang/en_DE.res" 1267
"../../../Engine/Content/Internationalization/icudt64l/region/en_DE.res" 1268
"../../../Engine/Content/Internationalization/icudt64l/lang/en_DG.res" 1269
"../../../Engine/Content/Internationalization/icudt64l/region/en_DG.res" 1270
"../../../Engine/Content/Internationalization/icudt64l/lang/en_DK.res" 1271
"../../../Engine/Content/Internationalization/icudt64l/region/en_DK.res" 1272
"../../../Engine/Content/Internationalization/icudt64l/lang/en_DM.res" 1273
"../../../Engine/Content/Internationalization/icudt64l/region/en_DM.res" 1274
"../../../Engine/Content/Internationalization/icudt64l/lang/en_ER.res" 1275
"../../../Engine/Content/Internationalization/icudt64l/region/en_ER.res" 1276
"../../../Engine/Content/Internationalization/icudt64l/lang/en_FI.res" 1277
"../../../Engine/Content/Internationalization/icudt64l/region/en_FI.res" 1278
"../../../Engine/Content/Internationalization/icudt64l/lang/en_FJ.res" 1279
"../../../Engine/Content/Internationalization/icudt64l/region/en_FJ.res" 1280
"../../../Engine/Content/Internationalization/icudt64l/lang/en_FK.res" 1281
"../../../Engine/Content/Internationalization/icudt64l/region/en_FK.res" 1282
"../../../Engine/Content/Internationalization/icudt64l/lang/en_FM.res" 1283
"../../../Engine/Content/Internationalization/icudt64l/region/en_FM.res" 1284
"../../../Engine/Content/Internationalization/icudt64l/lang/en_GB.res" 1285
"../../../Engine/Content/Internationalization/icudt64l/region/en_GB.res" 1286
"../../../Engine/Content/Internationalization/icudt64l/lang/en_GD.res" 1287
"../../../Engine/Content/Internationalization/icudt64l/region/en_GD.res" 1288
"../../../Engine/Content/Internationalization/icudt64l/lang/en_GG.res" 1289
"../../../Engine/Content/Internationalization/icudt64l/region/en_GG.res" 1290
"../../../Engine/Content/Internationalization/icudt64l/lang/en_GH.res" 1291
"../../../Engine/Content/Internationalization/icudt64l/region/en_GH.res" 1292
"../../../Engine/Content/Internationalization/icudt64l/lang/en_GI.res" 1293
"../../../Engine/Content/Internationalization/icudt64l/region/en_GI.res" 1294
"../../../Engine/Content/Internationalization/icudt64l/lang/en_GM.res" 1295
"../../../Engine/Content/Internationalization/icudt64l/region/en_GM.res" 1296
"../../../Engine/Content/Internationalization/icudt64l/lang/en_GY.res" 1297
"../../../Engine/Content/Internationalization/icudt64l/region/en_GY.res" 1298
"../../../Engine/Content/Internationalization/icudt64l/lang/en_HK.res" 1299
"../../../Engine/Content/Internationalization/icudt64l/region/en_HK.res" 1300
"../../../Engine/Content/Internationalization/icudt64l/lang/en_IE.res" 1301
"../../../Engine/Content/Internationalization/icudt64l/region/en_IE.res" 1302
"../../../Engine/Content/Internationalization/icudt64l/lang/en_IL.res" 1303
"../../../Engine/Content/Internationalization/icudt64l/region/en_IL.res" 1304
"../../../Engine/Content/Internationalization/icudt64l/lang/en_IM.res" 1305
"../../../Engine/Content/Internationalization/icudt64l/region/en_IM.res" 1306
"../../../Engine/Content/Internationalization/icudt64l/lang/en_IN.res" 1307
"../../../Engine/Content/Internationalization/icudt64l/region/en_IN.res" 1308
"../../../Engine/Content/Internationalization/icudt64l/lang/en_IO.res" 1309
"../../../Engine/Content/Internationalization/icudt64l/region/en_IO.res" 1310
"../../../Engine/Content/Internationalization/icudt64l/lang/en_JE.res" 1311
"../../../Engine/Content/Internationalization/icudt64l/region/en_JE.res" 1312
"../../../Engine/Content/Internationalization/icudt64l/lang/en_JM.res" 1313
"../../../Engine/Content/Internationalization/icudt64l/region/en_JM.res" 1314
"../../../Engine/Content/Internationalization/icudt64l/lang/en_KE.res" 1315
"../../../Engine/Content/Internationalization/icudt64l/region/en_KE.res" 1316
"../../../Engine/Content/Internationalization/icudt64l/lang/en_KI.res" 1317
"../../../Engine/Content/Internationalization/icudt64l/region/en_KI.res" 1318
"../../../Engine/Content/Internationalization/icudt64l/lang/en_KN.res" 1319
"../../../Engine/Content/Internationalization/icudt64l/region/en_KN.res" 1320
"../../../Engine/Content/Internationalization/icudt64l/lang/en_KY.res" 1321
"../../../Engine/Content/Internationalization/icudt64l/region/en_KY.res" 1322
"../../../Engine/Content/Internationalization/icudt64l/lang/en_LC.res" 1323
"../../../Engine/Content/Internationalization/icudt64l/region/en_LC.res" 1324
"../../../Engine/Content/Internationalization/icudt64l/lang/en_LR.res" 1325
"../../../Engine/Content/Internationalization/icudt64l/region/en_LR.res" 1326
"../../../Engine/Content/Internationalization/icudt64l/lang/en_LS.res" 1327
"../../../Engine/Content/Internationalization/icudt64l/region/en_LS.res" 1328
"../../../Engine/Content/Internationalization/icudt64l/lang/en_MG.res" 1329
"../../../Engine/Content/Internationalization/icudt64l/region/en_MG.res" 1330
"../../../Engine/Content/Internationalization/icudt64l/lang/en_MO.res" 1331
"../../../Engine/Content/Internationalization/icudt64l/region/en_MO.res" 1332
"../../../Engine/Content/Internationalization/icudt64l/lang/en_MS.res" 1333
"../../../Engine/Content/Internationalization/icudt64l/region/en_MS.res" 1334
"../../../Engine/Content/Internationalization/icudt64l/lang/en_MT.res" 1335
"../../../Engine/Content/Internationalization/icudt64l/region/en_MT.res" 1336
"../../../Engine/Content/Internationalization/icudt64l/lang/en_MU.res" 1337
"../../../Engine/Content/Internationalization/icudt64l/region/en_MU.res" 1338
"../../../Engine/Content/Internationalization/icudt64l/lang/en_MW.res" 1339
"../../../Engine/Content/Internationalization/icudt64l/region/en_MW.res" 1340
"../../../Engine/Content/Internationalization/icudt64l/lang/en_MY.res" 1341
"../../../Engine/Content/Internationalization/icudt64l/region/en_MY.res" 1342
"../../../Engine/Content/Internationalization/icudt64l/lang/en_NA.res" 1343
"../../../Engine/Content/Internationalization/icudt64l/region/en_NA.res" 1344
"../../../Engine/Content/Internationalization/icudt64l/lang/en_NF.res" 1345
"../../../Engine/Content/Internationalization/icudt64l/region/en_NF.res" 1346
"../../../Engine/Content/Internationalization/icudt64l/lang/en_NG.res" 1347
"../../../Engine/Content/Internationalization/icudt64l/region/en_NG.res" 1348
"../../../Engine/Content/Internationalization/icudt64l/lang/en_NL.res" 1349
"../../../Engine/Content/Internationalization/icudt64l/region/en_NL.res" 1350
"../../../Engine/Content/Internationalization/icudt64l/lang/en_NR.res" 1351
"../../../Engine/Content/Internationalization/icudt64l/region/en_NR.res" 1352
"../../../Engine/Content/Internationalization/icudt64l/lang/en_NU.res" 1353
"../../../Engine/Content/Internationalization/icudt64l/region/en_NU.res" 1354
"../../../Engine/Content/Internationalization/icudt64l/lang/en_NZ.res" 1355
"../../../Engine/Content/Internationalization/icudt64l/region/en_NZ.res" 1356
"../../../Engine/Content/Internationalization/icudt64l/lang/en_PG.res" 1357
"../../../Engine/Content/Internationalization/icudt64l/region/en_PG.res" 1358
"../../../Engine/Content/Internationalization/icudt64l/lang/en_PH.res" 1359
"../../../Engine/Content/Internationalization/icudt64l/region/en_PH.res" 1360
"../../../Engine/Content/Internationalization/icudt64l/lang/en_PK.res" 1361
"../../../Engine/Content/Internationalization/icudt64l/region/en_PK.res" 1362
"../../../Engine/Content/Internationalization/icudt64l/lang/en_PN.res" 1363
"../../../Engine/Content/Internationalization/icudt64l/region/en_PN.res" 1364
"../../../Engine/Content/Internationalization/icudt64l/lang/en_PW.res" 1365
"../../../Engine/Content/Internationalization/icudt64l/region/en_PW.res" 1366
"../../../Engine/Content/Internationalization/icudt64l/lang/en_RW.res" 1367
"../../../Engine/Content/Internationalization/icudt64l/region/en_RW.res" 1368
"../../../Engine/Content/Internationalization/icudt64l/lang/en_SB.res" 1369
"../../../Engine/Content/Internationalization/icudt64l/region/en_SB.res" 1370
"../../../Engine/Content/Internationalization/icudt64l/lang/en_SC.res" 1371
"../../../Engine/Content/Internationalization/icudt64l/region/en_SC.res" 1372
"../../../Engine/Content/Internationalization/icudt64l/lang/en_SD.res" 1373
"../../../Engine/Content/Internationalization/icudt64l/region/en_SD.res" 1374
"../../../Engine/Content/Internationalization/icudt64l/lang/en_SE.res" 1375
"../../../Engine/Content/Internationalization/icudt64l/region/en_SE.res" 1376
"../../../Engine/Content/Internationalization/icudt64l/lang/en_SG.res" 1377
"../../../Engine/Content/Internationalization/icudt64l/region/en_SG.res" 1378
"../../../Engine/Content/Internationalization/icudt64l/lang/en_SH.res" 1379
"../../../Engine/Content/Internationalization/icudt64l/region/en_SH.res" 1380
"../../../Engine/Content/Internationalization/icudt64l/lang/en_SI.res" 1381
"../../../Engine/Content/Internationalization/icudt64l/region/en_SI.res" 1382
"../../../Engine/Content/Internationalization/icudt64l/lang/en_SL.res" 1383
"../../../Engine/Content/Internationalization/icudt64l/region/en_SL.res" 1384
"../../../Engine/Content/Internationalization/icudt64l/lang/en_SS.res" 1385
"../../../Engine/Content/Internationalization/icudt64l/region/en_SS.res" 1386
"../../../Engine/Content/Internationalization/icudt64l/lang/en_SX.res" 1387
"../../../Engine/Content/Internationalization/icudt64l/region/en_SX.res" 1388
"../../../Engine/Content/Internationalization/icudt64l/lang/en_SZ.res" 1389
"../../../Engine/Content/Internationalization/icudt64l/region/en_SZ.res" 1390
"../../../Engine/Content/Internationalization/icudt64l/lang/en_TC.res" 1391
"../../../Engine/Content/Internationalization/icudt64l/region/en_TC.res" 1392
"../../../Engine/Content/Internationalization/icudt64l/lang/en_TK.res" 1393
"../../../Engine/Content/Internationalization/icudt64l/region/en_TK.res" 1394
"../../../Engine/Content/Internationalization/icudt64l/lang/en_TO.res" 1395
"../../../Engine/Content/Internationalization/icudt64l/region/en_TO.res" 1396
"../../../Engine/Content/Internationalization/icudt64l/lang/en_TT.res" 1397
"../../../Engine/Content/Internationalization/icudt64l/region/en_TT.res" 1398
"../../../Engine/Content/Internationalization/icudt64l/lang/en_TV.res" 1399
"../../../Engine/Content/Internationalization/icudt64l/region/en_TV.res" 1400
"../../../Engine/Content/Internationalization/icudt64l/lang/en_TZ.res" 1401
"../../../Engine/Content/Internationalization/icudt64l/region/en_TZ.res" 1402
"../../../Engine/Content/Internationalization/icudt64l/lang/en_UG.res" 1403
"../../../Engine/Content/Internationalization/icudt64l/region/en_UG.res" 1404
"../../../Engine/Content/Internationalization/icudt64l/lang/en_VC.res" 1405
"../../../Engine/Content/Internationalization/icudt64l/region/en_VC.res" 1406
"../../../Engine/Content/Internationalization/icudt64l/lang/en_VG.res" 1407
"../../../Engine/Content/Internationalization/icudt64l/region/en_VG.res" 1408
"../../../Engine/Content/Internationalization/icudt64l/lang/en_VU.res" 1409
"../../../Engine/Content/Internationalization/icudt64l/region/en_VU.res" 1410
"../../../Engine/Content/Internationalization/icudt64l/lang/en_WS.res" 1411
"../../../Engine/Content/Internationalization/icudt64l/region/en_WS.res" 1412
"../../../Engine/Content/Internationalization/icudt64l/lang/en_ZA.res" 1413
"../../../Engine/Content/Internationalization/icudt64l/region/en_ZA.res" 1414
"../../../Engine/Content/Internationalization/icudt64l/lang/en_ZM.res" 1415
"../../../Engine/Content/Internationalization/icudt64l/region/en_ZM.res" 1416
"../../../Engine/Content/Internationalization/icudt64l/lang/en_ZW.res" 1417
"../../../Engine/Content/Internationalization/icudt64l/region/en_ZW.res" 1418
"../../../Engine/Content/Internationalization/icudt64l/lang/eo.res" 1419
"../../../Engine/Content/Internationalization/icudt64l/region/eo.res" 1420
"../../../Engine/Content/Internationalization/icudt64l/lang/es.res" 1421
"../../../Engine/Content/Internationalization/icudt64l/lang/es_419.res" 1422
"../../../Engine/Content/Internationalization/icudt64l/region/es_419.res" 1423
"../../../Engine/Content/Internationalization/icudt64l/region/es.res" 1424
"../../../Engine/Content/Internationalization/icudt64l/lang/es_AR.res" 1425
"../../../Engine/Content/Internationalization/icudt64l/region/es_AR.res" 1426
"../../../Engine/Content/Internationalization/icudt64l/lang/es_BO.res" 1427
"../../../Engine/Content/Internationalization/icudt64l/region/es_BO.res" 1428
"../../../Engine/Content/Internationalization/icudt64l/lang/es_BR.res" 1429
"../../../Engine/Content/Internationalization/icudt64l/region/es_BR.res" 1430
"../../../Engine/Content/Internationalization/icudt64l/lang/es_BZ.res" 1431
"../../../Engine/Content/Internationalization/icudt64l/region/es_BZ.res" 1432
"../../../Engine/Content/Internationalization/icudt64l/lang/es_CL.res" 1433
"../../../Engine/Content/Internationalization/icudt64l/region/es_CL.res" 1434
"../../../Engine/Content/Internationalization/icudt64l/lang/es_CO.res" 1435
"../../../Engine/Content/Internationalization/icudt64l/region/es_CO.res" 1436
"../../../Engine/Content/Internationalization/icudt64l/lang/es_CR.res" 1437
"../../../Engine/Content/Internationalization/icudt64l/region/es_CR.res" 1438
"../../../Engine/Content/Internationalization/icudt64l/lang/es_CU.res" 1439
"../../../Engine/Content/Internationalization/icudt64l/region/es_CU.res" 1440
"../../../Engine/Content/Internationalization/icudt64l/lang/es_DO.res" 1441
"../../../Engine/Content/Internationalization/icudt64l/region/es_DO.res" 1442
"../../../Engine/Content/Internationalization/icudt64l/lang/es_EC.res" 1443
"../../../Engine/Content/Internationalization/icudt64l/region/es_EC.res" 1444
"../../../Engine/Content/Internationalization/icudt64l/lang/es_GT.res" 1445
"../../../Engine/Content/Internationalization/icudt64l/region/es_GT.res" 1446
"../../../Engine/Content/Internationalization/icudt64l/lang/es_HN.res" 1447
"../../../Engine/Content/Internationalization/icudt64l/region/es_HN.res" 1448
"../../../Engine/Content/Internationalization/icudt64l/lang/es_MX.res" 1449
"../../../Engine/Content/Internationalization/icudt64l/region/es_MX.res" 1450
"../../../Engine/Content/Internationalization/icudt64l/lang/es_NI.res" 1451
"../../../Engine/Content/Internationalization/icudt64l/region/es_NI.res" 1452
"../../../Engine/Content/Internationalization/icudt64l/lang/es_PA.res" 1453
"../../../Engine/Content/Internationalization/icudt64l/region/es_PA.res" 1454
"../../../Engine/Content/Internationalization/icudt64l/lang/es_PE.res" 1455
"../../../Engine/Content/Internationalization/icudt64l/region/es_PE.res" 1456
"../../../Engine/Content/Internationalization/icudt64l/lang/es_PR.res" 1457
"../../../Engine/Content/Internationalization/icudt64l/region/es_PR.res" 1458
"../../../Engine/Content/Internationalization/icudt64l/lang/es_PY.res" 1459
"../../../Engine/Content/Internationalization/icudt64l/region/es_PY.res" 1460
"../../../Engine/Content/Internationalization/icudt64l/lang/es_SV.res" 1461
"../../../Engine/Content/Internationalization/icudt64l/region/es_SV.res" 1462
"../../../Engine/Content/Internationalization/icudt64l/lang/es_US.res" 1463
"../../../Engine/Content/Internationalization/icudt64l/region/es_US.res" 1464
"../../../Engine/Content/Internationalization/icudt64l/lang/es_UY.res" 1465
"../../../Engine/Content/Internationalization/icudt64l/region/es_UY.res" 1466
"../../../Engine/Content/Internationalization/icudt64l/lang/es_VE.res" 1467
"../../../Engine/Content/Internationalization/icudt64l/region/es_VE.res" 1468
"../../../Engine/Content/Internationalization/icudt64l/lang/et.res" 1469
"../../../Engine/Content/Internationalization/icudt64l/region/et.res" 1470
"../../../Engine/Content/Internationalization/icudt64l/lang/eu.res" 1471
"../../../Engine/Content/Internationalization/icudt64l/region/eu.res" 1472
"../../../Engine/Content/Internationalization/icudt64l/lang/ewo.res" 1473
"../../../Engine/Content/Internationalization/icudt64l/region/ewo.res" 1474
"../../../Engine/Content/Internationalization/icudt64l/lang/fa.res" 1475
"../../../Engine/Content/Internationalization/icudt64l/lang/fa_AF.res" 1476
"../../../Engine/Content/Internationalization/icudt64l/region/fa_AF.res" 1477
"../../../Engine/Content/Internationalization/icudt64l/region/fa.res" 1478
"../../../Engine/Content/Internationalization/icudt64l/lang/ff.res" 1479
"../../../Engine/Content/Internationalization/icudt64l/lang/ff_Latn.res" 1480
"../../../Engine/Content/Internationalization/icudt64l/region/ff.res" 1481
"../../../Engine/Content/Internationalization/icudt64l/region/ff_Latn.res" 1482
"../../../Engine/Content/Internationalization/icudt64l/lang/ff_CM.res" 1483
"../../../Engine/Content/Internationalization/icudt64l/lang/ff_Latn_CM.res" 1484
"../../../Engine/Content/Internationalization/icudt64l/region/ff_CM.res" 1485
"../../../Engine/Content/Internationalization/icudt64l/region/ff_Latn_CM.res" 1486
"../../../Engine/Content/Internationalization/icudt64l/lang/ff_GN.res" 1487
"../../../Engine/Content/Internationalization/icudt64l/lang/ff_Latn_GN.res" 1488
"../../../Engine/Content/Internationalization/icudt64l/region/ff_GN.res" 1489
"../../../Engine/Content/Internationalization/icudt64l/region/ff_Latn_GN.res" 1490
"../../../Engine/Content/Internationalization/icudt64l/lang/ff_MR.res" 1491
"../../../Engine/Content/Internationalization/icudt64l/lang/ff_Latn_MR.res" 1492
"../../../Engine/Content/Internationalization/icudt64l/region/ff_MR.res" 1493
"../../../Engine/Content/Internationalization/icudt64l/region/ff_Latn_MR.res" 1494
"../../../Engine/Content/Internationalization/icudt64l/lang/ff_SN.res" 1495
"../../../Engine/Content/Internationalization/icudt64l/lang/ff_Latn_SN.res" 1496
"../../../Engine/Content/Internationalization/icudt64l/region/ff_SN.res" 1497
"../../../Engine/Content/Internationalization/icudt64l/region/ff_Latn_SN.res" 1498
"../../../Engine/Content/Internationalization/icudt64l/lang/fi.res" 1499
"../../../Engine/Content/Internationalization/icudt64l/region/fi.res" 1500
"../../../Engine/Content/Internationalization/icudt64l/lang/fil.res" 1501
"../../../Engine/Content/Internationalization/icudt64l/lang/fil_PH.res" 1502
"../../../Engine/Content/Internationalization/icudt64l/region/fil_PH.res" 1503
"../../../Engine/Content/Internationalization/icudt64l/region/fil.res" 1504
"../../../Engine/Content/Internationalization/icudt64l/lang/fo.res" 1505
"../../../Engine/Content/Internationalization/icudt64l/region/fo.res" 1506
"../../../Engine/Content/Internationalization/icudt64l/lang/fr.res" 1507
"../../../Engine/Content/Internationalization/icudt64l/lang/fr_BE.res" 1508
"../../../Engine/Content/Internationalization/icudt64l/region/fr_BE.res" 1509
"../../../Engine/Content/Internationalization/icudt64l/region/fr.res" 1510
"../../../Engine/Content/Internationalization/icudt64l/lang/fr_CA.res" 1511
"../../../Engine/Content/Internationalization/icudt64l/region/fr_CA.res" 1512
"../../../Engine/Content/Internationalization/icudt64l/lang/fr_CH.res" 1513
"../../../Engine/Content/Internationalization/icudt64l/lang/fur.res" 1514
"../../../Engine/Content/Internationalization/icudt64l/region/fur.res" 1515
"../../../Engine/Content/Internationalization/icudt64l/lang/fy.res" 1516
"../../../Engine/Content/Internationalization/icudt64l/region/fy.res" 1517
"../../../Engine/Content/Internationalization/icudt64l/lang/ga.res" 1518
"../../../Engine/Content/Internationalization/icudt64l/region/ga.res" 1519
"../../../Engine/Content/Internationalization/icudt64l/lang/gd.res" 1520
"../../../Engine/Content/Internationalization/icudt64l/region/gd.res" 1521
"../../../Engine/Content/Internationalization/icudt64l/lang/gl.res" 1522
"../../../Engine/Content/Internationalization/icudt64l/region/gl.res" 1523
"../../../Engine/Content/Internationalization/icudt64l/lang/gsw.res" 1524
"../../../Engine/Content/Internationalization/icudt64l/region/gsw.res" 1525
"../../../Engine/Content/Internationalization/icudt64l/lang/gu.res" 1526
"../../../Engine/Content/Internationalization/icudt64l/region/gu.res" 1527
"../../../Engine/Content/Internationalization/icudt64l/lang/guz.res" 1528
"../../../Engine/Content/Internationalization/icudt64l/region/guz.res" 1529
"../../../Engine/Content/Internationalization/icudt64l/lang/gv.res" 1530
"../../../Engine/Content/Internationalization/icudt64l/region/gv.res" 1531
"../../../Engine/Content/Internationalization/icudt64l/lang/ha.res" 1532
"../../../Engine/Content/Internationalization/icudt64l/region/ha.res" 1533
"../../../Engine/Content/Internationalization/icudt64l/lang/ha_NE.res" 1534
"../../../Engine/Content/Internationalization/icudt64l/region/ha_NE.res" 1535
"../../../Engine/Content/Internationalization/icudt64l/lang/haw.res" 1536
"../../../Engine/Content/Internationalization/icudt64l/region/haw.res" 1537
"../../../Engine/Content/Internationalization/icudt64l/lang/he.res" 1538
"../../../Engine/Content/Internationalization/icudt64l/lang/he_IL.res" 1539
"../../../Engine/Content/Internationalization/icudt64l/region/he_IL.res" 1540
"../../../Engine/Content/Internationalization/icudt64l/region/he.res" 1541
"../../../Engine/Content/Internationalization/icudt64l/lang/hi.res" 1542
"../../../Engine/Content/Internationalization/icudt64l/region/hi.res" 1543
"../../../Engine/Content/Internationalization/icudt64l/lang/hr.res" 1544
"../../../Engine/Content/Internationalization/icudt64l/region/hr.res" 1545
"../../../Engine/Content/Internationalization/icudt64l/lang/hsb.res" 1546
"../../../Engine/Content/Internationalization/icudt64l/region/hsb.res" 1547
"../../../Engine/Content/Internationalization/icudt64l/lang/hu.res" 1548
"../../../Engine/Content/Internationalization/icudt64l/region/hu.res" 1549
"../../../Engine/Content/Internationalization/icudt64l/lang/hy.res" 1550
"../../../Engine/Content/Internationalization/icudt64l/region/hy.res" 1551
"../../../Engine/Content/Internationalization/icudt64l/lang/ia.res" 1552
"../../../Engine/Content/Internationalization/icudt64l/region/ia.res" 1553
"../../../Engine/Content/Internationalization/icudt64l/lang/id.res" 1554
"../../../Engine/Content/Internationalization/icudt64l/lang/id_ID.res" 1555
"../../../Engine/Content/Internationalization/icudt64l/region/id_ID.res" 1556
"../../../Engine/Content/Internationalization/icudt64l/region/id.res" 1557
"../../../Engine/Content/Internationalization/icudt64l/lang/ig.res" 1558
"../../../Engine/Content/Internationalization/icudt64l/region/ig.res" 1559
"../../../Engine/Content/Internationalization/icudt64l/lang/ii.res" 1560
"../../../Engine/Content/Internationalization/icudt64l/region/ii.res" 1561
"../../../Engine/Content/Internationalization/icudt64l/lang/is.res" 1562
"../../../Engine/Content/Internationalization/icudt64l/region/is.res" 1563
"../../../Engine/Content/Internationalization/icudt64l/lang/it.res" 1564
"../../../Engine/Content/Internationalization/icudt64l/region/it.res" 1565
"../../../Engine/Content/Internationalization/icudt64l/lang/ja.res" 1566
"../../../Engine/Content/Internationalization/icudt64l/lang/ja_JP.res" 1567
"../../../Engine/Content/Internationalization/icudt64l/region/ja_JP.res" 1568
"../../../Engine/Content/Internationalization/icudt64l/region/ja.res" 1569
"../../../Engine/Content/Internationalization/icudt64l/lang/jgo.res" 1570
"../../../Engine/Content/Internationalization/icudt64l/region/jgo.res" 1571
"../../../Engine/Content/Internationalization/icudt64l/lang/jmc.res" 1572
"../../../Engine/Content/Internationalization/icudt64l/region/jmc.res" 1573
"../../../Engine/Content/Internationalization/icudt64l/lang/jv.res" 1574
"../../../Engine/Content/Internationalization/icudt64l/region/jv.res" 1575
"../../../Engine/Content/Internationalization/icudt64l/lang/ka.res" 1576
"../../../Engine/Content/Internationalization/icudt64l/region/ka.res" 1577
"../../../Engine/Content/Internationalization/icudt64l/lang/kab.res" 1578
"../../../Engine/Content/Internationalization/icudt64l/region/kab.res" 1579
"../../../Engine/Content/Internationalization/icudt64l/lang/kam.res" 1580
"../../../Engine/Content/Internationalization/icudt64l/region/kam.res" 1581
"../../../Engine/Content/Internationalization/icudt64l/lang/kde.res" 1582
"../../../Engine/Content/Internationalization/icudt64l/region/kde.res" 1583
"../../../Engine/Content/Internationalization/icudt64l/lang/kea.res" 1584
"../../../Engine/Content/Internationalization/icudt64l/region/kea.res" 1585
"../../../Engine/Content/Internationalization/icudt64l/lang/khq.res" 1586
"../../../Engine/Content/Internationalization/icudt64l/region/khq.res" 1587
"../../../Engine/Content/Internationalization/icudt64l/lang/ki.res" 1588
"../../../Engine/Content/Internationalization/icudt64l/region/ki.res" 1589
"../../../Engine/Content/Internationalization/icudt64l/lang/kk.res" 1590
"../../../Engine/Content/Internationalization/icudt64l/region/kk.res" 1591
"../../../Engine/Content/Internationalization/icudt64l/lang/kkj.res" 1592
"../../../Engine/Content/Internationalization/icudt64l/region/kkj.res" 1593
"../../../Engine/Content/Internationalization/icudt64l/lang/kl.res" 1594
"../../../Engine/Content/Internationalization/icudt64l/region/kl.res" 1595
"../../../Engine/Content/Internationalization/icudt64l/lang/kln.res" 1596
"../../../Engine/Content/Internationalization/icudt64l/region/kln.res" 1597
"../../../Engine/Content/Internationalization/icudt64l/lang/km.res" 1598
"../../../Engine/Content/Internationalization/icudt64l/region/km.res" 1599
"../../../Engine/Content/Internationalization/icudt64l/lang/kn.res" 1600
"../../../Engine/Content/Internationalization/icudt64l/region/kn.res" 1601
"../../../Engine/Content/Internationalization/icudt64l/lang/ko.res" 1602
"../../../Engine/Content/Internationalization/icudt64l/region/ko_KP.res" 1603
"../../../Engine/Content/Internationalization/icudt64l/region/ko.res" 1604
"../../../Engine/Content/Internationalization/icudt64l/lang/kok.res" 1605
"../../../Engine/Content/Internationalization/icudt64l/region/kok.res" 1606
"../../../Engine/Content/Internationalization/icudt64l/lang/ks.res" 1607
"../../../Engine/Content/Internationalization/icudt64l/region/ks.res" 1608
"../../../Engine/Content/Internationalization/icudt64l/lang/ksb.res" 1609
"../../../Engine/Content/Internationalization/icudt64l/region/ksb.res" 1610
"../../../Engine/Content/Internationalization/icudt64l/lang/ksf.res" 1611
"../../../Engine/Content/Internationalization/icudt64l/region/ksf.res" 1612
"../../../Engine/Content/Internationalization/icudt64l/lang/ksh.res" 1613
"../../../Engine/Content/Internationalization/icudt64l/region/ksh.res" 1614
"../../../Engine/Content/Internationalization/icudt64l/lang/ku.res" 1615
"../../../Engine/Content/Internationalization/icudt64l/region/ku.res" 1616
"../../../Engine/Content/Internationalization/icudt64l/lang/kw.res" 1617
"../../../Engine/Content/Internationalization/icudt64l/region/kw.res" 1618
"../../../Engine/Content/Internationalization/icudt64l/lang/ky.res" 1619
"../../../Engine/Content/Internationalization/icudt64l/region/ky.res" 1620
"../../../Engine/Content/Internationalization/icudt64l/lang/lag.res" 1621
"../../../Engine/Content/Internationalization/icudt64l/region/lag.res" 1622
"../../../Engine/Content/Internationalization/icudt64l/lang/lb.res" 1623
"../../../Engine/Content/Internationalization/icudt64l/region/lb.res" 1624
"../../../Engine/Content/Internationalization/icudt64l/lang/lg.res" 1625
"../../../Engine/Content/Internationalization/icudt64l/region/lg.res" 1626
"../../../Engine/Content/Internationalization/icudt64l/lang/lkt.res" 1627
"../../../Engine/Content/Internationalization/icudt64l/region/lkt.res" 1628
"../../../Engine/Content/Internationalization/icudt64l/lang/ln.res" 1629
"../../../Engine/Content/Internationalization/icudt64l/region/ln.res" 1630
"../../../Engine/Content/Internationalization/icudt64l/lang/lo.res" 1631
"../../../Engine/Content/Internationalization/icudt64l/region/lo.res" 1632
"../../../Engine/Content/Internationalization/icudt64l/lang/lrc.res" 1633
"../../../Engine/Content/Internationalization/icudt64l/region/lrc.res" 1634
"../../../Engine/Content/Internationalization/icudt64l/lang/lt.res" 1635
"../../../Engine/Content/Internationalization/icudt64l/region/lt.res" 1636
"../../../Engine/Content/Internationalization/icudt64l/lang/lu.res" 1637
"../../../Engine/Content/Internationalization/icudt64l/region/lu.res" 1638
"../../../Engine/Content/Internationalization/icudt64l/lang/luo.res" 1639
"../../../Engine/Content/Internationalization/icudt64l/region/luo.res" 1640
"../../../Engine/Content/Internationalization/icudt64l/lang/luy.res" 1641
"../../../Engine/Content/Internationalization/icudt64l/region/luy.res" 1642
"../../../Engine/Content/Internationalization/icudt64l/lang/lv.res" 1643
"../../../Engine/Content/Internationalization/icudt64l/region/lv.res" 1644
"../../../Engine/Content/Internationalization/icudt64l/lang/mas.res" 1645
"../../../Engine/Content/Internationalization/icudt64l/region/mas.res" 1646
"../../../Engine/Content/Internationalization/icudt64l/lang/mer.res" 1647
"../../../Engine/Content/Internationalization/icudt64l/region/mer.res" 1648
"../../../Engine/Content/Internationalization/icudt64l/lang/mfe.res" 1649
"../../../Engine/Content/Internationalization/icudt64l/region/mfe.res" 1650
"../../../Engine/Content/Internationalization/icudt64l/lang/mg.res" 1651
"../../../Engine/Content/Internationalization/icudt64l/region/mg.res" 1652
"../../../Engine/Content/Internationalization/icudt64l/lang/mgh.res" 1653
"../../../Engine/Content/Internationalization/icudt64l/region/mgh.res" 1654
"../../../Engine/Content/Internationalization/icudt64l/lang/mgo.res" 1655
"../../../Engine/Content/Internationalization/icudt64l/region/mgo.res" 1656
"../../../Engine/Content/Internationalization/icudt64l/lang/mi.res" 1657
"../../../Engine/Content/Internationalization/icudt64l/region/mi.res" 1658
"../../../Engine/Content/Internationalization/icudt64l/lang/mk.res" 1659
"../../../Engine/Content/Internationalization/icudt64l/region/mk.res" 1660
"../../../Engine/Content/Internationalization/icudt64l/lang/ml.res" 1661
"../../../Engine/Content/Internationalization/icudt64l/region/ml.res" 1662
"../../../Engine/Content/Internationalization/icudt64l/lang/mn.res" 1663
"../../../Engine/Content/Internationalization/icudt64l/region/mn.res" 1664
"../../../Engine/Content/Internationalization/icudt64l/lang/mr.res" 1665
"../../../Engine/Content/Internationalization/icudt64l/region/mr.res" 1666
"../../../Engine/Content/Internationalization/icudt64l/lang/ms.res" 1667
"../../../Engine/Content/Internationalization/icudt64l/region/ms.res" 1668
"../../../Engine/Content/Internationalization/icudt64l/lang/mt.res" 1669
"../../../Engine/Content/Internationalization/icudt64l/region/mt.res" 1670
"../../../Engine/Content/Internationalization/icudt64l/lang/mua.res" 1671
"../../../Engine/Content/Internationalization/icudt64l/region/mua.res" 1672
"../../../Engine/Content/Internationalization/icudt64l/lang/my.res" 1673
"../../../Engine/Content/Internationalization/icudt64l/region/my.res" 1674
"../../../Engine/Content/Internationalization/icudt64l/lang/mzn.res" 1675
"../../../Engine/Content/Internationalization/icudt64l/region/mzn.res" 1676
"../../../Engine/Content/Internationalization/icudt64l/lang/naq.res" 1677
"../../../Engine/Content/Internationalization/icudt64l/region/naq.res" 1678
"../../../Engine/Content/Internationalization/icudt64l/lang/nb.res" 1679
"../../../Engine/Content/Internationalization/icudt64l/lang/nb_NO.res" 1680
"../../../Engine/Content/Internationalization/icudt64l/region/nb_NO.res" 1681
"../../../Engine/Content/Internationalization/icudt64l/region/nb.res" 1682
"../../../Engine/Content/Internationalization/icudt64l/lang/nd.res" 1683
"../../../Engine/Content/Internationalization/icudt64l/region/nd.res" 1684
"../../../Engine/Content/Internationalization/icudt64l/lang/nds.res" 1685
"../../../Engine/Content/Internationalization/icudt64l/region/nds.res" 1686
"../../../Engine/Content/Internationalization/icudt64l/lang/ne.res" 1687
"../../../Engine/Content/Internationalization/icudt64l/region/ne.res" 1688
"../../../Engine/Content/Internationalization/icudt64l/lang/nl.res" 1689
"../../../Engine/Content/Internationalization/icudt64l/region/nl.res" 1690
"../../../Engine/Content/Internationalization/icudt64l/lang/nmg.res" 1691
"../../../Engine/Content/Internationalization/icudt64l/region/nmg.res" 1692
"../../../Engine/Content/Internationalization/icudt64l/lang/nn.res" 1693
"../../../Engine/Content/Internationalization/icudt64l/lang/nn_NO.res" 1694
"../../../Engine/Content/Internationalization/icudt64l/region/nn_NO.res" 1695
"../../../Engine/Content/Internationalization/icudt64l/region/nn.res" 1696
"../../../Engine/Content/Internationalization/icudt64l/lang/nnh.res" 1697
"../../../Engine/Content/Internationalization/icudt64l/region/nnh.res" 1698
"../../../Engine/Content/Internationalization/icudt64l/lang/nus.res" 1699
"../../../Engine/Content/Internationalization/icudt64l/region/nus.res" 1700
"../../../Engine/Content/Internationalization/icudt64l/lang/nyn.res" 1701
"../../../Engine/Content/Internationalization/icudt64l/region/nyn.res" 1702
"../../../Engine/Content/Internationalization/icudt64l/lang/om.res" 1703
"../../../Engine/Content/Internationalization/icudt64l/region/om.res" 1704
"../../../Engine/Content/Internationalization/icudt64l/lang/or.res" 1705
"../../../Engine/Content/Internationalization/icudt64l/region/or.res" 1706
"../../../Engine/Content/Internationalization/icudt64l/lang/os.res" 1707
"../../../Engine/Content/Internationalization/icudt64l/region/os.res" 1708
"../../../Engine/Content/Internationalization/icudt64l/lang/pa.res" 1709
"../../../Engine/Content/Internationalization/icudt64l/lang/pa_Arab.res" 1710
"../../../Engine/Content/Internationalization/icudt64l/lang/pa_PK.res" 1711
"../../../Engine/Content/Internationalization/icudt64l/lang/pa_Arab_PK.res" 1712
"../../../Engine/Content/Internationalization/icudt64l/region/pa_PK.res" 1713
"../../../Engine/Content/Internationalization/icudt64l/region/pa_Arab_PK.res" 1714
"../../../Engine/Content/Internationalization/icudt64l/region/pa_Arab.res" 1715
"../../../Engine/Content/Internationalization/icudt64l/lang/pa_Guru.res" 1716
"../../../Engine/Content/Internationalization/icudt64l/lang/pa_IN.res" 1717
"../../../Engine/Content/Internationalization/icudt64l/lang/pa_Guru_IN.res" 1718
"../../../Engine/Content/Internationalization/icudt64l/region/pa_IN.res" 1719
"../../../Engine/Content/Internationalization/icudt64l/region/pa_Guru_IN.res" 1720
"../../../Engine/Content/Internationalization/icudt64l/region/pa_Guru.res" 1721
"../../../Engine/Content/Internationalization/icudt64l/region/pa.res" 1722
"../../../Engine/Content/Internationalization/icudt64l/lang/pl.res" 1723
"../../../Engine/Content/Internationalization/icudt64l/region/pl.res" 1724
"../../../Engine/Content/Internationalization/icudt64l/lang/ps.res" 1725
"../../../Engine/Content/Internationalization/icudt64l/region/ps.res" 1726
"../../../Engine/Content/Internationalization/icudt64l/lang/ps_PK.res" 1727
"../../../Engine/Content/Internationalization/icudt64l/region/ps_PK.res" 1728
"../../../Engine/Content/Internationalization/icudt64l/lang/pt.res" 1729
"../../../Engine/Content/Internationalization/icudt64l/lang/pt_AO.res" 1730
"../../../Engine/Content/Internationalization/icudt64l/lang/pt_PT.res" 1731
"../../../Engine/Content/Internationalization/icudt64l/region/pt_AO.res" 1732
"../../../Engine/Content/Internationalization/icudt64l/region/pt_PT.res" 1733
"../../../Engine/Content/Internationalization/icudt64l/region/pt.res" 1734
"../../../Engine/Content/Internationalization/icudt64l/lang/pt_CH.res" 1735
"../../../Engine/Content/Internationalization/icudt64l/region/pt_CH.res" 1736
"../../../Engine/Content/Internationalization/icudt64l/lang/pt_CV.res" 1737
"../../../Engine/Content/Internationalization/icudt64l/region/pt_CV.res" 1738
"../../../Engine/Content/Internationalization/icudt64l/lang/pt_GQ.res" 1739
"../../../Engine/Content/Internationalization/icudt64l/region/pt_GQ.res" 1740
"../../../Engine/Content/Internationalization/icudt64l/lang/pt_GW.res" 1741
"../../../Engine/Content/Internationalization/icudt64l/region/pt_GW.res" 1742
"../../../Engine/Content/Internationalization/icudt64l/lang/pt_LU.res" 1743
"../../../Engine/Content/Internationalization/icudt64l/region/pt_LU.res" 1744
"../../../Engine/Content/Internationalization/icudt64l/lang/pt_MO.res" 1745
"../../../Engine/Content/Internationalization/icudt64l/region/pt_MO.res" 1746
"../../../Engine/Content/Internationalization/icudt64l/lang/pt_MZ.res" 1747
"../../../Engine/Content/Internationalization/icudt64l/region/pt_MZ.res" 1748
"../../../Engine/Content/Internationalization/icudt64l/lang/pt_ST.res" 1749
"../../../Engine/Content/Internationalization/icudt64l/region/pt_ST.res" 1750
"../../../Engine/Content/Internationalization/icudt64l/lang/pt_TL.res" 1751
"../../../Engine/Content/Internationalization/icudt64l/region/pt_TL.res" 1752
"../../../Engine/Content/Internationalization/icudt64l/lang/qu.res" 1753
"../../../Engine/Content/Internationalization/icudt64l/region/qu.res" 1754
"../../../Engine/Content/Internationalization/icudt64l/lang/rm.res" 1755
"../../../Engine/Content/Internationalization/icudt64l/region/rm.res" 1756
"../../../Engine/Content/Internationalization/icudt64l/lang/rn.res" 1757
"../../../Engine/Content/Internationalization/icudt64l/region/rn.res" 1758
"../../../Engine/Content/Internationalization/icudt64l/lang/ro.res" 1759
"../../../Engine/Content/Internationalization/icudt64l/lang/ro_MD.res" 1760
"../../../Engine/Content/Internationalization/icudt64l/region/ro_MD.res" 1761
"../../../Engine/Content/Internationalization/icudt64l/region/ro.res" 1762
"../../../Engine/Content/Internationalization/icudt64l/lang/rof.res" 1763
"../../../Engine/Content/Internationalization/icudt64l/region/rof.res" 1764
"../../../Engine/Content/Internationalization/icudt64l/lang/ru.res" 1765
"../../../Engine/Content/Internationalization/icudt64l/region/ru.res" 1766
"../../../Engine/Content/Internationalization/icudt64l/region/ru_UA.res" 1767
"../../../Engine/Content/Internationalization/icudt64l/lang/rw.res" 1768
"../../../Engine/Content/Internationalization/icudt64l/region/rw.res" 1769
"../../../Engine/Content/Internationalization/icudt64l/lang/rwk.res" 1770
"../../../Engine/Content/Internationalization/icudt64l/region/rwk.res" 1771
"../../../Engine/Content/Internationalization/icudt64l/lang/sah.res" 1772
"../../../Engine/Content/Internationalization/icudt64l/region/sah.res" 1773
"../../../Engine/Content/Internationalization/icudt64l/lang/saq.res" 1774
"../../../Engine/Content/Internationalization/icudt64l/region/saq.res" 1775
"../../../Engine/Content/Internationalization/icudt64l/lang/sbp.res" 1776
"../../../Engine/Content/Internationalization/icudt64l/region/sbp.res" 1777
"../../../Engine/Content/Internationalization/icudt64l/lang/sd.res" 1778
"../../../Engine/Content/Internationalization/icudt64l/region/sd.res" 1779
"../../../Engine/Content/Internationalization/icudt64l/lang/se.res" 1780
"../../../Engine/Content/Internationalization/icudt64l/lang/se_FI.res" 1781
"../../../Engine/Content/Internationalization/icudt64l/region/se_FI.res" 1782
"../../../Engine/Content/Internationalization/icudt64l/region/se.res" 1783
"../../../Engine/Content/Internationalization/icudt64l/lang/seh.res" 1784
"../../../Engine/Content/Internationalization/icudt64l/region/seh.res" 1785
"../../../Engine/Content/Internationalization/icudt64l/lang/ses.res" 1786
"../../../Engine/Content/Internationalization/icudt64l/region/ses.res" 1787
"../../../Engine/Content/Internationalization/icudt64l/lang/sg.res" 1788
"../../../Engine/Content/Internationalization/icudt64l/region/sg.res" 1789
"../../../Engine/Content/Internationalization/icudt64l/lang/shi.res" 1790
"../../../Engine/Content/Internationalization/icudt64l/lang/shi_Latn.res" 1791
"../../../Engine/Content/Internationalization/icudt64l/lang/shi_MA.res" 1792
"../../../Engine/Content/Internationalization/icudt64l/lang/shi_Tfng_MA.res" 1793
"../../../Engine/Content/Internationalization/icudt64l/lang/shi_Tfng.res" 1794
"../../../Engine/Content/Internationalization/icudt64l/region/shi_MA.res" 1795
"../../../Engine/Content/Internationalization/icudt64l/region/shi_Tfng_MA.res" 1796
"../../../Engine/Content/Internationalization/icudt64l/region/shi_Tfng.res" 1797
"../../../Engine/Content/Internationalization/icudt64l/region/shi.res" 1798
"../../../Engine/Content/Internationalization/icudt64l/region/shi_Latn.res" 1799
"../../../Engine/Content/Internationalization/icudt64l/lang/si.res" 1800
"../../../Engine/Content/Internationalization/icudt64l/region/si.res" 1801
"../../../Engine/Content/Internationalization/icudt64l/lang/sk.res" 1802
"../../../Engine/Content/Internationalization/icudt64l/region/sk.res" 1803
"../../../Engine/Content/Internationalization/icudt64l/lang/sl.res" 1804
"../../../Engine/Content/Internationalization/icudt64l/region/sl.res" 1805
"../../../Engine/Content/Internationalization/icudt64l/lang/smn.res" 1806
"../../../Engine/Content/Internationalization/icudt64l/region/smn.res" 1807
"../../../Engine/Content/Internationalization/icudt64l/lang/sn.res" 1808
"../../../Engine/Content/Internationalization/icudt64l/region/sn.res" 1809
"../../../Engine/Content/Internationalization/icudt64l/lang/so.res" 1810
"../../../Engine/Content/Internationalization/icudt64l/region/so.res" 1811
"../../../Engine/Content/Internationalization/icudt64l/lang/sq.res" 1812
"../../../Engine/Content/Internationalization/icudt64l/region/sq.res" 1813
"../../../Engine/Content/Internationalization/icudt64l/lang/sr.res" 1814
"../../../Engine/Content/Internationalization/icudt64l/lang/sr_Cyrl.res" 1815
"../../../Engine/Content/Internationalization/icudt64l/lang/sr_BA.res" 1816
"../../../Engine/Content/Internationalization/icudt64l/lang/sr_Cyrl_BA.res" 1817
"../../../Engine/Content/Internationalization/icudt64l/region/sr_BA.res" 1818
"../../../Engine/Content/Internationalization/icudt64l/region/sr_Cyrl_BA.res" 1819
"../../../Engine/Content/Internationalization/icudt64l/region/sr_Cyrl.res" 1820
"../../../Engine/Content/Internationalization/icudt64l/region/sr.res" 1821
"../../../Engine/Content/Internationalization/icudt64l/lang/sr_ME.res" 1822
"../../../Engine/Content/Internationalization/icudt64l/lang/sr_Latn_ME.res" 1823
"../../../Engine/Content/Internationalization/icudt64l/lang/sr_Latn.res" 1824
"../../../Engine/Content/Internationalization/icudt64l/region/sr_ME.res" 1825
"../../../Engine/Content/Internationalization/icudt64l/region/sr_Latn_ME.res" 1826
"../../../Engine/Content/Internationalization/icudt64l/region/sr_Latn.res" 1827
"../../../Engine/Content/Internationalization/icudt64l/lang/sr_Cyrl_ME.res" 1828
"../../../Engine/Content/Internationalization/icudt64l/region/sr_Cyrl_ME.res" 1829
"../../../Engine/Content/Internationalization/icudt64l/lang/sr_RS.res" 1830
"../../../Engine/Content/Internationalization/icudt64l/lang/sr_Cyrl_RS.res" 1831
"../../../Engine/Content/Internationalization/icudt64l/region/sr_RS.res" 1832
"../../../Engine/Content/Internationalization/icudt64l/region/sr_Cyrl_RS.res" 1833
"../../../Engine/Content/Internationalization/icudt64l/lang/sr_XK.res" 1834
"../../../Engine/Content/Internationalization/icudt64l/lang/sr_Cyrl_XK.res" 1835
"../../../Engine/Content/Internationalization/icudt64l/region/sr_XK.res" 1836
"../../../Engine/Content/Internationalization/icudt64l/region/sr_Cyrl_XK.res" 1837
"../../../Engine/Content/Internationalization/icudt64l/lang/sr_Latn_BA.res" 1838
"../../../Engine/Content/Internationalization/icudt64l/region/sr_Latn_BA.res" 1839
"../../../Engine/Content/Internationalization/icudt64l/lang/sr_Latn_RS.res" 1840
"../../../Engine/Content/Internationalization/icudt64l/region/sr_Latn_RS.res" 1841
"../../../Engine/Content/Internationalization/icudt64l/lang/sr_Latn_XK.res" 1842
"../../../Engine/Content/Internationalization/icudt64l/region/sr_Latn_XK.res" 1843
"../../../Engine/Content/Internationalization/icudt64l/lang/sv.res" 1844
"../../../Engine/Content/Internationalization/icudt64l/region/sv.res" 1845
"../../../Engine/Content/Internationalization/icudt64l/lang/sv_FI.res" 1846
"../../../Engine/Content/Internationalization/icudt64l/lang/sw.res" 1847
"../../../Engine/Content/Internationalization/icudt64l/lang/sw_CD.res" 1848
"../../../Engine/Content/Internationalization/icudt64l/region/sw_CD.res" 1849
"../../../Engine/Content/Internationalization/icudt64l/region/sw.res" 1850
"../../../Engine/Content/Internationalization/icudt64l/lang/sw_KE.res" 1851
"../../../Engine/Content/Internationalization/icudt64l/region/sw_KE.res" 1852
"../../../Engine/Content/Internationalization/icudt64l/lang/ta.res" 1853
"../../../Engine/Content/Internationalization/icudt64l/region/ta.res" 1854
"../../../Engine/Content/Internationalization/icudt64l/lang/te.res" 1855
"../../../Engine/Content/Internationalization/icudt64l/region/te.res" 1856
"../../../Engine/Content/Internationalization/icudt64l/lang/teo.res" 1857
"../../../Engine/Content/Internationalization/icudt64l/region/teo.res" 1858
"../../../Engine/Content/Internationalization/icudt64l/lang/tg.res" 1859
"../../../Engine/Content/Internationalization/icudt64l/region/tg.res" 1860
"../../../Engine/Content/Internationalization/icudt64l/lang/th.res" 1861
"../../../Engine/Content/Internationalization/icudt64l/lang/th_TH.res" 1862
"../../../Engine/Content/Internationalization/icudt64l/region/th_TH.res" 1863
"../../../Engine/Content/Internationalization/icudt64l/region/th.res" 1864
"../../../Engine/Content/Internationalization/icudt64l/lang/ti.res" 1865
"../../../Engine/Content/Internationalization/icudt64l/region/ti.res" 1866
"../../../Engine/Content/Internationalization/icudt64l/lang/tk.res" 1867
"../../../Engine/Content/Internationalization/icudt64l/region/tk.res" 1868
"../../../Engine/Content/Internationalization/icudt64l/lang/to.res" 1869
"../../../Engine/Content/Internationalization/icudt64l/region/to.res" 1870
"../../../Engine/Content/Internationalization/icudt64l/lang/tr.res" 1871
"../../../Engine/Content/Internationalization/icudt64l/region/tr.res" 1872
"../../../Engine/Content/Internationalization/icudt64l/lang/tt.res" 1873
"../../../Engine/Content/Internationalization/icudt64l/region/tt.res" 1874
"../../../Engine/Content/Internationalization/icudt64l/lang/twq.res" 1875
"../../../Engine/Content/Internationalization/icudt64l/region/twq.res" 1876
"../../../Engine/Content/Internationalization/icudt64l/lang/tzm.res" 1877
"../../../Engine/Content/Internationalization/icudt64l/region/tzm.res" 1878
"../../../Engine/Content/Internationalization/icudt64l/lang/ug.res" 1879
"../../../Engine/Content/Internationalization/icudt64l/region/ug.res" 1880
"../../../Engine/Content/Internationalization/icudt64l/lang/uk.res" 1881
"../../../Engine/Content/Internationalization/icudt64l/region/uk.res" 1882
"../../../Engine/Content/Internationalization/icudt64l/lang/ur.res" 1883
"../../../Engine/Content/Internationalization/icudt64l/lang/ur_IN.res" 1884
"../../../Engine/Content/Internationalization/icudt64l/region/ur_IN.res" 1885
"../../../Engine/Content/Internationalization/icudt64l/region/ur.res" 1886
"../../../Engine/Content/Internationalization/icudt64l/lang/uz.res" 1887
"../../../Engine/Content/Internationalization/icudt64l/lang/uz_Arab.res" 1888
"../../../Engine/Content/Internationalization/icudt64l/lang/uz_AF.res" 1889
"../../../Engine/Content/Internationalization/icudt64l/lang/uz_Arab_AF.res" 1890
"../../../Engine/Content/Internationalization/icudt64l/region/uz_AF.res" 1891
"../../../Engine/Content/Internationalization/icudt64l/region/uz_Arab_AF.res" 1892
"../../../Engine/Content/Internationalization/icudt64l/region/uz_Arab.res" 1893
"../../../Engine/Content/Internationalization/icudt64l/lang/uz_Cyrl.res" 1894
"../../../Engine/Content/Internationalization/icudt64l/lang/uz_UZ.res" 1895
"../../../Engine/Content/Internationalization/icudt64l/lang/uz_Latn_UZ.res" 1896
"../../../Engine/Content/Internationalization/icudt64l/lang/uz_Latn.res" 1897
"../../../Engine/Content/Internationalization/icudt64l/region/uz_UZ.res" 1898
"../../../Engine/Content/Internationalization/icudt64l/region/uz_Latn_UZ.res" 1899
"../../../Engine/Content/Internationalization/icudt64l/region/uz_Latn.res" 1900
"../../../Engine/Content/Internationalization/icudt64l/region/uz.res" 1901
"../../../Engine/Content/Internationalization/icudt64l/region/uz_Cyrl.res" 1902
"../../../Engine/Content/Internationalization/icudt64l/lang/vai.res" 1903
"../../../Engine/Content/Internationalization/icudt64l/lang/vai_Latn.res" 1904
"../../../Engine/Content/Internationalization/icudt64l/lang/vai_LR.res" 1905
"../../../Engine/Content/Internationalization/icudt64l/lang/vai_Vaii_LR.res" 1906
"../../../Engine/Content/Internationalization/icudt64l/lang/vai_Vaii.res" 1907
"../../../Engine/Content/Internationalization/icudt64l/region/vai_LR.res" 1908
"../../../Engine/Content/Internationalization/icudt64l/region/vai_Vaii_LR.res" 1909
"../../../Engine/Content/Internationalization/icudt64l/region/vai_Vaii.res" 1910
"../../../Engine/Content/Internationalization/icudt64l/region/vai.res" 1911
"../../../Engine/Content/Internationalization/icudt64l/region/vai_Latn.res" 1912
"../../../Engine/Content/Internationalization/icudt64l/lang/vi.res" 1913
"../../../Engine/Content/Internationalization/icudt64l/region/vi.res" 1914
"../../../Engine/Content/Internationalization/icudt64l/lang/vun.res" 1915
"../../../Engine/Content/Internationalization/icudt64l/region/vun.res" 1916
"../../../Engine/Content/Internationalization/icudt64l/lang/wae.res" 1917
"../../../Engine/Content/Internationalization/icudt64l/region/wae.res" 1918
"../../../Engine/Content/Internationalization/icudt64l/lang/wo.res" 1919
"../../../Engine/Content/Internationalization/icudt64l/region/wo.res" 1920
"../../../Engine/Content/Internationalization/icudt64l/lang/xh.res" 1921
"../../../Engine/Content/Internationalization/icudt64l/region/xh.res" 1922
"../../../Engine/Content/Internationalization/icudt64l/lang/xog.res" 1923
"../../../Engine/Content/Internationalization/icudt64l/region/xog.res" 1924
"../../../Engine/Content/Internationalization/icudt64l/lang/yav.res" 1925
"../../../Engine/Content/Internationalization/icudt64l/region/yav.res" 1926
"../../../Engine/Content/Internationalization/icudt64l/lang/yi.res" 1927
"../../../Engine/Content/Internationalization/icudt64l/region/yi.res" 1928
"../../../Engine/Content/Internationalization/icudt64l/lang/yo.res" 1929
"../../../Engine/Content/Internationalization/icudt64l/lang/yo_BJ.res" 1930
"../../../Engine/Content/Internationalization/icudt64l/region/yo_BJ.res" 1931
"../../../Engine/Content/Internationalization/icudt64l/region/yo.res" 1932
"../../../Engine/Content/Internationalization/icudt64l/lang/yue.res" 1933
"../../../Engine/Content/Internationalization/icudt64l/lang/yue_Hans.res" 1934
"../../../Engine/Content/Internationalization/icudt64l/lang/yue_CN.res" 1935
"../../../Engine/Content/Internationalization/icudt64l/lang/yue_Hans_CN.res" 1936
"../../../Engine/Content/Internationalization/icudt64l/region/yue_CN.res" 1937
"../../../Engine/Content/Internationalization/icudt64l/region/yue_Hans_CN.res" 1938
"../../../Engine/Content/Internationalization/icudt64l/region/yue_Hans.res" 1939
"../../../Engine/Content/Internationalization/icudt64l/lang/yue_Hant.res" 1940
"../../../Engine/Content/Internationalization/icudt64l/lang/yue_HK.res" 1941
"../../../Engine/Content/Internationalization/icudt64l/lang/yue_Hant_HK.res" 1942
"../../../Engine/Content/Internationalization/icudt64l/region/yue_HK.res" 1943
"../../../Engine/Content/Internationalization/icudt64l/region/yue_Hant_HK.res" 1944
"../../../Engine/Content/Internationalization/icudt64l/region/yue_Hant.res" 1945
"../../../Engine/Content/Internationalization/icudt64l/region/yue.res" 1946
"../../../Engine/Content/Internationalization/icudt64l/lang/zgh.res" 1947
"../../../Engine/Content/Internationalization/icudt64l/region/zgh.res" 1948
"../../../Engine/Content/Internationalization/icudt64l/lang/zh_HK.res" 1949
"../../../Engine/Content/Internationalization/icudt64l/lang/zh_Hant_HK.res" 1950
"../../../Engine/Content/Internationalization/icudt64l/lang/zh_Hant.res" 1951
"../../../Engine/Content/Internationalization/icudt64l/region/zh_HK.res" 1952
"../../../Engine/Content/Internationalization/icudt64l/region/zh_Hant_HK.res" 1953
"../../../Engine/Content/Internationalization/icudt64l/region/zh_Hant.res" 1954
"../../../Engine/Content/Internationalization/icudt64l/lang/zh_MO.res" 1955
"../../../Engine/Content/Internationalization/icudt64l/lang/zh_Hant_MO.res" 1956
"../../../Engine/Content/Internationalization/icudt64l/region/zh_MO.res" 1957
"../../../Engine/Content/Internationalization/icudt64l/region/zh_Hant_MO.res" 1958
"../../../Engine/Content/Internationalization/icudt64l/lang/zh_SG.res" 1959
"../../../Engine/Content/Internationalization/icudt64l/lang/zh_Hans_SG.res" 1960
"../../../Engine/Content/Internationalization/icudt64l/region/zh_SG.res" 1961
"../../../Engine/Content/Internationalization/icudt64l/region/zh_Hans_SG.res" 1962
"../../../Engine/Content/Internationalization/icudt64l/lang/zh_TW.res" 1963
"../../../Engine/Content/Internationalization/icudt64l/lang/zh_Hant_TW.res" 1964
"../../../Engine/Content/Internationalization/icudt64l/region/zh_TW.res" 1965
"../../../Engine/Content/Internationalization/icudt64l/region/zh_Hant_TW.res" 1966
"../../../Engine/Content/Internationalization/icudt64l/lang/zu.res" 1967
"../../../Engine/Content/Internationalization/icudt64l/region/zu.res" 1968
"../../../Engine/Content/Internationalization/icudt64l/lang/no.res" 1969
"../../../Engine/Content/Internationalization/icudt64l/lang/tl.res" 1970
"../../../Engine/Config/Android/DataDrivenPlatformInfo.ini" 1971
"../../../Engine/Config/IOS/DataDrivenPlatformInfo.ini" 1972
"../../../Engine/Config/Linux/DataDrivenPlatformInfo.ini" 1973
"../../../Engine/Config/Mac/DataDrivenPlatformInfo.ini" 1974
"../../../Engine/Config/TVOS/DataDrivenPlatformInfo.ini" 1975
"../../../Engine/Config/Unix/DataDrivenPlatformInfo.ini" 1976
"../../../Engine/Config/VulkanPC/DataDrivenPlatformInfo.ini" 1977
"../../../Engine/Config/Windows/DataDrivenPlatformInfo.ini" 1978
"../../../Engine/Platforms/VisionOS/Config/DataDrivenPlatformInfo.ini" 1979
"../../../Engine/Content/Renderer/TessellationTable.bin" 1980
"../../../Engine/DerivedDataCache/Compressed.ddp" 1981
"C:/Users/lenovo/AppData/Local/UnrealEngine/5.6/Saved/Zen/zen.version" 1982
"C:/Users/lenovo/AppData/Local/UnrealEngine/Common/Zen/Install/zen.version" 1983
"C:/Users/lenovo/AppData/Local/UnrealEngine/Common/Zen/Install/zenserver.runcontext" 1984
"C:/Users/lenovo/AppData/Local/UnrealEngine/Common/DerivedDataCache/TestData/0/TestData_4kb.dat" 1985
"C:/Users/lenovo/AppData/Local/UnrealEngine/Common/DerivedDataCache/TestData/1/TestData_4kb.dat" 1986
"C:/Users/lenovo/AppData/Local/UnrealEngine/Common/DerivedDataCache/TestData/0/TestData_8kb.dat" 1987
"C:/Users/lenovo/AppData/Local/UnrealEngine/Common/DerivedDataCache/TestData/1/TestData_8kb.dat" 1988
"C:/Users/lenovo/AppData/Local/UnrealEngine/Common/DerivedDataCache/TestData/0/TestData_16kb.dat" 1989
"C:/Users/lenovo/AppData/Local/UnrealEngine/Common/DerivedDataCache/TestData/1/TestData_16kb.dat" 1990
"C:/Users/lenovo/AppData/Local/UnrealEngine/Common/DerivedDataCache/TestData/0/TestData_64kb.dat" 1991
"C:/Users/lenovo/AppData/Local/UnrealEngine/Common/DerivedDataCache/TestData/1/TestData_64kb.dat" 1992
"C:/Users/lenovo/AppData/Local/UnrealEngine/Common/DerivedDataCache/TestData/0/TestData_128kb.dat" 1993
"C:/Users/lenovo/AppData/Local/UnrealEngine/Common/DerivedDataCache/TestData/1/TestData_128kb.dat" 1994
"C:/Users/lenovo/AppData/Local/UnrealEngine/Common/DerivedDataCache/TestData/0/TestData_256kb.dat" 1995
"C:/Users/lenovo/AppData/Local/UnrealEngine/Common/DerivedDataCache/TestData/1/TestData_256kb.dat" 1996
"C:/Users/lenovo/AppData/Roaming/Unreal Engine/UnrealBuildTool/BuildConfiguration.xml" 1997
"D:/unreal_project/Baiguizhen/Intermediate/ShaderAutogen/PCD3D_SM6/AutogenShaderHeaders.ush" 1998
"../../../Engine/Shaders/Private/HairStrands/HairStrandsVertexFactory.ush" 1999
"../../../Engine/Shaders/Private/VertexFactoryCommon.ush" 2000
"../../../Engine/Shaders/Private/Common.ush" 2001
"../../../Engine/Shaders/Public/Platform.ush" 2002
"../../../Engine/Shaders/Public/FP16Math.ush" 2003
"../../../Engine/Shaders/Public/Platform/D3D/D3DCommon.ush" 2004
"../../../Engine/Shaders/Shared/HLSLReservedSpaces.h" 2005
"../../../Engine/Shaders/Public/BindlessResources.ush" 2006
"../../../Engine/Shaders/Public/Platform/D3D/PlatformBindlessResources.ush" 2007
"../../../Engine/Shaders/Shared/RayTracingBuiltInResources.h" 2008
"../../../Engine/Shaders/Shared/RayTracingDefinitions.h" 2009
"../../../Engine/Shaders/Public/OverloadMacros.ush" 2010
"../../../Engine/Shaders/Public/ShaderVersion.ush" 2011
"../../../Engine/Shaders/Shared/ThirdParty/NVIDIA/nvHLSLExtns.h" 2012
"../../../Engine/Shaders/Shared/ThirdParty/NVIDIA/nvHLSLExtnsInternal.h" 2013
"../../../Engine/Shaders/Shared/ThirdParty/NVIDIA/nvShaderExtnEnums.h" 2014
"../../../Engine/Shaders/Private/PackUnpack.ush" 2015
"../../../Engine/Shaders/Private/GeneratedUniformBufferTypes.ush" 2016
"../../../Engine/Shaders/Private/Nanite/NanitePackedNaniteView.ush" 2017
"../../../Engine/Shaders/Private/HairStrands/HairStrandsVisibilityCommonStruct.ush" 2018
"../../../Engine/Shaders/Private/HairStrands/HairStrandsVoxelPageCommonStruct.ush" 2019
"../../../Engine/Shaders/Private/HairStrands/HairStrandsDeepShadowCommonStruct.ush" 2020
"../../../Engine/Shaders/Shared/LightSceneData.h" 2021
"../../../Engine/Shaders/Shared/HLSLTypeAliases.h" 2022
"../../../Engine/Shaders/Private/LargeWorldCoordinates.ush" 2023
"../../../Engine/Shaders/Private/DoubleFloat.ush" 2024
"../../../Engine/Shaders/Private/RandomPCG.ush" 2025
"../../../Engine/Shaders/Private/DoubleFloatOperations.ush" 2026
"../../../Engine/Shaders/Private/DoubleFloatVectorDefinition.ush" 2027
"../../../Engine/Shaders/Private/LWCOperations.ush" 2028
"../../../Engine/Shaders/Shared/LightViewData.h" 2029
"../../../Engine/Shaders/Shared/RayTracingTypes.h" 2030
"../../../Engine/Shaders/Shared/HLSLStaticAssert.h" 2031
"../../../Engine/Shaders/Private/CommonViewUniformBuffer.ush" 2032
"../../../Engine/Shaders/Private/InstancedStereo.ush" 2033
"../../../Engine/Shaders/Private/Definitions.usf" 2034
"../../../Engine/Shaders/Private/AssertionMacros.ush" 2035
"../../../Engine/Shaders/Private/FastMath.ush" 2036
"../../../Engine/Shaders/Private/FastMathThirdParty.ush" 2037
"../../../Engine/Shaders/Private/Random.ush" 2038
"../../../Engine/Shaders/Private/RandomInterleavedGradientNoise.ush" 2039
"../../../Engine/Shaders/Private/SceneData.ush" 2040
"../../../Engine/Shaders/Private/OctahedralCommon.ush" 2041
"../../../Engine/Shaders/Private/WaveOpUtil.ush" 2042
"../../../Engine/Shaders/Private/ByteBuffer.ush" 2043
"../../../Engine/Shaders/Shared/SceneDefinitions.h" 2044
"../../../Engine/Shaders/Private/SceneDataMobileLoader.ush" 2045
"../../../Engine/Shaders/Private/LocalVertexFactoryCommon.ush" 2046
"../../../Engine/Shaders/Private/HairStrands/HairStrandsVisibilityCommon.ush" 2047
"../../../Engine/Shaders/Shared/HairStrandsDefinitions.h" 2048
"../../../Engine/Shaders/Private/HairStrands/HairStrandsVertexFactoryCommon.ush" 2049
"../../../Engine/Shaders/Private/HairStrands/HairStrandsPack.ush" 2050
"../../../Engine/Shaders/Private/HairStrands/HairStrandsAttributeCommon.ush" 2051
"../../../Engine/Shaders/Private/HairStrands/HairStrandsAttributeTemplate.ush" 2052
"../../../Engine/Shaders/Private/VertexFactoryDefaultInterface.ush" 2053
"../../../Engine/Shaders/Private/HairStrands/HairCardsVertexFactory.ush" 2054
"../../../Engine/Shaders/Private/HairStrands/HairCardsAttributeCommon.ush" 2055
"../../../Engine/Shaders/Private/RayTracing/RayTracingCommon.ush" 2056
"../../../Engine/Shaders/Private/ShadingCommon.ush" 2057
"../../../Engine/Shaders/Shared/RayTracingPayloadType.h" 2058
"../../../Engine/Shaders/Private/RayTracing/RayTracingRayCone.ush" 2059
"../../../Engine/Shaders/Private/Substrate/Substrate.ush" 2060
"../../../Engine/Shaders/Private/ShadingEnergyConservation.ush" 2061
"../../../Engine/Shaders/Private/ShadingEnergyConservationTemplate.ush" 2062
"../../../Engine/Shaders/Private/BRDF.ush" 2063
"../../../Engine/Shaders/Private/ColorSpace.ush" 2064
"../../../Engine/Shaders/Private/DeferredShadingCommon.ush" 2065
"../../../Engine/Shaders/Private/LightAccumulator.ush" 2066
"../../../Engine/Shaders/Private/SceneTexturesCommon.ush" 2067
"../../../Engine/Shaders/Private/MonteCarlo.ush" 2068
"../../../Engine/Shaders/Private/GBufferHelpers.ush" 2069
"../../../Engine/Shaders/Private/SceneTextureParameters.ush" 2070
"../../../Engine/Shaders/Private/ParticipatingMediaCommon.ush" 2071
"../../../Engine/Shaders/Private/ThinFilmBSDF.ush" 2072
"../../../Engine/Shaders/Private/MortonCode.ush" 2073
"../../../Engine/Shaders/Private/SubsurfaceProfileCommon.ush" 2074
"../../../Engine/Shaders/Private/BurleyNormalizedSSSCommon.ush" 2075
"../../../Engine/Shaders/Private/GammaCorrectionCommon.ush" 2076
"../../../Engine/Shaders/Shared/SubstrateDefinitions.h" 2077
"../../../Engine/Shaders/Private/Substrate/SubstrateStatisticalOperators.ush" 2078
"../../../Engine/Shaders/Private/Substrate/SubstrateSubsurface.ush" 2079
"../../../Engine/Shaders/Private/TransmissionCommon.ush" 2080
"../../../Engine/Shaders/Private/Substrate/SubstrateExportCommon.ush" 2081
"../../../Engine/Shaders/Private/SpecularProfileCommon.ush" 2082
"../../../Engine/Shaders/Private/RayTracing/RayTracingCommonMetal.ush" 2083
"../../../Engine/Shaders/Private/PositionReconstructionCommon.ush" 2084
"../../../Engine/Shaders/Private/RayTracing/TraceRayInline.ush" 2085
"../../../Engine/Shaders/Private/RayTracing/TraceRayInlineCommon.ush" 2086
"../../../Engine/Shaders/Private/RayTracing/TraceRayInlineVulkan.ush" 2087
"../../../Engine/Shaders/Private/RayTracing/TraceRayInlineMetal.ush" 2088
"../../../Engine/Shaders/Private/RayTracing/TraceRayInlineD3D12.ush" 2089
"../../../Engine/Shaders/Private/RayTracing/RayTracingHitGroupCommon.ush" 2090
"../../../Engine/Shaders/Private/Nanite/NaniteRayTrace.ush" 2091
"../../../Engine/Shaders/Private/Nanite/NaniteDataDecode.ush" 2092
"../../../Engine/Shaders/Private/BitPacking.ush" 2093
"../../../Engine/Shaders/Private/BitStreamReaderImplementation.ush" 2094
"../../../Engine/Shaders/Private/BoneTransform.ush" 2095
"../../../Engine/Shaders/Private/Quaternion.ush" 2096
"../../../Engine/Shaders/Shared/NaniteDefinitions.h" 2097
"../../../Engine/Shaders/Shared/SkinningDefinitions.h" 2098
"../../../Engine/Shaders/Private/Nanite/NaniteAttributeDecode.ush" 2099
"../../../Engine/Shaders/Private/Barycentrics.ush" 2100
"../../../Engine/Shaders/Private/DualNumber.ush" 2101
"../../../Engine/Shaders/Shared/ThirdParty/RayTriangleIntersection.h" 2102
"../../../Engine/Shaders/Private/Nanite/NaniteVertexFetch.ush" 2103
"../../../Engine/Shaders/Private/Nanite/NaniteSceneCommon.ush" 2104
"../../../Engine/Plugins/FX/Niagara/Shaders/Private/NiagaraSpriteVertexFactory.ush" 2105
"../../../Engine/Shaders/Private/ParticleVertexFactoryCommon.ush" 2106
"../../../Engine/Plugins/FX/Niagara/Shaders/Private/NiagaraVFCommon.usf" 2107
"../../../Engine/Plugins/FX/Niagara/Shaders/Private/NiagaraVFParticleAccess.usf" 2108
"../../../Engine/Plugins/FX/Niagara/Shaders/Private/NiagaraParticleAccess.ush" 2109
"../../../Engine/Plugins/FX/Niagara/Shaders/Private/NiagaraRibbonVertexFactory.ush" 2110
"../../../Engine/Plugins/FX/Niagara/Shaders/Private/NiagaraMeshVertexFactory.ush" 2111
"../../../Engine/Plugins/FX/Niagara/Shaders/Private/NiagaraCommon.ush" 2112
"../../../Engine/Plugins/FX/Niagara/Shaders/Private/NiagaraMeshParticleUtils.ush" 2113
"../../../Engine/Shaders/Private/VectorFieldVisualizationVertexFactory.ush" 2114
"../../../Engine/Shaders/Private/Nanite/NaniteVertexFactory.ush" 2115
"../../../Engine/Shaders/Private/LightmapData.ush" 2116
"../../../Engine/Shaders/Private/SplineMeshCommon.ush" 2117
"../../../Engine/Shaders/Shared/SplineMeshShaderParams.h" 2118
"../../../Engine/Shaders/Private/ShaderPrint.ush" 2119
"../../../Engine/Shaders/Private/ShaderPrintCommon.ush" 2120
"../../../Engine/Shaders/Private/MiniFontCommon.ush" 2121
"../../../Engine/Shaders/Private/MaterialCache/MaterialCacheCommon.ush" 2122
"../../../Engine/Shaders/Shared/MaterialCacheDefinitions.h" 2123
"../../../Engine/Shaders/Private/Nanite/NaniteVertexDeformation.ush" 2124
"../../../Engine/Shaders/Private/ViewData.ush" 2125
"../../../Engine/Shaders/Shared/ViewDefinitions.h" 2126
"../../../Engine/Shaders/Private/Matrices.ush" 2127
"../../../Engine/Shaders/Private/ParticleSpriteVertexFactory.ush" 2128
"../../../Engine/Shaders/Private/ParticleGPUSpriteVertexFactory.ush" 2129
"../../../Engine/Shaders/Private/ParticleSimulationCommon.ush" 2130
"../../../Engine/Shaders/Private/ParticleBeamTrailVertexFactory.ush" 2131
"../../../Engine/Shaders/Private/MeshParticleVertexFactory.ush" 2132
"../../../Engine/Shaders/Private/LocalVertexFactory.ush" 2133
"../../../Engine/Shaders/Private/GpuSkinCommon.ush" 2134
"../../../Engine/Shaders/Private/GpuSkinVertexFactory.ush" 2135
"../../../Engine/Shaders/Private/GeometryCollectionVertexFactory.ush" 2136
"../../../Engine/Shaders/Private/GeometryCacheVertexFactory.ush" 2137
"../../../Engine/Shaders/Private/LandscapeVertexFactory.ush" 2138
"../../../Engine/Plugins/Experimental/Compositing/CompositeCore/Shaders/Private/CompositeCoreMerge.usf" 2139
"../../../Engine/Shaders/Private/ScreenPass.ush" 2140
"../../../Engine/Shaders/Private/LensDistortion.ush" 2141
"../../../Engine/Plugins/Experimental/Compositing/CompositeCore/Shaders/Private/CompositeCoreDisplayTransform.usf" 2142
"../../../Engine/Plugins/Experimental/Compositing/CompositeCore/Shaders/Private/CompositeCoreDilate.usf" 2143
"../../../Engine/Plugins/Media/WmfMedia/Shaders/Private/MediaHardwareVideoDecoding.usf" 2144
"../../../Engine/Shaders/Private/ColorUtils.ush" 2145
"../../../Engine/Plugins/Media/ImgMedia/Shaders/Private/ExrSwizzler.usf" 2146
"../../../Engine/Plugins/Enterprise/GLTFExporter/Shaders/Private/SimpleTexture2DPS.usf" 2147
"../../../Engine/Shaders/Private/SimpleElementNormalMapPixelShader.usf" 2148
"../../../Engine/Plugins/VirtualProduction/CameraCalibrationCore/Shaders/Private/CrosshairOverlay.usf" 2149
"../../../Engine/Plugins/VirtualProduction/CameraCalibrationCore/Shaders/Private/DisplacementMapBlending.usf" 2150
"../../../Engine/Plugins/VirtualProduction/CameraCalibrationCore/Shaders/Private/RecenterSTDisplacementMaps.usf" 2151
"../../../Engine/Plugins/VirtualProduction/CameraCalibrationCore/Shaders/Private/FillSTDisplacementMap.usf" 2152
"../../../Engine/Plugins/VirtualProduction/CameraCalibrationCore/Shaders/Private/InvertDisplacementMap.usf" 2153
"../../../Engine/Plugins/VirtualProduction/CameraCalibrationCore/Shaders/Private/CropDisplacementMap.usf" 2154
"../../../Engine/Plugins/VirtualProduction/CameraCalibrationCore/Shaders/Private/BlendDisplacementMaps.usf" 2155
"../../../Engine/Plugins/VirtualProduction/CameraCalibrationCore/Shaders/Private/DrawDisplacementMaps.usf" 2156
"../../../Engine/Plugins/VirtualProduction/CameraCalibrationCore/Shaders/Private/UndistortImagePoints.usf" 2157
"../../../Engine/Plugins/VirtualProduction/CameraCalibrationCore/Shaders/Private/DistortionSTMapProcessor.usf" 2158
"../../../Engine/Plugins/Runtime/HairStrands/Shaders/Private/NiagaraCopyVelocityGrid.usf" 2159
"../../../Engine/Plugins/Runtime/HairStrands/Shaders/Private/NiagaraClearVelocityGrid.usf" 2160
"../../../Engine/Plugins/Runtime/HairStrands/Shaders/Private/NiagaraClearPressureGrid.usf" 2161
"../../../Engine/Plugins/Runtime/HairStrands/Shaders/Private/NiagaraInterpolateGroomGuides.usf" 2162
"../../../Engine/Plugins/Runtime/HairStrands/Shaders/Private/NiagaraGroomInterpolationUtils.ush" 2163
"../../../Engine/Plugins/FX/Niagara/Shaders/Private/NiagaraQuaternionUtils.ush" 2164
"../../../Engine/Shaders/Private/HairStrands/HairStrandsMesh.usf" 2165
"../../../Engine/Shaders/Private/HairStrands/HairStrandsBindingCommon.ush" 2166
"../../../Engine/Shaders/Private/HairStrands/HairStrandsFollicleMask.usf" 2167
"../../../Engine/Shaders/Private/HairStrands/HairStrandsSkinUpdate.usf" 2168
"../../../Engine/Shaders/Private/HairStrands/HairStrandsClusterCulling.usf" 2169
"../../../Engine/Shaders/Private/ColorMap.ush" 2170
"../../../Engine/Shaders/Private/HairStrands/HairStrandsAABBCommon.ush" 2171
"../../../Engine/Shaders/Private/HairStrands/HairStrandsClusterCommon.ush" 2172
"../../../Engine/Shaders/Private/ThreadGroupPrefixSum.ush" 2173
"../../../Engine/Shaders/Private/HairStrands/HairStrandsRaytracingGeometry.usf" 2174
"../../../Engine/Shaders/Private/HairStrands/HairStrandsTangent.usf" 2175
"../../../Engine/Shaders/Private/HairStrands/HairCardsDeformation.usf" 2176
"../../../Engine/Shaders/Private/HairStrands/HairStrandsInterpolation.usf" 2177
"../../../Engine/Shaders/Private/HairStrands/HairStrandsGuideDeform.usf" 2178
"../../../Engine/Shaders/Private/HairStrands/HairStrandsTexturesGeneration.usf" 2179
"../../../Engine/Shaders/Private/HairStrands/HairCardsTextureCommon.ush" 2180
"../../../Engine/Shaders/Private/HairStrands/HairStrandsTranscode.usf" 2181
"../../../Engine/Shaders/Private/HairStrands/HairStrandsDebug.usf" 2182
"../../../Engine/Shaders/Private/HairShadingCommon.ush" 2183
"../../../Engine/Shaders/Private/PostProcessCommon.ush" 2184
"../../../Engine/Shaders/Private/ShadingModels.ush" 2185
"../../../Engine/Shaders/Private/CapsuleLight.ush" 2186
"../../../Engine/Shaders/Private/RectLight.ush" 2187
"../../../Engine/Shaders/Private/LightData.ush" 2188
"../../../Engine/Shaders/Shared/LightDefinitions.h" 2189
"../../../Engine/Shaders/Private/AreaLightCommon.ush" 2190
"../../../Engine/Shaders/Private/HairBsdf.ush" 2191
"../../../Engine/Shaders/Private/MobileGGX.ush" 2192
"../../../Engine/Shaders/Private/HairStrands/HairStrandsCommon.ush" 2193
"../../../Engine/Shaders/Private/HairStrands/HairStrandsEnvironmentLightingCommon.ush" 2194
"../../../Engine/Shaders/Private/HairStrands/HairStrandsDeepTransmittanceCommon.ush" 2195
"../../../Engine/Shaders/Private/HairStrands/HairStrandsDeepTransmittanceDualScattering.ush" 2196
"../../../Engine/Shaders/Private/HairStrands/HairStrandsDeepShadowCommon.ush" 2197
"../../../Engine/Shaders/Private/HairStrands/HairStrandsDebugCommonStruct.ush" 2198
"../../../Engine/Plugins/FX/Niagara/Shaders/Private/NiagaraVertexFactoryExport.usf" 2199
"../../../Engine/Shaders/Private/ComputeShaderUtils.ush" 2200
"../../../Engine/Shaders/Private/MaterialTemplate.ush" 2201
"../../../Engine/Shaders/Private/WorldSpaceMath.ush" 2202
"../../../Engine/Shaders/Private/EyeAdaptationCommon.ush" 2203
"../../../Engine/Shaders/Private/SobolRandom.ush" 2204
"../../../Engine/Shaders/Private/DepthOfFieldCommon.ush" 2205
"../../../Engine/Shaders/Private/CircleDOFCommon.ush" 2206
"../../../Engine/Shaders/Private/DistanceField/GlobalDistanceFieldShared.ush" 2207
"../../../Engine/Shaders/Private/PhysicsFieldSampler.ush" 2208
"../../../Engine/Shaders/Private/PhysicsFieldShared.ush" 2209
"../../../Engine/Shaders/Private/SparseVolumeTexture/SparseVolumeTextureCommon.ush" 2210
"../../../Engine/Shaders/Shared/EnvironmentComponentsFlags.h" 2211
"../../../Engine/Shaders/Private/MeshPaintTextureCommon.ush" 2212
"../../../Engine/Shaders/Private/VirtualTextureMaterial.ush" 2213
"../../../Engine/Shaders/Private/MaterialCache/MaterialCacheMaterialCommon.ush" 2214
"../../../Engine/Shaders/Private/MaterialCache/MaterialCacheABuffer.ush" 2215
"../../../Engine/Shaders/Private/SpeedTreeCommon.ush" 2216
"../../../Engine/Shaders/Private/VirtualTextureCommon.ush" 2217
"../../../Engine/Shaders/Private/MaterialTexture.ush" 2218
"../../../Engine/Shaders/Private/MinMaterialTexCoords.ush" 2219
"../../../Engine/Shaders/Private/SkyAtmosphereCommon.ush" 2220
"../../../Engine/Shaders/Private/SingleLayerWaterCommon.ush" 2221
"../../../Engine/Shaders/Private/TextureSampling.ush" 2222
"../../../Engine/Shaders/Private/PaniniProjection.ush" 2223
"../../../Engine/Shaders/Private/DBufferNormalReprojection.ush" 2224
"../../../Engine/Shaders/Public/SubstratePublic.ush" 2225
"../../../Engine/Shaders/Private/Substrate/SubstrateTree.ush" 2226
"../../../Engine/Shaders/Private/Substrate/SubstrateEvaluation.ush" 2227
"../../../Engine/Shaders/Private/Substrate/Glint/GlintThirdParty.ush" 2228
"../../../Engine/Shaders/Private/BlueNoise.ush" 2229
"../../../Engine/Shaders/Private/SHCommon.ush" 2230
"../../../Engine/Shaders/Private/ShadingModelsSampling.ush" 2231
"../../../Engine/Shaders/Private/HairStrands/HairBsdfSample.ush" 2232
"../../../Engine/Shaders/Private/Substrate/SubstrateLegacyConversion.ush" 2233
"../../../Engine/Shaders/Private/DBufferDecalShared.ush" 2234
"../../../Engine/Plugins/FX/Niagara/Shaders/Private/NiagaraSortKeyGen.usf" 2235
"../../../Engine/Plugins/FX/Niagara/Shaders/Private/NiagaraGPURayTracingTransforms.usf" 2236
"../../../Engine/Plugins/FX/Niagara/Shaders/Private/NiagaraDrawIndirectArgsGen.usf" 2237
"../../../Engine/Plugins/FX/Niagara/Shaders/Private/NiagaraDispatchIndirectArgsGen.usf" 2238
"../../../Engine/Plugins/FX/Niagara/Shaders/Private/Stateless/NiagaraStatelessSimulationDefault.usf" 2239
"../../../Engine/Plugins/FX/Niagara/Shaders/Private/Stateless/NiagaraStatelessSimulationTemplate.ush" 2240
"../../../Engine/Plugins/FX/Niagara/Shaders/Private/Stateless/NiagaraStatelessCommon.ush" 2241
"../../../Engine/Plugins/FX/Niagara/Shaders/Shared/NiagaraStatelessDefinitions.h" 2242
"../../../Engine/Plugins/FX/Niagara/Shaders/Shared/NiagaraStatelessBuiltDistribution.h" 2243
"../../../Engine/Plugins/FX/Niagara/Shaders/Private/Stateless/NiagaraStatelessDistribution.ush" 2244
"../../../Engine/Plugins/FX/Niagara/Shaders/Private/Stateless/Modules/NiagaraStatelessModule_CalculateAccurateVelocity.ush" 2245
"../../../Engine/Plugins/FX/Niagara/Shaders/Private/Stateless/Modules/NiagaraStatelessModule_CameraOffset.ush" 2246
"../../../Engine/Plugins/FX/Niagara/Shaders/Private/Stateless/Modules/NiagaraStatelessModule_DynamicMaterialParameters.ush" 2247
"../../../Engine/Plugins/FX/Niagara/Shaders/Private/Stateless/Modules/NiagaraStatelessModule_InitializeParticle.ush" 2248
"../../../Engine/Plugins/FX/Niagara/Shaders/Private/Stateless/Modules/NiagaraStatelessModule_InitialMeshOrientation.ush" 2249
"../../../Engine/Plugins/FX/Niagara/Shaders/Private/Stateless/Modules/NiagaraStatelessModule_MeshIndex.ush" 2250
"../../../Engine/Plugins/FX/Niagara/Shaders/Private/Stateless/Modules/NiagaraStatelessModule_MeshRotationRate.ush" 2251
"../../../Engine/Plugins/FX/Niagara/Shaders/Private/Stateless/Modules/NiagaraStatelessModule_RotateAroundPoint.ush" 2252
"../../../Engine/Plugins/FX/Niagara/Shaders/Private/Stateless/Modules/NiagaraStatelessModule_ShapeLocation.ush" 2253
"../../../Engine/Plugins/FX/Niagara/Shaders/Private/Stateless/Modules/NiagaraStatelessModule_ScaleColor.ush" 2254
"../../../Engine/Plugins/FX/Niagara/Shaders/Private/Stateless/Modules/NiagaraStatelessModule_ScaleRibbonWidth.ush" 2255
"../../../Engine/Plugins/FX/Niagara/Shaders/Private/Stateless/Modules/NiagaraStatelessModule_ScaleSpriteSize.ush" 2256
"../../../Engine/Plugins/FX/Niagara/Shaders/Private/Stateless/Modules/NiagaraStatelessModule_ScaleSpriteSizeBySpeed.ush" 2257
"../../../Engine/Plugins/FX/Niagara/Shaders/Private/Stateless/Modules/NiagaraStatelessModule_ScaleMeshSize.ush" 2258
"../../../Engine/Plugins/FX/Niagara/Shaders/Private/Stateless/Modules/NiagaraStatelessModule_ScaleMeshSizebySpeed.ush" 2259
"../../../Engine/Plugins/FX/Niagara/Shaders/Private/Stateless/Modules/NiagaraStatelessModule_SolveVelocitiesAndForces.ush" 2260
"../../../Engine/Plugins/FX/Niagara/Shaders/Private/Stateless/Modules/NiagaraStatelessModule_SpriteFacingAndAlignment.ush" 2261
"../../../Engine/Plugins/FX/Niagara/Shaders/Private/Stateless/Modules/NiagaraStatelessModule_SpriteRotationRate.ush" 2262
"../../../Engine/Plugins/FX/Niagara/Shaders/Private/Stateless/Modules/NiagaraStatelessModule_SubUVAnimation.ush" 2263
"../../../Engine/Plugins/FX/Niagara/Shaders/Private/NiagaraBlendSVTsToDenseBuffer.usf" 2264
"../../../Engine/Plugins/FX/Niagara/Shaders/Private/NiagaraSVTToDenseBuffer.usf" 2265
"../../../Engine/Plugins/FX/Niagara/Shaders/Private/NiagaraFillIntBuffer.usf" 2266
"../../../Engine/Plugins/FX/Niagara/Shaders/Private/NiagaraComputeFreeIDs.usf" 2267
"../../../Engine/Plugins/FX/Niagara/Shaders/Private/NiagaraInitFreeIDBuffer.usf" 2268
"../../../Engine/Plugins/FX/Niagara/Shaders/Private/NiagaraEmitterInstanceShader.usf" 2269
"../../../Engine/Plugins/FX/Niagara/Shaders/Private/NiagaraShaderVersion.ush" 2270
"../../../Engine/Plugins/FX/Niagara/Shaders/Private/NiagaraPhysicsCommon.ush" 2271
"../../../Engine/Plugins/FX/Niagara/Shaders/Private/Ribbons/NiagaraRibbonAggregationApply.usf" 2272
"../../../Engine/Plugins/FX/Niagara/Shaders/Private/Ribbons/NiagaraRibbonCommon.ush" 2273
"../../../Engine/Plugins/FX/Niagara/Shaders/Private/Ribbons/NiagaraRibbonAggregationStep.usf" 2274
"../../../Engine/Plugins/FX/Niagara/Shaders/Private/Ribbons/NiagaraRibbonGenerateIndices.usf" 2275
"../../../Engine/Plugins/FX/Niagara/Shaders/Private/Ribbons/NiagaraRibbonInitializeIndices.usf" 2276
"../../../Engine/Plugins/FX/Niagara/Shaders/Private/Ribbons/NiagaraRibbonRibbonUVParamCalculation.usf" 2277
"../../../Engine/Plugins/FX/Niagara/Shaders/Private/Ribbons/NiagaraRibbonVertexReductionFinalization.usf" 2278
"../../../Engine/Plugins/FX/Niagara/Shaders/Private/Ribbons/NiagaraRibbonVertexReductionInitialization.usf" 2279
"../../../Engine/Plugins/FX/Niagara/Shaders/Private/Ribbons/NiagaraRibbonSortParticles.usf" 2280
"../../../Engine/Plugins/FX/Niagara/Shaders/Private/NiagaraLWCHelper.usf" 2281
"../../../Engine/Plugins/FX/Niagara/Shaders/Private/NiagaraUpdateMeshGPUSceneInstances.usf" 2282
"../../../Engine/Shaders/Private/GPUScene/GPUSceneWriter.ush" 2283
"../../../Engine/Plugins/FX/Niagara/Shaders/Private/NiagaraGenerateMips.usf" 2284
"../../../Engine/Plugins/FX/Niagara/Shaders/Private/NiagaraDebugDraw.usf" 2285
"../../../Engine/Plugins/FX/Niagara/Shaders/Private/NiagaraDebugDraw.ush" 2286
"../../../Engine/Plugins/FX/Niagara/Shaders/Private/NiagaraVisualizeTexture.usf" 2287
"../../../Engine/Plugins/FX/Niagara/Shaders/Private/NiagaraClearCounts.usf" 2288
"../../../Engine/Plugins/FX/Niagara/Shaders/Private/NiagaraBatchedElements.usf" 2289
"../../../Engine/Plugins/FX/Niagara/Shaders/Private/NiagaraRayTracingShaders.usf" 2290
"../../../Engine/Plugins/FX/Niagara/Shaders/Private/NiagaraAsyncGpuTraceCommon.ush" 2291
"../../../Engine/Shaders/Private/HashTable.ush" 2292
"../../../Engine/Shaders/Private/Hash.ush" 2293
"../../../Engine/Shaders/Private/RayTracing/VFXTraceRay.ush" 2294
"../../../Engine/Plugins/FX/Niagara/Shaders/Private/NiagaraRayMarchingShaders.usf" 2295
"../../../Engine/Plugins/FX/Niagara/Shaders/Private/NiagaraRayTraceCollisionGroupShaders.usf" 2296
"../../../Engine/Plugins/FX/Niagara/Shaders/Private/NiagaraAsyncGpuTraceUtils.usf" 2297
"../../../Engine/Plugins/Runtime/ComputeFramework/Shaders/Private/ComputeKernel.usf" 2298
"../../../Engine/Plugins/Runtime/ComputeFramework/Shaders/Private/ComputeKernelCommon.ush" 2299
"../../../Engine/Plugins/NNE/NNEDenoiser/Shaders/NNEDenoiserShadersTransferFunctionOidn.usf" 2300
"../../../Engine/Plugins/NNE/NNEDenoiser/Shaders/NNEDenoiserShadersMappedCopy.usf" 2301
"../../../Engine/Plugins/NNE/NNEDenoiser/Shaders/NNEDenoiserShadersDefaultIOProcess.usf" 2302
"../../../Engine/Plugins/NNE/NNEDenoiser/Shaders/NNEDenoiserShadersAutoExposureReduceFinal.usf" 2303
"../../../Engine/Plugins/NNE/NNEDenoiser/Shaders/NNEDenoiserShadersAutoExposureReduce.usf" 2304
"../../../Engine/Plugins/NNE/NNEDenoiser/Shaders/NNEDenoiserShadersAutoExposureDownsample.usf" 2305
"../../../Engine/Plugins/Experimental/NFORDenoise/Shaders/NFORDenoise.usf" 2306
"../../../Engine/Plugins/Experimental/NFORDenoise/Shaders/NFORRegressionCommon.ush" 2307
"../../../Engine/Plugins/Experimental/NFORDenoise/Shaders/NFORRegression.ush" 2308
"../../../Engine/Shaders/Private/VirtualTextureAdapter.usf" 2309
"../../../Engine/Shaders/Private/BlockCompressionCommon.ush" 2310
"../../../Engine/Shaders/Private/BCCompressionCommon.ush" 2311
"../../../Engine/Shaders/Private/TranslucentLightingShaders.usf" 2312
"../../../Engine/Shaders/Private/CubemapCommon.ush" 2313
"../../../Engine/Shaders/Private/VectorFieldCompositeShaders.usf" 2314
"../../../Engine/Shaders/Private/UpdateTextureShaders.usf" 2315
"../../../Engine/Shaders/Private/StereoLayerShader.usf" 2316
"../../../Engine/Shaders/Private/SparseVolumeTexture/UpdateSparseVolumeTexture.usf" 2317
"../../../Engine/Shaders/Private/MorphTargets.usf" 2318
"../../../Engine/Shaders/Private/SimpleElementColorChannelMaskPixelShader.usf" 2319
"../../../Engine/Shaders/Private/SimpleElementHitProxyPixelShader.usf" 2320
"../../../Engine/Shaders/Private/SimpleElementPixelShader.usf" 2321
"../../../Engine/Shaders/Private/IESLightProfilesCommon.ush" 2322
"../../../Engine/Shaders/Private/SimpleElementVertexShader.usf" 2323
"../../../Engine/Shaders/Private/ScreenPixelShaderOES.usf" 2324
"../../../Engine/Shaders/Private/ScreenVertexShader.usf" 2325
"../../../Engine/Shaders/Private/ScreenPixelShader.usf" 2326
"../../../Engine/Shaders/Private/SSProfilePreIntegratedMobile.usf" 2327
"../../../Engine/Shaders/Private/SpecularProfile.usf" 2328
"../../../Engine/Shaders/Private/Nanite/NaniteStreaming.usf" 2329
"../../../Engine/Shaders/Private/Nanite/NaniteStreaming.ush" 2330
"../../../Engine/Shaders/Private/Nanite/NaniteTranscode.usf" 2331
"../../../Engine/Shaders/Private/VolumetricLightmapStreaming.usf" 2332
"../../../Engine/Shaders/Private/PhysicsFieldReset.usf" 2333
"../../../Engine/Shaders/Private/PhysicsFieldBuilder.usf" 2334
"../../../Engine/Shaders/Private/PhysicsFieldEval.ush" 2335
"../../../Engine/Shaders/Private/ParticleSortKeyGen.usf" 2336
"../../../Engine/Shaders/Private/ParticleBoundsShader.usf" 2337
"../../../Engine/Shaders/Private/ParticleSimVisualizeShader.usf" 2338
"../../../Engine/Shaders/Private/ParticleInjectionShader.usf" 2339
"../../../Engine/Shaders/Private/ParticleSimulationShader.usf" 2340
"../../../Engine/Shaders/Private/ParticleCurveInjectionShader.usf" 2341
"../../../Engine/Shaders/Private/CopyUIntBuffer.usf" 2342
"../../../Engine/Shaders/Private/RadixSortShaders.usf" 2343
"../../../Engine/Shaders/Private/RecomputeTangentsPerVertexPass.usf" 2344
"../../../Engine/Shaders/Private/RecomputeTangentsCommon.ush" 2345
"../../../Engine/Shaders/Private/RecomputeTangentsPerTrianglePass.usf" 2346
"../../../Engine/Shaders/Private/GpuSkinCacheComputeShader.usf" 2347
"../../../Engine/Shaders/Private/HeightFieldAtlasManagement.usf" 2348
"../../../Engine/Shaders/Private/Landscape/LandscapeEditLayersUtils.usf" 2349
"../../../Engine/Shaders/Private/Landscape/LandscapeCommon.ush" 2350
"../../../Engine/Shaders/Private/Landscape/LandscapeEditLayersWeightmaps.usf" 2351
"../../../Engine/Shaders/Private/Landscape/LandscapeEditLayersHeightmaps.usf" 2352
"../../../Engine/Shaders/Private/Landscape/LandscapeLayersWeightmapsPS.usf" 2353
"../../../Engine/Shaders/Private/Landscape/LandscapeLayersHeightmapsPS.usf" 2354
"../../../Engine/Shaders/Private/LandscapeLayersCS.usf" 2355
"../../../Engine/Shaders/Private/LandscapeLayersPS.usf" 2356
"../../../Engine/Shaders/Private/LandscapeLayersVS.usf" 2357
"../../../Engine/Shaders/Private/LandscapePhysicalMaterial.usf" 2358
"../../../Engine/Shaders/Private/LandscapeGrassWeight.usf" 2359
"../../../Engine/Shaders/Private/Landscape/LandscapeCulling.usf" 2360
"../../../Engine/Shaders/Private/Nanite/NaniteHZBCull.ush" 2361
"../../../Engine/Shaders/Private/HZB.ush" 2362
"../../../Engine/Shaders/Private/Landscape/LandscapeMergeTexturesPS.usf" 2363
"../../../Engine/Shaders/Private/WideCustomResolveShaders.usf" 2364
"../../../Engine/Shaders/Private/WideCustomResolve_Wide.ush" 2365
"../../../Engine/Shaders/Private/WideCustomResolve_Wider.ush" 2366
"../../../Engine/Shaders/Private/WideCustomResolve_Widest.ush" 2367
"../../../Engine/Shaders/Private/WaterInfoTextureBlur.usf" 2368
"../../../Engine/Shaders/Private/WaterInfoTextureMerge.usf" 2369
"../../../Engine/Shaders/Private/PageTableUpdate.usf" 2370
"../../../Engine/Shaders/Private/VirtualTextureCompress.usf" 2371
"../../../Engine/Shaders/Private/ASTCCompressionCommon.ush" 2372
"../../../Engine/Shaders/Private/IntegerSequenceEncoding.ush" 2373
"../../../Engine/Shaders/Private/ETCCompressionCommon.ush" 2374
"../../../Engine/Shaders/Private/VirtualTextureMaterial.usf" 2375
"../../../Engine/Shaders/Private/PixelShaderOutputCommon.ush" 2376
"../../../Engine/Shaders/Private/ShaderOutputCommon.ush" 2377
"../../../Engine/Shaders/Private/VolumetricRenderTarget.usf" 2378
"../../../Engine/Shaders/Private/HeightFogCommon.ush" 2379
"../../../Engine/Shaders/Private/LocalFogVolumes/LocalFogVolumeCommon.ush" 2380
"../../../Engine/Shaders/Private/ReflectionEnvironmentShared.ush" 2381
"../../../Engine/Shaders/Private/VolumetricFogVoxelization.usf" 2382
"../../../Engine/Shaders/Private/VolumetricCloudMaterialPixelCommon.ush" 2383
"../../../Engine/Shaders/Private/VolumetricFogLightFunction.usf" 2384
"../../../Engine/Shaders/Private/LightFunctionCommon.ush" 2385
"../../../Engine/Shaders/Private/VolumetricFog.usf" 2386
"../../../Engine/Shaders/Private/DeferredLightingCommon.ush" 2387
"../../../Engine/Shaders/Private/DynamicLightingCommon.ush" 2388
"../../../Engine/Shaders/Private/CapsuleLightIntegrate.ush" 2389
"../../../Engine/Shaders/Private/CapsuleLightSampling.ush" 2390
"../../../Engine/Shaders/Private/RectLightIntegrate.ush" 2391
"../../../Engine/Shaders/Private/ScreenSpaceShadowRayCast.ush" 2392
"../../../Engine/Shaders/Private/LightFunctionAtlas/LightFunctionAtlasCommon.usf" 2393
"../../../Engine/Shaders/Private/HeterogeneousVolumes/HeterogeneousVolumesAdaptiveVolumetricShadowMapSampling.ush" 2394
"../../../Engine/Shaders/Private/HeterogeneousVolumes/HeterogeneousVolumesAdaptiveVolumetricShadowMapUtils.ush" 2395
"../../../Engine/Shaders/Private/HeterogeneousVolumes/HeterogeneousVolumesRayMarchingUtils.ush" 2396
"../../../Engine/Shaders/Private/HeterogeneousVolumes/HeterogeneousVolumesRayMarchingTypes.ush" 2397
"../../../Engine/Shaders/Private/PathTracing/Utilities/PathTracingRandomSequence.ush" 2398
"../../../Engine/Shaders/Private/HeterogeneousVolumes/HeterogeneousVolumesTracingUtils.ush" 2399
"../../../Engine/Shaders/Private/VelocityCommon.ush" 2400
"../../../Engine/Shaders/Private/HeterogeneousVolumes/HeterogeneousVolumesTransmittanceVolumeUtils.ush" 2401
"../../../Engine/Shaders/Private/ForwardShadowingCommon.ush" 2402
"../../../Engine/Shaders/Private/ShadowFilteringCommon.ush" 2403
"../../../Engine/Shaders/Private/PixelQuadMessagePassing.ush" 2404
"../../../Engine/Shaders/Private/VolumeLightingCommon.ush" 2405
"../../../Engine/Shaders/Private/ShadowProjectionCommon.ush" 2406
"../../../Engine/Shaders/Private/VolumeLightingCommonSampling.ush" 2407
"../../../Engine/Shaders/Private/Lumen/LumenTranslucencyVolumeShared.ush" 2408
"../../../Engine/Shaders/Private/Lumen/LumenRadianceCacheInterpolation.ush" 2409
"../../../Engine/Shaders/Private/HeterogeneousVolumes/HeterogeneousVolumesAdaptiveVolumetricShadowMapSampler.ush" 2410
"../../../Engine/Shaders/Private/LightGridCommon.ush" 2411
"../../../Engine/Shaders/Private/DistanceFieldAOShared.ush" 2412
"../../../Engine/Shaders/Private/IntersectionUtils.ush" 2413
"../../../Engine/Shaders/Private/VolumetricLightmapShared.ush" 2414
"../../../Engine/Shaders/Private/LightDataUniforms.ush" 2415
"../../../Engine/Shaders/Private/VirtualShadowMaps/VirtualShadowMapProjectionCommon.ush" 2416
"../../../Engine/Shaders/Private/VirtualShadowMaps/VirtualShadowMapPageAccessCommon.ush" 2417
"../../../Engine/Shaders/Shared/VirtualShadowMapDefinitions.h" 2418
"../../../Engine/Shaders/Shared/HLSLMathAliases.h" 2419
"../../../Engine/Shaders/Private/VirtualShadowMaps/VirtualShadowMapProjectionStructs.ush" 2420
"../../../Engine/Shaders/Private/VolumetricCloudCommon.ush" 2421
"../../../Engine/Shaders/Private/VolumetricCloud.usf" 2422
"../../../Engine/Shaders/Private/VisualizeVolumetricLightmap.usf" 2423
"../../../Engine/Shaders/Private/VirtualShadowMaps/VirtualShadowMapProjectionComposite.usf" 2424
"../../../Engine/Shaders/Private/LightShaderParameters.ush" 2425
"../../../Engine/Shaders/Private/VirtualShadowMaps/VirtualShadowMapMaskBitsCommon.ush" 2426
"../../../Engine/Shaders/Private/VirtualShadowMaps/VirtualShadowMapLightGrid.ush" 2427
"../../../Engine/Shaders/Private/VirtualShadowMaps/VirtualShadowMapProjection.usf" 2428
"../../../Engine/Shaders/Private/Visualization.ush" 2429
"../../../Engine/Shaders/Private/VirtualShadowMaps/VirtualShadowMapProjectionFilter.ush" 2430
"../../../Engine/Shaders/Private/VirtualShadowMaps/VirtualShadowMapProjectionDirectional.ush" 2431
"../../../Engine/Shaders/Private/VirtualShadowMaps/VirtualShadowMapSMRTCommon.ush" 2432
"../../../Engine/Shaders/Private/VirtualShadowMaps/VirtualShadowMapSMRTTemplate.ush" 2433
"../../../Engine/Shaders/Private/VirtualShadowMaps/VirtualShadowMapProjectionSpot.ush" 2434
"../../../Engine/Shaders/Private/VirtualShadowMaps/VirtualShadowMapTransmissionCommon.ush" 2435
"../../../Engine/Shaders/Private/VirtualShadowMaps/VirtualShadowMapScreenRayTrace.ush" 2436
"../../../Engine/Shaders/Private/VirtualShadowMaps/VirtualShadowMapStats.ush" 2437
"../../../Engine/Shaders/Private/HairStrands/HairStrandsVoxelPageCommon.ush" 2438
"../../../Engine/Shaders/Private/HairStrands/HairStrandsVoxelPageTraversal.ush" 2439
"../../../Engine/Shaders/Private/VirtualShadowMaps/VirtualShadowMapCacheGPUInvalidation.usf" 2440
"../../../Engine/Shaders/Private/VirtualShadowMaps/VirtualShadowMapPageCacheCommon.ush" 2441
"../../../Engine/Shaders/Private/VirtualShadowMaps/VirtualShadowMapCacheInvalidation.ush" 2442
"../../../Engine/Shaders/Private/VirtualShadowMaps/VirtualShadowMapPageOverlap.ush" 2443
"../../../Engine/Shaders/Private/ScreenSpaceDenoise/SSDDefinitions.ush" 2444
"../../../Engine/Shaders/Private/InstanceCulling/InstanceCullingLoadBalancer.ush" 2445
"../../../Engine/Shaders/Private/VirtualShadowMaps/VirtualShadowMapCacheLoadBalancer.usf" 2446
"../../../Engine/Shaders/Private/VirtualShadowMaps/VirtualShadowMapCopyStats.usf" 2447
"../../../Engine/Shaders/Private/VirtualShadowMaps/VirtualShadowMapDebug.usf" 2448
"../../../Engine/Shaders/Private/VirtualShadowMaps/Desaturate.usf" 2449
"../../../Engine/Shaders/Private/VirtualShadowMaps/VirtualShadowMapPhysicalPageManagement.usf" 2450
"../../../Engine/Shaders/Private/ReductionCommon.ush" 2451
"../../../Engine/Shaders/Private/GPUMessaging.ush" 2452
"../../../Engine/Shaders/Private/VirtualShadowMaps/VirtualShadowMapPerPageDispatch.ush" 2453
"../../../Engine/Shaders/Private/VirtualShadowMaps/VirtualShadowMapCompactViews.usf" 2454
"../../../Engine/Shaders/Shared/SceneCullingDefinitions.h" 2455
"../../../Engine/Shaders/Private/VirtualShadowMaps/VirtualShadowMapBuildPerPageDrawCommands.usf" 2456
"../../../Engine/Shaders/Private/Nanite/NaniteCullingCommon.ush" 2457
"../../../Engine/Shaders/Private/Nanite/NaniteCulling.ush" 2458
"../../../Engine/Shaders/Private/Nanite/NaniteHierarchyTraversalCommon.ush" 2459
"../../../Engine/Shaders/Private/InstanceCulling/InstanceCullingCommon.ush" 2460
"../../../Engine/Shaders/Shared/InstanceCullingDefinitions.h" 2461
"../../../Engine/Shaders/Private/VirtualShadowMaps/VirtualShadowMapPrintStats.usf" 2462
"../../../Engine/Shaders/Private/VirtualShadowMaps/VirtualShadowMapPageManagement.usf" 2463
"../../../Engine/Shaders/Private/VirtualShadowMaps/VirtualShadowMapPageMarking.usf" 2464
"../../../Engine/Shaders/Shared/SingleLayerWaterDefinitions.h" 2465
"../../../Engine/Shaders/Private/HairStrands/HairStrandsTileCommon.ush" 2466
"../../../Engine/Shaders/Private/Froxel/Froxel.ush" 2467
"../../../Engine/Shaders/Shared/FroxelDefinitions.h" 2468
"../../../Engine/Shaders/Private/DiaphragmDOF/DOFCommon.ush" 2469
"../../../Engine/Shaders/Private/VariableRateShading/VRSShadingRatePreview.usf" 2470
"../../../Engine/Shaders/Private/VariableRateShading/VRSShadingRateCommon.ush" 2471
"../../../Engine/Shaders/Private/VariableRateShading/VRSShadingRateCombine.usf" 2472
"../../../Engine/Shaders/Private/VariableRateShading/VRSShadingRateFoveated.usf" 2473
"../../../Engine/Shaders/Private/VariableRateShading/VRSShadingRateReproject.usf" 2474
"../../../Engine/Shaders/Private/VariableRateShading/VRSShadingRateCalculate.usf" 2475
"../../../Engine/Shaders/Private/TranslucencyUpsampling.usf" 2476
"../../../Engine/Shaders/Private/ComposeSeparateTranslucency.usf" 2477
"../../../Engine/Shaders/Private/SeparateTranslucency.ush" 2478
"../../../Engine/Shaders/Private/TranslucentLightInjectionShaders.usf" 2479
"../../../Engine/Shaders/Private/TranslucentShadowDepthShaders.usf" 2480
"../../../Engine/Shaders/Private/ShadowDepthCommon.ush" 2481
"../../../Engine/Shaders/Private/RayTracing/RayTracingTest.usf" 2482
"../../../Engine/Shaders/Private/PostprocessSubsurfaceTile.usf" 2483
"../../../Engine/Shaders/Private/PostProcessSubsurfaceCommon.ush" 2484
"../../../Engine/Shaders/Private/Substrate/SubstrateVisualize.usf" 2485
"../../../Engine/Shaders/Private/Substrate/SubstrateTile.ush" 2486
"../../../Engine/Shaders/Shared/SubstrateVisualizeDefinitions.h" 2487
"../../../Engine/Shaders/Private/Substrate/SubstrateVisualizeCommon.ush" 2488
"../../../Engine/Shaders/Private/SkyLightingDiffuseShared.ush" 2489
"../../../Engine/Shaders/Private/SkyLightingShared.ush" 2490
"../../../Engine/Shaders/Private/ClearCoatCommon.ush" 2491
"../../../Engine/Shaders/Private/ReflectionEnvironmentComposite.ush" 2492
"../../../Engine/Shaders/Private/Substrate/SubstrateLightingCommon.ush" 2493
"../../../Engine/Shaders/Private/Substrate/SubstrateRoughRefraction.usf" 2494
"../../../Engine/Shaders/Private/PathTracing/Material/PathTracingFresnel.ush" 2495
"../../../Engine/Shaders/Private/PathTracing/Material/PathTracingGlossy.ush" 2496
"../../../Engine/Shaders/Private/Substrate/SubstrateMaterialSampling.usf" 2497
"../../../Engine/Shaders/Private/Substrate/SubstrateMaterialSampling.ush" 2498
"../../../Engine/Shaders/Private/Lumen/LumenPosition.ush" 2499
"../../../Engine/Shaders/Private/Substrate/SubstrateTile.usf" 2500
"../../../Engine/Shaders/Private/Substrate/SubstrateMaterialClassification.usf" 2501
"../../../Engine/Shaders/Private/Substrate/SubstrateDBuffer.usf" 2502
"../../../Engine/Shaders/Private/StochasticLighting/StochasticLightingDenoising.usf" 2503
"../../../Engine/Shaders/Private/Lumen/LumenMaterial.ush" 2504
"../../../Engine/Shaders/Private/StochasticLighting/StochasticLightingCommon.ush" 2505
"../../../Engine/Shaders/Private/SplineMeshSceneTexture.usf" 2506
"../../../Engine/Shaders/Private/SparseVolumeTexture/VisualizeSparseVolumeTexture.usf" 2507
"../../../Engine/Shaders/Private/SkyAtmosphere.usf" 2508
"../../../Engine/Shaders/Private/Skinning/SkinnedMeshDebug.usf" 2509
"../../../Engine/Shaders/Private/Skinning/AnimBankEval.usf" 2510
"../../../Engine/Shaders/Private/SingleLayerWaterComposite.usf" 2511
"../../../Engine/Shaders/Private/Froxel/FroxelBuild.ush" 2512
"../../../Engine/Shaders/Private/SingleLayerWaterRefractionCulling.usf" 2513
"../../../Engine/Shaders/Private/ScreenSpaceShadows.usf" 2514
"../../../Engine/Shaders/Private/bend_sss_gpu.ush" 2515
"../../../Engine/Shaders/Private/ShadowFactorsUpsampleCommon.ush" 2516
"../../../Engine/Shaders/Private/FirstPersonSelfShadow.usf" 2517
"../../../Engine/Shaders/Private/HZBTracing.ush" 2518
"../../../Engine/Shaders/Private/ShadowProjectionVertexShader.usf" 2519
"../../../Engine/Shaders/Private/ShadowProjectionPixelShader.usf" 2520
"../../../Engine/Shaders/Private/MobileLightingCommon.ush" 2521
"../../../Engine/Shaders/Private/PlanarReflectionShared.ush" 2522
"../../../Engine/Shaders/Private/MobileSSR.ush" 2523
"../../../Engine/Shaders/Private/SSRT/SSRTRayCast.ush" 2524
"../../../Engine/Shaders/Private/ShadowPercentageCloserFiltering.ush" 2525
"../../../Engine/Shaders/Private/TransmissionThickness.ush" 2526
"../../../Engine/Shaders/Private/CopyShadowMaps.usf" 2527
"../../../Engine/Shaders/Private/ShadowDepthPixelShader.usf" 2528
"../../../Engine/Shaders/Private/ShadowDepthVertexShader.usf" 2529
"../../../Engine/Shaders/Private/ShadingEnergyConservationTable.usf" 2530
"../../../Engine/Shaders/Shared/PathTracingDefinitions.h" 2531
"../../../Engine/Shaders/Private/ShadingFurnaceTest.usf" 2532
"../../../Engine/Shaders/Private/Substrate/SubstrateDeferredLighting.ush" 2533
"../../../Engine/Shaders/Private/ShaderPrintDraw.usf" 2534
"../../../Engine/Shaders/Private/ShaderPrintDrawPrimitive.usf" 2535
"../../../Engine/Shaders/Private/DefaultSSRTiles.usf" 2536
"../../../Engine/Shaders/Private/ScreenSpaceReflectionTileCommons.ush" 2537
"../../../Engine/Shaders/Private/SSRT/SSRTDiffuseIndirect.usf" 2538
"../../../Engine/Shaders/Private/SSRT/SSRTTileClassificationBuffer.ush" 2539
"../../../Engine/Shaders/Private/SSRT/SSRTReflections.usf" 2540
"../../../Engine/Shaders/Private/ScreenSpaceDenoise/SSDPublic.ush" 2541
"../../../Engine/Shaders/Private/SSRT/SSRTTileClassification.usf" 2542
"../../../Engine/Shaders/Private/SSRT/SSRTPrevFrameReduction.usf" 2543
"../../../Engine/Shaders/Private/ScreenSpaceDenoise/SSDComposeHarmonics.usf" 2544
"../../../Engine/Shaders/Private/ScreenSpaceDenoise/SSDPublicHarmonics.ush" 2545
"../../../Engine/Shaders/Private/ScreenSpaceDenoise/SSDSignalFramework.ush" 2546
"../../../Engine/Shaders/Private/ScreenSpaceDenoise/SSDCommon.ush" 2547
"../../../Engine/Shaders/Private/SphericalGaussian.ush" 2548
"../../../Engine/Shaders/Public/WaveBroadcastIntrinsics.ush" 2549
"../../../Engine/Shaders/Private/ScreenSpaceDenoise/SSDMetadata.ush" 2550
"../../../Engine/Shaders/Private/ScreenSpaceDenoise/SSDSignalCore.ush" 2551
"../../../Engine/Shaders/Private/ScreenSpaceDenoise/DenoisingCommon.ush" 2552
"../../../Engine/Shaders/Private/ScreenSpaceDenoise/SSDSignalArray.ush" 2553
"../../../Engine/Shaders/Private/ScreenSpaceDenoise/SSDSignalBufferEncoding.ush" 2554
"../../../Engine/Shaders/Private/ScreenSpaceDenoise/SSDPublicBufferEncoding.ush" 2555
"../../../Engine/Shaders/Private/Lumen/LumenBufferEncoding.ush" 2556
"../../../Engine/Shaders/Private/ScreenSpaceDenoise/SSDTemporalAccumulation.usf" 2557
"../../../Engine/Shaders/Private/ScreenSpaceDenoise/SSDSpatialKernel.ush" 2558
"../../../Engine/Shaders/Private/ScreenSpaceDenoise/SSDSignalAccumulatorArray.ush" 2559
"../../../Engine/Shaders/Private/ScreenSpaceDenoise/SSDSignalAccumulator.ush" 2560
"../../../Engine/Shaders/Private/ScreenSpaceDenoise/SSDSignalCompression.ush" 2561
"../../../Engine/Shaders/Private/ScreenSpaceDenoise/SSDSpatialAccumulation.usf" 2562
"../../../Engine/Shaders/Private/ScreenSpaceDenoise/SSDInjest.usf" 2563
"../../../Engine/Shaders/Private/ScreenSpaceDenoise/SSDCompressMetadata.usf" 2564
"../../../Engine/Shaders/Private/DownsampleDepthPixelShader.usf" 2565
"../../../Engine/Shaders/Private/ScreenPass.usf" 2566
"../../../Engine/Shaders/Private/HZB.usf" 2567
"../../../Engine/Shaders/Private/OcclusionFeedbackShaders.usf" 2568
"../../../Engine/Shaders/Private/HZBOcclusion.usf" 2569
"../../../Engine/Shaders/Private/OcclusionQueryPixelShader.usf" 2570
"../../../Engine/Shaders/Private/OcclusionQueryVertexShader.usf" 2571
"../../../Engine/Shaders/Private/HitProxyCopy.usf" 2572
"../../../Engine/Shaders/Private/HitProxyPixelShader.usf" 2573
"../../../Engine/Shaders/Private/HitProxyVertexShader.usf" 2574
"../../../Engine/Shaders/Private/SceneCulling/SceneCullingDebugRender.usf" 2575
"../../../Engine/Shaders/Private/SceneCulling/SceneCulling.ush" 2576
"../../../Engine/Shaders/Private/SceneCulling/SceneCullingBuildExplicitBounds.usf" 2577
"../../../Engine/Shaders/Private/SceneCapturePixelShader.usf" 2578
"../../../Engine/Shaders/Private/RendererUtils.usf" 2579
"../../../Engine/Shaders/Private/RTWriteMaskDecode.usf" 2580
"../../../Engine/Shaders/Private/ReflectionEnvironmentShaders.usf" 2581
"../../../Engine/Shaders/Private/RectLightAtlas.usf" 2582
"../../../Engine/Shaders/Private/RayTracing/TraceRayInlineStatistics.usf" 2583
"../../../Engine/Shaders/Private/RayTracing/CompositeSkyLightPS.usf" 2584
"../../../Engine/Shaders/Private/RayTracing/GenerateSkyLightVisibilityRaysCS.usf" 2585
"../../../Engine/Shaders/Private/RayTracing/RayTracingSkyLightCommon.ush" 2586
"../../../Engine/Shaders/Private/RayTracing/SkyLightVisibilityRaysData.ush" 2587
"../../../Engine/Shaders/Private/Raytracing/RaytracingSkylightRGS.usf" 2588
"../../../Engine/Shaders/Private/HairStrands/HairStrandsRaytracing.ush" 2589
"../../../Engine/Shaders/Private/Raytracing/RayTracingSkyLightEvaluation.ush" 2590
"../../../Engine/Shaders/Private/Raytracing/RayTracingDeferredShadingCommon.ush" 2591
"../../../Engine/Shaders/Private/RayTracing/RayTracingOcclusionRGS.usf" 2592
"../../../Engine/Shaders/Private/RayTracing/RayTracingDirectionalLight.ush" 2593
"../../../Engine/Shaders/Private/RayTracing/RayTracingRectLight.ush" 2594
"../../../Engine/Shaders/Private/RayTracing/RayTracingSphereLight.ush" 2595
"../../../Engine/Shaders/Private/RayTracing/RayTracingCapsuleLight.ush" 2596
"../../../Engine/Shaders/Private/Raytracing/RayTracingFeedback.usf" 2597
"../../../Engine/Shaders/Shared/RayTracingDebugTypes.h" 2598
"../../../Engine/Shaders/Private/RayTracing/RayTracingPrimaryRays.usf" 2599
"../../../Engine/Shaders/Private/RayTracing/RayTracingLightingCommon.ush" 2600
"../../../Engine/Shaders/Private/RayTracing/RayTracingLightCullingCommon.ush" 2601
"../../../Engine/Shaders/Private/RayTracing/RayTracingMaterialDefaultHitShaders.usf" 2602
"../../../Engine/Shaders/Private/RayTracing/RayTracingMaterialHitShaders.usf" 2603
"../../../Engine/Shaders/Private/RayTracing/RayTracingShaderUtils.ush" 2604
"../../../Engine/Shaders/Private/RayTracing/RayTracingCalcInterpolants.ush" 2605
"../../../Engine/Shaders/Private/LightmapCommon.ush" 2606
"../../../Engine/Shaders/Private/Lumen/LumenHardwareRayTracingPayloadCommon.ush" 2607
"../../../Engine/Shaders/Shared/LumenDefinitions.h" 2608
"../../../Engine/Shaders/Private/Substrate/SubstrateExport.ush" 2609
"../../../Engine/Shaders/Private/RayTracing/RayTracingLightingMS.usf" 2610
"../../../Engine/Shaders/Private/Lumen/LumenDiffuseColorBoost.ush" 2611
"../../../Engine/Shaders/Private/RayTracing/RayTracingLightFunctionCommon.ush" 2612
"../../../Engine/Shaders/Private/RayTracing/RayTracingBuildLightGrid.usf" 2613
"../../../Engine/Shaders/Private/Raytracing/RayTracingInstanceBufferUtil.usf" 2614
"../../../Engine/Shaders/Private/RayTracing/RayTracingDynamicMesh.usf" 2615
"../../../Engine/Shaders/Private/RayTracing/RayTracingDefaultDecalHitShader.usf" 2616
"../../../Engine/Shaders/Private/RayTracing/RayTracingDecalMaterialShader.usf" 2617
"../../../Engine/Shaders/Private/PathTracing/PathTracingShaderUtils.ush" 2618
"../../../Engine/Shaders/Private/PathTracing/PathTracingCommon.ush" 2619
"../../../Engine/Shaders/Private/PathTracing/Material/PathTracingMaterialCommon.ush" 2620
"../../../Engine/Shaders/Private/PathTracing/Utilities/PathTracingRIS.ush" 2621
"../../../Engine/Shaders/Private/RayTracing/RayTracingBuildDecalGrid.usf" 2622
"../../../Engine/Shaders/Private/RayTracing/RayTracingDebugHitStatsUtils.usf" 2623
"../../../Engine/Shaders/Private/RayTracing/RayTracingDebugInstanceOverlap.usf" 2624
"../../../Engine/Shaders/Private/RayTracing/RayTracingDebugPicking.usf" 2625
"../../../Engine/Shaders/Private/RayTracing/RayTracingDebugUtils.ush" 2626
"../../../Engine/Shaders/Private/RayTracing/RayTracingDebugTraversal.usf" 2627
"../../../Engine/Shaders/Private/RayTracing/RayTracingDeferredMaterials.ush" 2628
"../../../Engine/Shaders/Shared/ThirdParty/AMD/ags_shader_intrinsics_dx12.h" 2629
"../../../Engine/Shaders/Shared/RayTracingDebugDefinitions.h" 2630
"../../../Engine/Shaders/Private/RayTracing/RayTracingDebugHitStatsCHS.usf" 2631
"../../../Engine/Shaders/Private/RayTracing/RayTracingDebugHitStats.usf" 2632
"../../../Engine/Shaders/Private/RayTracing/RayTracingDebugMS.usf" 2633
"../../../Engine/Shaders/Private/RayTracing/RayTracingDebugCHS.usf" 2634
"../../../Engine/Shaders/Private/RayTracing/RayTracingDebug.usf" 2635
"../../../Engine/Shaders/Private/RayTracing/RayTracingBuiltInShaders.usf" 2636
"../../../Engine/Shaders/Private/RayTracing/RayTracingBarycentrics.usf" 2637
"../../../Engine/Shaders/Private/RayTracing/RayTracingAmbientOcclusionRGS.usf" 2638
"../../../Engine/Shaders/Private/VisualizeShadingModels.usf" 2639
"../../../Engine/Shaders/Private/MotionBlur/VisualizeMotionVectors.usf" 2640
"../../../Engine/Shaders/Private/TemporalSuperResolution/TSRVisualize.usf" 2641
"../../../Engine/Shaders/Private/TemporalSuperResolution/TSRColorSpace.ush" 2642
"../../../Engine/Shaders/Private/TemporalSuperResolution/TSRCommon.ush" 2643
"../../../Engine/Shaders/Public/DualPixelVectorization.ush" 2644
"../../../Engine/Shaders/Private/TemporalSuperResolution/TSRReprojectionField.ush" 2645
"../../../Engine/Shaders/Private/TemporalSuperResolution/TSRResolveHistory.usf" 2646
"../../../Engine/Shaders/Private/TemporalSuperResolution/TSRConvolutionNetwork.ush" 2647
"../../../Engine/Shaders/Private/TemporalSuperResolution/TSRKernels.ush" 2648
"../../../Engine/Shaders/Public/LaneVectorization.ush" 2649
"../../../Engine/Shaders/Private/TemporalSuperResolution/TSRUpdateHistory.usf" 2650
"../../../Engine/Shaders/Private/TemporalSuperResolution/TSRSpatialAntiAliasing.ush" 2651
"../../../Engine/Shaders/Private/TemporalSuperResolution/TSRSpatialAntiAliasing.usf" 2652
"../../../Engine/Shaders/Private/TemporalSuperResolution/TSRRejectShading.usf" 2653
"../../../Engine/Shaders/Private/TemporalSuperResolution/TSRShadingAnalysis.ush" 2654
"../../../Engine/Shaders/Private/TemporalSuperResolution/TSRConvolutionNetworkPass.ush" 2655
"../../../Engine/Shaders/Private/TemporalSuperResolution/TSRDecimateHistory.usf" 2656
"../../../Engine/Shaders/Private/TemporalSuperResolution/TSRDepthVelocityAnalysis.ush" 2657
"../../../Engine/Shaders/Private/TemporalSuperResolution/TSRClosestOccluder.ush" 2658
"../../../Engine/Shaders/Private/TemporalSuperResolution/TSRWeightRelaxation.usf" 2659
"../../../Engine/Shaders/Private/TemporalSuperResolution/TSRThinGeometryCommon.ush" 2660
"../../../Engine/Shaders/Private/TemporalSuperResolution/TSRDetectThinGeometry.usf" 2661
"../../../Engine/Shaders/Private/TemporalSuperResolution/TSRDilateVelocity.usf" 2662
"../../../Engine/Shaders/Private/MotionBlur/MotionBlurVelocityFlatten.ush" 2663
"../../../Engine/Shaders/Private/MotionBlur/MotionBlurCommon.ush" 2664
"../../../Engine/Shaders/Private/TemporalSuperResolution/TSRClearPrevTextures.usf" 2665
"../../../Engine/Shaders/Private/TemporalSuperResolution/TSRMeasureCoverage.usf" 2666
"../../../Engine/Shaders/Private/TemporalSuperResolution/TSRMeasureFlickeringLuma.usf" 2667
"../../../Engine/Shaders/Private/TemporalAA.usf" 2668
"../../../Engine/Shaders/Private/FilterPixelShader.usf" 2669
"../../../Engine/Shaders/Private/FilterVertexShader.usf" 2670
"../../../Engine/Shaders/Private/VisualizeVirtualTexture.usf" 2671
"../../../Engine/Shaders/Private/PostProcessVisualizeBuffer.usf" 2672
"../../../Engine/Shaders/Private/PostProcessVisualizeLocalExposure.usf" 2673
"../../../Engine/Shaders/Private/PostProcessHistogramCommon.ush" 2674
"../../../Engine/Shaders/Private/TonemapCommon.ush" 2675
"../../../Engine/Shaders/Private/ACES/ACESCommon.ush" 2676
"../../../Engine/Shaders/Private/ACES/ACESOutputTransform.ush" 2677
"../../../Engine/Shaders/Private/ACES/ACESUtilities.ush" 2678
"../../../Engine/Shaders/Private/ACES/ACESTonescale.ush" 2679
"../../../Engine/Shaders/Private/ACES/ACESDisplayEncoding.ush" 2680
"../../../Engine/Shaders/Private/ACES/ACES_v1.3.ush" 2681
"../../../Engine/Shaders/Private/PostProcessVisualizeLevelInstance.usf" 2682
"../../../Engine/Shaders/Private/PostProcessVisualizeHDR.usf" 2683
"../../../Engine/Shaders/Private/ShaderComplexityApplyPixelShader.usf" 2684
"../../../Engine/Shaders/Private/QuadOverdraw.ush" 2685
"../../../Engine/Shaders/Private/PostProcessUpscale.usf" 2686
"../../../Engine/Shaders/Private/PostProcessTonemap.usf" 2687
"../../../Engine/Shaders/Private/PostProcessing/FilmGrainPackConstants.usf" 2688
"../../../Engine/Shaders/Private/PostProcessing/FilmGrainReduce.usf" 2689
"../../../Engine/Shaders/Private/PostProcessTestImage.usf" 2690
"../../../Engine/Shaders/Private/PostProcessSubsurface.usf" 2691
"../../../Engine/Shaders/Private/SeparableSSS.ush" 2692
"../../../Engine/Shaders/Private/SubsurfaceBurleyNormalized.ush" 2693
"../../../Engine/Shaders/Private/PostProcessSelectionOutline.usf" 2694
"../../../Engine/Shaders/Private/MotionBlur/MotionBlurVisualize.usf" 2695
"../../../Engine/Shaders/Private/MotionBlur/MotionBlurApply.usf" 2696
"../../../Engine/Shaders/Private/MotionBlur/MotionBlurFilterTileClassify.usf" 2697
"../../../Engine/Shaders/Private/MotionBlur/MotionBlurTileScatter.usf" 2698
"../../../Engine/Shaders/Private/MotionBlur/MotionBlurTileGather.usf" 2699
"../../../Engine/Shaders/Private/MotionBlur/MotionBlurVelocityFlatten.usf" 2700
"../../../Engine/Shaders/Private/PostProcessMobile.usf" 2701
"../../../Engine/Shaders/Private/PostProcessMitchellNetravali.usf" 2702
"../../../Engine/Shaders/Private/PostProcessMaterialShaders.usf" 2703
"../../../Engine/Shaders/Private/NeuralPostProcessCommon.usf" 2704
"../../../Engine/Shaders/Private/PostProcessLocalExposure.usf" 2705
"../../../Engine/Shaders/Private/PostProcessLensFlares.usf" 2706
"../../../Engine/Shaders/Private/PostProcessGBufferHints.usf" 2707
"../../../Engine/Shaders/Private/PostProcessHMD.usf" 2708
"../../../Engine/Shaders/Private/Histogram.usf" 2709
"../../../Engine/Shaders/Private/PostProcessHistogramReduce.usf" 2710
"../../../Engine/Shaders/Private/PostProcessHistogram.usf" 2711
"../../../Engine/Shaders/Private/Bloom/BloomFinalizeApplyConstants.usf" 2712
"../../../Engine/Shaders/Private/Bloom/BloomCommon.ush" 2713
"../../../Engine/Shaders/Private/Bloom/BloomResizeKernel.usf" 2714
"../../../Engine/Shaders/Private/Bloom/BloomDownsampleKernel.usf" 2715
"../../../Engine/Shaders/Private/Bloom/BloomClampKernel.usf" 2716
"../../../Engine/Shaders/Private/Bloom/BloomPackKernelConstants.usf" 2717
"../../../Engine/Shaders/Private/Bloom/BloomSumScatterDispersionEnergy.usf" 2718
"../../../Engine/Shaders/Private/Bloom/BloomReduceKernelSurvey.usf" 2719
"../../../Engine/Shaders/Private/Bloom/BloomSurveyKernelCenterEnergy.usf" 2720
"../../../Engine/Shaders/Private/Bloom/BloomSurveyMaxScatterDispersion.usf" 2721
"../../../Engine/Shaders/Private/Bloom/BloomFindKernelCenter.usf" 2722
"../../../Engine/Shaders/Private/PostProcessEyeAdaptation.usf" 2723
"../../../Engine/Shaders/Private/TranslucencyVolumeCommon.ush" 2724
"../../../Engine/Shaders/Private/PostProcessEyeAdaptationUtils.usf" 2725
"../../../Engine/Shaders/Private/PostProcessDownsample.usf" 2726
"../../../Engine/Shaders/Private/PostProcessDOF.usf" 2727
"../../../Engine/Shaders/Private/PostProcessDeviceEncodingOnly.usf" 2728
"../../../Engine/Shaders/Private/PostProcessCompositePrimitives.usf" 2729
"../../../Engine/Shaders/Private/PostProcessCombineLUTs.usf" 2730
"../../../Engine/Shaders/Private/PostProcessVisualizeDOF.usf" 2731
"../../../Engine/Shaders/Private/PostProcessBloom.usf" 2732
"../../../Engine/Shaders/Private/PostProcessAmbientOcclusionMobile.usf" 2733
"../../../Engine/Shaders/Private/PostProcessAmbientOcclusionCommon.ush" 2734
"../../../Engine/Shaders/Private/FXAAShader.usf" 2735
"../../../Engine/Shaders/Private/Fxaa3_11.ush" 2736
"../../../Engine/Shaders/Private/PaniniProjection.usf" 2737
"../../../Engine/Shaders/Private/DiaphragmDOF/DOFRecombine.usf" 2738
"../../../Engine/Shaders/Private/DiaphragmDOF/DOFHybridScatterPixelShader.usf" 2739
"../../../Engine/Shaders/Private/DiaphragmDOF/DOFHybridScatterCommon.ush" 2740
"../../../Engine/Shaders/Private/DiaphragmDOF/DOFVignetteCommon.ush" 2741
"../../../Engine/Shaders/Private/DiaphragmDOF/DOFHybridScatterVertexShader.usf" 2742
"../../../Engine/Shaders/Private/DiaphragmDOF/DOFPostfiltering.usf" 2743
"../../../Engine/Shaders/Private/DiaphragmDOF/DOFGatherTileSuggest.ush" 2744
"../../../Engine/Shaders/Private/DiaphragmDOF/DOFCocTileCommon.ush" 2745
"../../../Engine/Shaders/Private/DiaphragmDOF/DOFGatherPass.usf" 2746
"../../../Engine/Shaders/Private/DiaphragmDOF/DOFGatherCommon.ush" 2747
"../../../Engine/Shaders/Private/DiaphragmDOF/DOFGatherAccumulator.ush" 2748
"../../../Engine/Shaders/Private/DiaphragmDOF/DOFGatherKernel.ush" 2749
"../../../Engine/Shaders/Private/DiaphragmDOF/DOFBokehLUT.usf" 2750
"../../../Engine/Shaders/Private/DiaphragmDOF/DOFHybridScatterCompilation.usf" 2751
"../../../Engine/Shaders/Private/DiaphragmDOF/DOFReduce.usf" 2752
"../../../Engine/Shaders/Private/DiaphragmDOF/DOFDownsample.ush" 2753
"../../../Engine/Shaders/Private/DiaphragmDOF/DOFHybridScatterCompilation.ush" 2754
"../../../Engine/Shaders/Private/DiaphragmDOF/DOFDownsample.usf" 2755
"../../../Engine/Shaders/Private/DiaphragmDOF/DOFCocTileDilate.usf" 2756
"../../../Engine/Shaders/Private/DiaphragmDOF/DOFCocTileFlatten.usf" 2757
"../../../Engine/Shaders/Private/DiaphragmDOF/DOFSetup.usf" 2758
"../../../Engine/Shaders/Private/Tools/DebugAlphaChannel.usf" 2759
"../../../Engine/Shaders/Private/PostProcessAlphaInvert.usf" 2760
"../../../Engine/Shaders/Private/PlanarReflectionShaders.usf" 2761
"../../../Engine/Shaders/Private/PhysicsFieldVisualizer.usf" 2762
"../../../Engine/Shaders/Private/PathTracing/PathTracingSpatialTemporalDenoising.usf" 2763
"../../../Engine/Shaders/Private/ColorDifference.ush" 2764
"../../../Engine/Shaders/Private/PathTracing/PathTracingCompositingPixelShader.usf" 2765
"../../../Engine/Shaders/Private/PathTracing/PathTracingAdaptiveUtils.ush" 2766
"../../../Engine/Shaders/Private/PathTracing/PathTracingDefaultHitShader.usf" 2767
"../../../Engine/Shaders/Private/PathTracing/PathTracingGPULightmassMaterialHitShader.usf" 2768
"../../../Engine/Shaders/Private/PathTracing/PathTracingMaterialHitShader.usf" 2769
"../../../Engine/Shaders/Private/PathTracing/Material/PathTracingSubstrateCommon.ush" 2770
"../../../Engine/Shaders/Private/PathTracing/PathTracingLightingMissShader.usf" 2771
"../../../Engine/Shaders/Private/PathTracing/PathTracingMissShader.usf" 2772
"../../../Engine/Shaders/Private/PathTracing/PathTracingAdaptiveStart.usf" 2773
"../../../Engine/Shaders/Private/PathTracing/PathTracingBuildAdaptiveError.usf" 2774
"../../../Engine/Shaders/Private/PathTracing/PathTracingVolumetricCloudMaterialShader.usf" 2775
"../../../Engine/Shaders/Private/PathTracing/Volume/PathTracingCloudsMaterialCommon.ush" 2776
"../../../Engine/Shaders/Private/PathTracing/Volume/PathTracingVolumeCommon.ush" 2777
"../../../Engine/Shaders/Private/PathTracing/Volume/PathTracingCloudsCommon.ush" 2778
"../../../Engine/Shaders/Private/PathTracing/Volume/PathTracingFog.ush" 2779
"../../../Engine/Shaders/Private/PathTracing/Volume/PathTracingAtmosphere.ush" 2780
"../../../Engine/Shaders/Private/PathTracing/Volume/PathTracingAtmosphereCommon.ush" 2781
"../../../Engine/Shaders/Private/PathTracing/Volume/PathTracingVolumeSampling.ush" 2782
"../../../Engine/Shaders/Private/PathTracing/PathTracingBuildCloudAccelerationMap.usf" 2783
"../../../Engine/Shaders/Private/PathTracing/PathTracingBuildAtmosphereLUT.usf" 2784
"../../../Engine/Shaders/Private/PathTracing/PathTracingSwizzleScanlines.usf" 2785
"../../../Engine/Shaders/Private/PathTracing/PathTracingInitExtinctionCoefficient.usf" 2786
"../../../Engine/Shaders/Private/PathTracing/PathTracingCopyDepth.usf" 2787
"../../../Engine/Shaders/Private/PathTracing/PathTracingDebug.usf" 2788
"../../../Engine/Shaders/Private/RayTracing/RayTracingDecalGrid.ush" 2789
"../../../Engine/Shaders/Private/PathTracing/Material/PathTracingMaterialSampling.ush" 2790
"../../../Engine/Shaders/Private/PathTracing/Material/PathTracingLambert.ush" 2791
"../../../Engine/Shaders/Private/PathTracing/Material/PathTracingSubstrate.ush" 2792
"../../../Engine/Shaders/Private/PathTracing/Material/PathTracingSubstrateFoliage.ush" 2793
"../../../Engine/Shaders/Private/PathTracing/Material/PathTracingSubstrateSolidGlass.ush" 2794
"../../../Engine/Shaders/Private/PathTracing/Material/PathTracingSubstrateThinGlass.ush" 2795
"../../../Engine/Shaders/Private/PathTracing/Material/PathTracingSolidGlass.ush" 2796
"../../../Engine/Shaders/Private/PathTracing/Material/PathTracingEnergyConservation.ush" 2797
"../../../Engine/Shaders/Private/PathTracing/Material/PathTracingThinGlass.ush" 2798
"../../../Engine/Shaders/Private/PathTracing/Material/PathTracingDefaultLit.ush" 2799
"../../../Engine/Shaders/Private/PathTracing/Material/PathTracingClearCoat.ush" 2800
"../../../Engine/Shaders/Private/PathTracing/Material/PathTracingTwoSidedFoliage.ush" 2801
"../../../Engine/Shaders/Private/PathTracing/Material/PathTracingCloth.ush" 2802
"../../../Engine/Shaders/Private/PathTracing/Material/PathTracingSubsurfaceProfile.ush" 2803
"../../../Engine/Shaders/Private/PathTracing/Material/PathTracingEye.ush" 2804
"../../../Engine/Shaders/Private/PathTracing/Material/PathTracingHair.ush" 2805
"../../../Engine/Shaders/Private/PathTracing/Material/PathTracingMedium.ush" 2806
"../../../Engine/Shaders/Private/PathTracing/Light/PathTracingLightSampling.ush" 2807
"../../../Engine/Shaders/Private/PathTracing/Light/PathTracingLightCommon.ush" 2808
"../../../Engine/Shaders/Private/PathTracing/Light/PathTracingDirectionalLight.ush" 2809
"../../../Engine/Shaders/Private/PathTracing/Light/PathTracingPointLight.ush" 2810
"../../../Engine/Shaders/Private/PathTracing/Light/PathTracingCapsuleLight.ush" 2811
"../../../Engine/Shaders/Private/PathTracing/Light/PathTracingRectLight.ush" 2812
"../../../Engine/Shaders/Private/PathTracing/Light/PathTracingSkyLight.ush" 2813
"../../../Engine/Shaders/Private/PathTracing/Light/PathTracingLightGrid.ush" 2814
"../../../Engine/Shaders/Private/PathTracing/PathTracing.usf" 2815
"../../../Engine/Shaders/Private/PathTracing/PathTracingCore.ush" 2816
"../../../Engine/Shaders/Private/HeterogeneousVolumes/HeterogeneousVolumesVoxelGridTypes.ush" 2817
"../../../Engine/Shaders/Private/PathTracing/Volume/PathTracingVolume.ush" 2818
"../../../Engine/Shaders/Private/PathTracing/Volume/PathTracingClouds.ush" 2819
"../../../Engine/Shaders/Private/PathTracing/Volume/PathTracingHeterogeneousVolumes.ush" 2820
"../../../Engine/Shaders/Private/HeterogeneousVolumes/HeterogeneousVolumesVoxelGridTraversal.ush" 2821
"../../../Engine/Shaders/Private/HeterogeneousVolumes/HeterogeneousVolumesVoxelGridUtils.ush" 2822
"../../../Engine/Shaders/Private/HeterogeneousVolumes/HeterogeneousVolumesFrustumVoxelGridUtils.ush" 2823
"../../../Engine/Shaders/Private/PathTracing/PathTracingBuildLightGrid.usf" 2824
"../../../Engine/Shaders/Private/PathTracing/PathTracingSkylightMISCompensation.usf" 2825
"../../../Engine/Shaders/Private/PathTracing/PathTracingSkylightPrepare.usf" 2826
"../../../Engine/Shaders/Private/OIT/OITSorting.usf" 2827
"../../../Engine/Shaders/Private/OITCombine.usf" 2828
"../../../Engine/Shaders/Private/OITCommon.ush" 2829
"../../../Engine/Shaders/Private/Nanite/Voxel/RasterizeBricks.usf" 2830
"../../../Engine/Shaders/Private/Nanite/Voxel/Brick.ush" 2831
"../../../Engine/Shaders/Private/Nanite/Voxel/Voxel.ush" 2832
"../../../Engine/Shaders/Private/Nanite/Voxel/ScatterBricks.usf" 2833
"../../../Engine/Shaders/Private/Nanite/Voxel/TileBricks.usf" 2834
"../../../Engine/Shaders/Private/Nanite/Voxel/AutoVoxel.usf" 2835
"../../../Engine/Shaders/Private/Nanite/NaniteDebugViews.usf" 2836
"../../../Engine/Shaders/Private/Nanite/NaniteEditorCommon.ush" 2837
"../../../Engine/Shaders/Private/BinarySearch.ush" 2838
"../../../Engine/Shaders/Private/Nanite/NaniteDepthDecode.usf" 2839
"../../../Engine/Shaders/Private/HTileEncoding.ush" 2840
"../../../Engine/Shaders/Private/Nanite/NaniteVisualize.usf" 2841
"../../../Engine/Shaders/Private/Nanite/NaniteStreamOut.usf" 2842
"../../../Engine/Shaders/Private/Nanite/NaniteHierarchyTraversal.ush" 2843
"../../../Engine/Shaders/Private/Nanite/NaniteSkinningUpdateViewData.usf" 2844
"../../../Engine/Shaders/Private/Skinning/TransformProviders.usf" 2845
"../../../Engine/Shaders/Private/Nanite/NaniteShadeBinning.usf" 2846
"../../../Engine/Shaders/Private/Nanite/NaniteShadeCommon.ush" 2847
"../../../Engine/Shaders/Private/Nanite/NaniteFastClear.usf" 2848
"../../../Engine/Shaders/Private/Nanite/NaniteExportGBuffer.usf" 2849
"../../../Engine/Shaders/Private/Nanite/NaniteClusterCulling.usf" 2850
"../../../Engine/Shaders/Private/Nanite/NanitePrintStats.usf" 2851
"../../../Engine/Shaders/Private/Nanite/NaniteRasterizer.usf" 2852
"../../../Engine/Shaders/Private/Nanite/NaniteRasterizationCommon.ush" 2853
"../../../Engine/Shaders/Private/Nanite/NaniteRasterizer.ush" 2854
"../../../Engine/Shaders/Private/Nanite/NaniteWritePixel.ush" 2855
"../../../Engine/Shaders/Private/Nanite/NaniteTessellation.ush" 2856
"../../../Engine/Shaders/Private/WorkDistribution.ush" 2857
"../../../Engine/Shaders/Private/Nanite/NaniteDice.ush" 2858
"../../../Engine/Shaders/Private/ShaderBundleWorkGraphCommon.ush" 2859
"../../../Engine/Shaders/Public/RootConstants.ush" 2860
"../../../Engine/Shaders/Public/Platform/D3D/D3DRootConstants.ush" 2861
"../../../Engine/Shaders/Private/Nanite/NaniteSplit.usf" 2862
"../../../Engine/Shaders/Private/Nanite/NaniteRasterBinning.usf" 2863
"../../../Engine/Shaders/Private/Nanite/NaniteInstanceCulling.usf" 2864
"../../../Engine/Shaders/Private/Nanite/NaniteImposter.ush" 2865
"../../../Engine/Shaders/Private/Nanite/NaniteInstanceHierarchyCulling.usf" 2866
"../../../Engine/Shaders/Private/WorkGroupLoadBalancer.ush" 2867
"../../../Engine/Shaders/Private/Nanite/NanitePrimitiveFilter.usf" 2868
"../../../Engine/Shaders/Private/Nanite/NaniteRasterClear.usf" 2869
"../../../Engine/Shaders/Private/Nanite/NaniteDepthExport.usf" 2870
"../../../Engine/Shaders/Private/Nanite/NaniteEmitShadow.usf" 2871
"../../../Engine/Shaders/Private/MobileDeferredUtils.usf" 2872
"../../../Engine/Shaders/Private/MobileLocalLightsBuffer.usf" 2873
"../../../Engine/Shaders/Private/MobileFog.usf" 2874
"../../../Engine/Shaders/Private/DistortApplyScreenPS.usf" 2875
"../../../Engine/Shaders/Private/MobileDeferredShading.usf" 2876
"../../../Engine/Shaders/Private/MobileBasePassPixelShader.usf" 2877
"../../../Engine/Shaders/Private/MobileBasePassCommon.ush" 2878
"../../../Engine/Shaders/Private/BasePassCommon.ush" 2879
"../../../Engine/Shaders/Private/ShadingModelsMaterial.ush" 2880
"../../../Engine/Shaders/Private/ThinTranslucentCommon.ush" 2881
"../../../Engine/Shaders/Private/SingleLayerWaterShading.ush" 2882
"../../../Engine/Shaders/Private/DistortionCommon.ush" 2883
"../../../Engine/Shaders/Private/Substrate/SubstrateMobileForwardLighting.ush" 2884
"../../../Engine/Shaders/Private/MobileBasePassVertexShader.usf" 2885
"../../../Engine/Shaders/Private/MeshEdges.usf" 2886
"../../../Engine/Shaders/Private/MegaLights/MegaLightsVSMTracing.usf" 2887
"../../../Engine/Shaders/Private/MegaLights/MegaLights.ush" 2888
"../../../Engine/Shaders/Shared/MegaLightsDefinitions.h" 2889
"../../../Engine/Shaders/Private/HairStrands/HairStrandsVisibilityUtils.ush" 2890
"../../../Engine/Shaders/Private/MegaLights/MegaLightsRayTracing.ush" 2891
"../../../Engine/Shaders/Private/MegaLights/MegaLightsRayTracing.usf" 2892
"../../../Engine/Shaders/Private/DistanceField/GlobalDistanceFieldUtils.ush" 2893
"../../../Engine/Shaders/Private/Lumen/LumenScreenTracing.ush" 2894
"../../../Engine/Shaders/Private/MegaLights/MegaLightsVolumeRayTracing.usf" 2895
"../../../Engine/Shaders/Private/MegaLights/MegaLightsVolume.ush" 2896
"../../../Engine/Shaders/Private/MegaLights/MegaLightsVolumeHardwareRayTracing.usf" 2897
"../../../Engine/Shaders/Private/Lumen/LumenHardwareRayTracingCommon.ush" 2898
"../../../Engine/Shaders/Private/RayTracing/RayTracingReflectionEnvironment.ush" 2899
"../../../Engine/Shaders/Private/Lumen/LumenHardwareRayTracingPlatformCommon.ush" 2900
"../../../Engine/Shaders/Private/Lumen/LumenReflectionsCombine.ush" 2901
"../../../Engine/Shaders/Private/Lumen/LumenTracingCommon.ush" 2902
"../../../Engine/Shaders/Private/Lumen/SurfaceCache/LumenSurfaceCacheSampling.ush" 2903
"../../../Engine/Shaders/Private/Lumen/SurfaceCache/LumenSurfaceCache.ush" 2904
"../../../Engine/Shaders/Private/Lumen/LumenCardCommon.ush" 2905
"../../../Engine/Shaders/Private/Lumen/LumenCardTileShadowDownsampleFactor.ush" 2906
"../../../Engine/Shaders/Private/MegaLights/MegaLightsHardwareRayTracing.usf" 2907
"../../../Engine/Shaders/Private/MegaLights/MegaLights.usf" 2908
"../../../Engine/Shaders/Private/MegaLights/MegaLightsShading.ush" 2909
"../../../Engine/Shaders/Private/MegaLights/MegaLightsFilterVisibleLightHash.usf" 2910
"../../../Engine/Shaders/Private/MegaLights/MegaLightsDenoiserSpatial.usf" 2911
"../../../Engine/Shaders/Private/Lumen/LumenReflectionDenoiserCommon.ush" 2912
"../../../Engine/Shaders/Private/MegaLights/MegaLightsDenoiserTemporal.usf" 2913
"../../../Engine/Shaders/Private/MegaLights/MegaLightsShading.usf" 2914
"../../../Engine/Shaders/Private/StochasticLighting/StochasticLightingUpsample.ush" 2915
"../../../Engine/Shaders/Private/MegaLights/MegaLightsVisibleLightHash.usf" 2916
"../../../Engine/Shaders/Private/MegaLights/MegaLightsVolumeShading.usf" 2917
"../../../Engine/Shaders/Private/MegaLights/MegaLightsSampling.usf" 2918
"../../../Engine/Shaders/Private/MegaLights/MegaLightsSampling.ush" 2919
"../../../Engine/Shaders/Private/MegaLights/MegaLightsVolumeSampling.usf" 2920
"../../../Engine/Shaders/Private/MaterialCache/MaterialCacheABufferPages.usf" 2921
"../../../Engine/Shaders/Private/MaterialCache/MaterialCacheShade.usf" 2922
"../../../Engine/Shaders/Private/MaterialCache/MaterialCacheUnwrapNaniteShade.usf" 2923
"../../../Engine/Shaders/Private/MaterialCache/MaterialCacheUnwrapPixelShader.usf" 2924
"../../../Engine/Shaders/Private/MaterialCache/MaterialCacheUnwrapVertexShader.usf" 2925
"../../../Engine/Shaders/Private/Lumen/LumenVisualizeRadianceCache.usf" 2926
"../../../Engine/Shaders/Private/Lumen/LumenRadianceCacheCommon.ush" 2927
"../../../Engine/Shaders/Private/Lumen/LumenVisualizeHardwareRayTracing.usf" 2928
"../../../Engine/Shaders/Private/Lumen/LumenVisualize.ush" 2929
"../../../Engine/Shaders/Private/Lumen/LumenHairTracing.ush" 2930
"../../../Engine/Shaders/Private/Lumen/LumenVisualize.usf" 2931
"../../../Engine/Shaders/Private/Lumen/LumenSoftwareRayTracing.ush" 2932
"../../../Engine/Shaders/Private/DistanceField/GlobalDistanceFieldObjectGrid.ush" 2933
"../../../Engine/Shaders/Private/DistanceFieldLightingShared.ush" 2934
"../../../Engine/Shaders/Private/Lumen/LumenVisualizeTraces.ush" 2935
"../../../Engine/Shaders/Private/Lumen/LumenTranslucencyVolumeLighting.usf" 2936
"../../../Engine/Shaders/Private/Lumen/LumenRadianceCacheMarkCommon.ush" 2937
"../../../Engine/Shaders/Private/Lumen/LumenTranslucencyVolumeLightingShared.ush" 2938
"../../../Engine/Shaders/Private/Lumen/LumenScreenProbeCommon.ush" 2939
"../../../Engine/Shaders/Private/RayTracing/RayGenUtils.ush" 2940
"../../../Engine/Shaders/Private/Lumen/LumenRadianceCacheTracingCommon.ush" 2941
"../../../Engine/Shaders/Private/Lumen/LumenTranslucencyVolumeHardwareRayTracing.usf" 2942
"../../../Engine/Shaders/Private/Lumen/LumenTranslucencyRadianceCacheMarkShaders.usf" 2943
"../../../Engine/Shaders/Private/Lumen/SurfaceCache/LumenSurfaceCache.usf" 2944
"../../../Engine/Shaders/Private/Lumen/LumenShortRangeAOHardwareRayTracing.usf" 2945
"../../../Engine/Shaders/Private/Lumen/LumenScreenSpaceBentNormal.ush" 2946
"../../../Engine/Shaders/Private/Lumen/LumenScreenSpaceBentNormal.usf" 2947
"../../../Engine/Shaders/Private/Lumen/LumenScreenProbeTracing.usf" 2948
"../../../Engine/Shaders/Private/Lumen/LumenScreenProbeTracingCommon.ush" 2949
"../../../Engine/Shaders/Private/Lumen/LumenFloatQuantization.ush" 2950
"../../../Engine/Shaders/Private/Lumen/LumenScreenProbeImportanceSampling.usf" 2951
"../../../Engine/Shaders/Private/Lumen/LumenScreenProbeImportanceSamplingShared.ush" 2952
"../../../Engine/Shaders/Private/Lumen/LumenScreenProbeHardwareRayTracing.usf" 2953
"../../../Engine/Shaders/Private/Lumen/LumenScreenProbeDebug.usf" 2954
"../../../Engine/Shaders/Private/Lumen/LumenScreenProbeGather.usf" 2955
"../../../Engine/Shaders/Private/Lumen/LumenScreenProbeGatherTemporal.usf" 2956
"../../../Engine/Shaders/Private/Lumen/LumenScreenProbeFiltering.usf" 2957
"../../../Engine/Shaders/Private/Lumen/LumenSceneLighting.usf" 2958
"../../../Engine/Shaders/Private/Lumen/LumenCardTile.ush" 2959
"../../../Engine/Shaders/Private/Lumen/LumenSceneLighting.ush" 2960
"../../../Engine/Shaders/Private/Lumen/Radiosity/LumenRadiosity.ush" 2961
"../../../Engine/Shaders/Private/Lumen/LumenSceneLightingDebug.usf" 2962
"../../../Engine/Shaders/Private/Lumen/LumenScene.usf" 2963
"../../../Engine/Shaders/Private/Lumen/LumenSceneDirectLightingHardwareRayTracing.usf" 2964
"../../../Engine/Shaders/Private/Lumen/LumenSceneDirectLightingStochastic.ush" 2965
"../../../Engine/Shaders/Private/Lumen/LumenReflectionCommon.ush" 2966
"../../../Engine/Shaders/Private/Lumen/LumenSceneDirectLighting.ush" 2967
"../../../Engine/Shaders/Private/Lumen/LumenSceneDebugHardwareRayTracing.usf" 2968
"../../../Engine/Shaders/Private/Lumen/LumenSceneDirectLightingStochastic.usf" 2969
"../../../Engine/Shaders/Private/Lumen/LumenSceneDirectLightingSoftwareRayTracing.usf" 2970
"../../../Engine/Shaders/Private/DistanceFieldShadowingShared.ush" 2971
"../../../Engine/Shaders/Private/Lumen/LumenSceneDirectLightingPerLightShadowCommon.ush" 2972
"../../../Engine/Shaders/Private/Lumen/LumenSceneDirectLightingShadowMask.usf" 2973
"../../../Engine/Shaders/Private/Lumen/LumenSceneDirectLighting.usf" 2974
"../../../Engine/Shaders/Private/Lumen/LumenSceneDirectLightingCulling.usf" 2975
"../../../Engine/Shaders/Private/Lumen/LumenCardComputeShader.usf" 2976
"../../../Engine/Shaders/Private/Lumen/LumenCardBasePass.ush" 2977
"../../../Engine/Shaders/Private/Lumen/LumenCardPixelShader.usf" 2978
"../../../Engine/Shaders/Private/Lumen/LumenCardVertexShader.usf" 2979
"../../../Engine/Shaders/Private/Lumen/LumenReSTIRGather.usf" 2980
"../../../Engine/Shaders/Private/Lumen/LumenReflectionTracing.usf" 2981
"../../../Engine/Shaders/Private/Lumen/LumenReflectionDenoiserSpatial.usf" 2982
"../../../Engine/Shaders/Private/Lumen/LumenReflectionDenoiserClear.usf" 2983
"../../../Engine/Shaders/Private/Lumen/LumenReflectionDenoiserTemporal.usf" 2984
"../../../Engine/Shaders/Private/Lumen/LumenReflectionResolve.usf" 2985
"../../../Engine/Shaders/Private/Lumen/LumenReflections.usf" 2986
"../../../Engine/Shaders/Private/Lumen/RayTracedTranslucency.usf" 2987
"../../../Engine/Shaders/Private/Lumen/LumenReflectionHardwareRayTracing.usf" 2988
"../../../Engine/Shaders/Private/Lumen/Radiosity/LumenVisualizeRadiosityProbes.usf" 2989
"../../../Engine/Shaders/Private/Lumen/Radiosity/LumenRadiosity.usf" 2990
"../../../Engine/Shaders/Private/Lumen/Radiosity/LumenRadiosityHardwareRayTracing.usf" 2991
"../../../Engine/Shaders/Private/Lumen/Radiosity/LumenRadiosityCulling.usf" 2992
"../../../Engine/Shaders/Private/Lumen/LumenRadianceCacheHardwareRayTracing.usf" 2993
"../../../Engine/Shaders/Private/Lumen/LumenRadianceCache.usf" 2994
"../../../Engine/Shaders/Private/Lumen/LumenRadianceCacheUpdate.ush" 2995
"../../../Engine/Shaders/Private/Lumen/LumenRadianceCacheDebug.usf" 2996
"../../../Engine/Shaders/Private/Lumen/LumenRadianceCacheUpdate.usf" 2997
"../../../Engine/Shaders/Private/Lumen/LumenMeshSDFCulling.usf" 2998
"../../../Engine/Shaders/Private/HybridIndirectLighting.ush" 2999
"../../../Engine/Shaders/Private/MeshDistanceFieldCommon.ush" 3000
"../../../Engine/Shaders/Private/Lumen/LumenIrradianceFieldGather.usf" 3001
"../../../Engine/Shaders/Private/Lumen/LumenHardwareRayTracingMaterials.usf" 3002
"../../../Engine/Shaders/Private/Lumen/LumenFrontLayerTranslucency.usf" 3003
"../../../Engine/Shaders/Private/LocalFogVolumes/LocalFogVolumeSplat.usf" 3004
"../../../Engine/Shaders/Private/LocalFogVolumes/LocalFogVolumeTiledCulling.usf" 3005
"../../../Engine/Shaders/Private/LightShaftShader.usf" 3006
"../../../Engine/Shaders/Private/StationaryLightOverlapShaders.usf" 3007
"../../../Engine/Shaders/Private/DeferredLightPixelShaders.usf" 3008
"../../../Engine/Shaders/Private/DeferredLightVertexShaders.usf" 3009
"../../../Engine/Shaders/Private/LightMapDensityShader.usf" 3010
"../../../Engine/Shaders/Private/LightGridInjection.usf" 3011
"../../../Engine/Shaders/Shared/LightGridDefinitions.h" 3012
"../../../Engine/Shaders/Private/LightFunctionPixelShader.usf" 3013
"../../../Engine/Shaders/Private/LightFunctionVertexShader.usf" 3014
"../../../Engine/Shaders/Private/LightFunctionAtlas/LightFunctionAtlasRender.usf" 3015
"../../../Engine/Shaders/Private/InstanceCulling/InstanceCullingOcclusionQuery.usf" 3016
"../../../Engine/Shaders/Private/InstanceCulling/InstanceCullingSetup.ush" 3017
"../../../Engine/Shaders/Private/InstanceCulling/BuildInstanceDrawCommands.usf" 3018
"../../../Engine/Shaders/Private/InstanceCulling/InstanceCompactionCommon.ush" 3019
"../../../Engine/Shaders/Private/SceneDataMobileWriter.ush" 3020
"../../../Engine/Shaders/Private/InstanceCulling/CompactVisibleInstances.usf" 3021
"../../../Engine/Shaders/Private/ReflectionEnvironmentPixelShader.usf" 3022
"../../../Engine/Shaders/Private/AmbientCubemapComposite.usf" 3023
"../../../Engine/Shaders/Private/DiffuseIndirectComposite.usf" 3024
"../../../Engine/Shaders/Private/IESAtlas.usf" 3025
"../../../Engine/Shaders/Private/HeterogeneousVolumes/HeterogeneousVolumesVoxelGridShadows.usf" 3026
"../../../Engine/Shaders/Private/HeterogeneousVolumes/HeterogeneousVolumesStochasticFiltering.ush" 3027
"../../../Engine/Shaders/Private/HeterogeneousVolumes/HeterogeneousVolumesVoxelGridRenderingUtils.ush" 3028
"../../../Engine/Shaders/Private/HeterogeneousVolumes/HeterogeneousVolumesLightingUtils.ush" 3029
"../../../Engine/Shaders/Private/HeterogeneousVolumes/HeterogeneousVolumesVoxelGridRendering.usf" 3030
"../../../Engine/Shaders/Private/HeterogeneousVolumes/HeterogeneousVolumesVoxelGridPipeline.usf" 3031
"../../../Engine/Shaders/Private/HeterogeneousVolumes/HeterogeneousVolumesMaterialBakingPipeline.usf" 3032
"../../../Engine/Shaders/Private/HeterogeneousVolumes/HeterogeneousVolumesLiveShadingUtils.ush" 3033
"../../../Engine/Shaders/Private/HeterogeneousVolumes/HeterogeneousVolumesFrustumVoxelGrid.usf" 3034
"../../../Engine/Shaders/Private/HeterogeneousVolumes/HeterogeneousVolumesSparseVoxelPipeline.usf" 3035
"../../../Engine/Shaders/Private/HeterogeneousVolumes/HeterogeneousVolumesSparseVoxelUtils.ush" 3036
"../../../Engine/Shaders/Private/HeterogeneousVolumes/HeterogeneousVolumesSparseVoxelUniformBufferUtils.ush" 3037
"../../../Engine/Shaders/Private/HeterogeneousVolumes/HeterogeneousVolumesPreshadingPipeline.usf" 3038
"../../../Engine/Shaders/Private/HeterogeneousVolumes/HeterogeneousVolumesLiveShadingShadows.usf" 3039
"../../../Engine/Shaders/Private/HeterogeneousVolumes/HeterogeneousVolumesLiveShadingGlobalPipeline.usf" 3040
"../../../Engine/Shaders/Private/HeterogeneousVolumes/HeterogeneousVolumesLiveShadingPipeline.usf" 3041
"../../../Engine/Shaders/Private/HeterogeneousVolumes/HeterogeneousVolumesHardwareRayTracing.usf" 3042
"../../../Engine/Shaders/Private/HeterogeneousVolumes/HeterogeneousVolumesAmbientOcclusionPipeline.usf" 3043
"../../../Engine/Shaders/Private/HeterogeneousVolumes/HeterogeneousVolumesComposite.usf" 3044
"../../../Engine/Shaders/Private/HdrCustomResolveShaders.usf" 3045
"../../../Engine/Shaders/Private/HairStrands/RenderCurveRaster.usf" 3046
"../../../Engine/Shaders/Private/HairStrands/HairStrandsVoxelRasterCompute.usf" 3047
"../../../Engine/Shaders/Private/HairStrands/HairStrandsHitProxy.usf" 3048
"../../../Engine/Shaders/Private/HairStrands/HairStrandsVisibilityRasterComputeNaive.usf" 3049
"../../../Engine/Shaders/Private/HairStrands/HairStrandsVisibilityRasterHW.usf" 3050
"../../../Engine/Shaders/Private/HairStrands/HairStrandsVisibilityRasterCompute.usf" 3051
"../../../Engine/Shaders/Private/HairStrands/HairStrandsVisibilityRasterClassification.usf" 3052
"../../../Engine/Shaders/Private/HairStrands/HairStrandsCoverage.usf" 3053
"../../../Engine/Shaders/Private/HairStrands/HairStrandsVisibilityDepthPS.usf" 3054
"../../../Engine/Shaders/Private/HairStrands/HairStrandsVisibilityTransmittanceDepthPS.usf" 3055
"../../../Engine/Shaders/Private/HairStrands/HairStrandsVisibilityFillOpaqueDepthPS.usf" 3056
"../../../Engine/Shaders/Private/HairStrands/HairStrandsVisibilityCompactionComputeRaster.usf" 3057
"../../../Engine/Shaders/Private/HairStrands/HairStrandsVisibilityCompaction.usf" 3058
"../../../Engine/Shaders/Private/HairStrands/HairStrandsVisibilityCopyIndirectArg.usf" 3059
"../../../Engine/Shaders/Private/HairStrands/HairStrandsVisibilityClearPS.usf" 3060
"../../../Engine/Shaders/Private/HairStrands/HairStrandsVisibilityPS.usf" 3061
"../../../Engine/Shaders/Private/HairStrands/HairStrandsVisibilityVS.usf" 3062
"../../../Engine/Shaders/Private/HairStrands/HairStrandsVelocity.usf" 3063
"../../../Engine/Shaders/Private/HairStrands/HairStrandsVisibilityComputeSampleCoverage.usf" 3064
"../../../Engine/Shaders/Private/HairStrands/HairStrandsMaterialPS.usf" 3065
"../../../Engine/Shaders/Private/HairStrands/HairStrandsMaterialCommon.ush" 3066
"../../../Engine/Shaders/Private/HairStrands/HairStrandsMaterialVS.usf" 3067
"../../../Engine/Shaders/Private/HairStrands/HairStrandsLightSample.usf" 3068
"../../../Engine/Shaders/Private/HairStrands/HairStrandsDeepShadowMask.usf" 3069
"../../../Engine/Shaders/Private/HairStrands/HairStrandsDeepTransmittanceMask.usf" 3070
"../../../Engine/Shaders/Private/HairStrands/HairStrandsVisibilityTile.usf" 3071
"../../../Engine/Shaders/Private/HairStrands/HairStrandsDeepShadowPS.usf" 3072
"../../../Engine/Shaders/Private/HairStrands/HairStrandsDeepShadowVS.usf" 3073
"../../../Engine/Shaders/Private/HairStrands/HairStrandsAABB.usf" 3074
"../../../Engine/Shaders/Private/HairStrands/HairStrandsLUT.usf" 3075
"../../../Engine/Shaders/Private/HairStrands/HairStrandsForwardRaster.usf" 3076
"../../../Engine/Shaders/Private/HairStrands/HairStrandsForwardCulling.usf" 3077
"../../../Engine/Shaders/Private/HairStrands/HairStrandsEnvironmentLighting.usf" 3078
"../../../Engine/Shaders/Private/HairStrands/HairStrandsEnvironmentAO.usf" 3079
"../../../Engine/Shaders/Private/HairStrands/HairStrandsDeepShadowAllocation.usf" 3080
"../../../Engine/Shaders/Private/HairStrands/HairStrandsVoxelDebug.usf" 3081
"../../../Engine/Shaders/Private/HairStrands/HairStrandsComposition.usf" 3082
"../../../Engine/Shaders/Private/HairStrands/HairStrandsGBufferCommon.ush" 3083
"../../../Engine/Shaders/Private/GPUScene/GPUSceneDataManagement.usf" 3084
"../../../Engine/Shaders/Private/GPUSceneDebugRender.usf" 3085
"../../../Engine/Shaders/Private/GPUFeedbackCompaction.usf" 3086
"../../../Engine/Shaders/Private/GPUFastFourierTransform.usf" 3087
"../../../Engine/Shaders/Private/GPUFastFourierTransform2DCore.ush" 3088
"../../../Engine/Shaders/Private/GPUFastFourierTransformCore.ush" 3089
"../../../Engine/Shaders/Private/GPUBenchmark.usf" 3090
"../../../Engine/Shaders/Private/DistanceField/GlobalDistanceFieldDebug.usf" 3091
"../../../Engine/Shaders/Private/DistanceField/GlobalDistanceFieldUpdate.ush" 3092
"../../../Engine/Shaders/Private/DistanceField/GlobalDistanceFieldMip.usf" 3093
"../../../Engine/Shaders/Private/DistanceField/GlobalDistanceField.usf" 3094
"../../../Engine/Shaders/Private/DistanceField/GlobalDistanceFieldCompositeObjects.usf" 3095
"../../../Engine/Shaders/Private/DistanceField/GlobalDistanceFieldHeightfields.usf" 3096
"../../../Engine/Shaders/Private/HeightfieldLightingShared.ush" 3097
"../../../Engine/Shaders/Private/GenerateConservativeDepth.usf" 3098
"../../../Engine/Shaders/Private/HeightFogPixelShader.usf" 3099
"../../../Engine/Shaders/Private/HeightFogVertexShader.usf" 3100
"../../../Engine/Shaders/Private/DistortFiltering.usf" 3101
"../../../Engine/Shaders/Private/DistortAccumulatePS.usf" 3102
"../../../Engine/Shaders/Private/DistortAccumulateVS.usf" 3103
"../../../Engine/Shaders/Private/DistanceFieldVisualization.usf" 3104
"../../../Engine/Shaders/Private/DistanceFieldStreaming.usf" 3105
"../../../Engine/Shaders/Private/DistanceFieldShadowing.usf" 3106
"../../../Engine/Shaders/Private/DistanceFieldScreenGridLighting.usf" 3107
"../../../Engine/Shaders/Private/DistanceFieldObjectCulling.usf" 3108
"../../../Engine/Shaders/Private/DistanceFieldLightingPost.usf" 3109
"../../../Engine/Shaders/Private/DitheredTransitionStencil.usf" 3110
"../../../Engine/Shaders/Private/CopyDepthTexture.usf" 3111
"../../../Engine/Shaders/Private/CopyDepthTextureCS.usf" 3112
"../../../Engine/Shaders/Private/DeferredDecal.usf" 3113
"../../../Engine/Shaders/Private/DecalCommon.ush" 3114
"../../../Engine/Shaders/Private/DebugViewModeVertexShader.usf" 3115
"../../../Engine/Shaders/Private/DebugViewModeCommon.ush" 3116
"../../../Engine/Shaders/Private/DebugViewModePixelShader.usf" 3117
"../../../Engine/Shaders/Private/DebugProbes.usf" 3118
"../../../Engine/Shaders/Private/MeshDecals.usf" 3119
"../../../Engine/Shaders/Private/PostProcessAmbientOcclusion.usf" 3120
"../../../Engine/Shaders/Private/ClusteredDeferredShadingPixelShader.usf" 3121
"../../../Engine/Shaders/Private/ClusteredDeferredShadingVertexShader.usf" 3122
"../../../Engine/Shaders/Private/CapsuleShadowShaders.usf" 3123
"../../../Engine/Shaders/Private/BasePassPixelShader.usf" 3124
"../../../Engine/Shaders/Private/ForwardLightingCommon.ush" 3125
"../../../Engine/Shaders/Private/Substrate/SubstrateForwardLighting.ush" 3126
"../../../Engine/Shaders/Private/ComputeShaderOutputCommon.ush" 3127
"../../../Engine/Shaders/Private/BasePassVertexShader.usf" 3128
"../../../Engine/Shaders/Private/BasePassVertexCommon.ush" 3129
"../../../Engine/Shaders/Private/SimpleElementVolumeTexturePreviewPixelShader.usf" 3130
"../../../Engine/Shaders/Private/SimpleElementTexture2DPreviewPixelShader.usf" 3131
"../../../Engine/Shaders/Private/meshpaintdilatepixelshader.usf" 3132
"../../../Engine/Shaders/Private/meshpaintdilatevertexshader.usf" 3133
"../../../Engine/Shaders/Private/MeshPaintPixelShader.usf" 3134
"../../../Engine/Shaders/Private/MeshPaintVertexShader.usf" 3135
"../../../Engine/Shaders/Private/SlateElementPixelShader.usf" 3136
"../../../Engine/Shaders/Private/SlateShaderCommon.ush" 3137
"../../../Engine/Shaders/Private/SlateMaskingShader.usf" 3138
"../../../Engine/Shaders/Private/SlateVertexShader.usf" 3139
"../../../Engine/Shaders/Private/CompositeUIPixelShader.usf" 3140
"../../../Engine/Shaders/Private/ColorDeficiency.ush" 3141
"../../../Engine/Shaders/Private/SlatePostProcessColorDeficiencyPixelShader.usf" 3142
"../../../Engine/Shaders/Private/SlatePostProcessPixelShader.usf" 3143
"../../../Engine/Shaders/Private/Tools/VisualizeTexture.usf" 3144
"../../../Engine/Shaders/Private/UpdateDescriptorHandle.usf" 3145
"../../../Engine/Shaders/Private/ByteBuffer.usf" 3146
"../../../Engine/Shaders/Private/ShaderBundleWorkGraphDispatch.usf" 3147
"../../../Engine/Shaders/Private/ShaderBundleDispatch.usf" 3148
"../../../Engine/Shaders/Private/ResolveVertexShader.usf" 3149
"../../../Engine/Shaders/Private/ResolvePixelShader.usf" 3150
"../../../Engine/Shaders/Private/Tools/SetupIndirectArgs.usf" 3151
"../../../Engine/Shaders/Private/ClearReplacementShaders.usf" 3152
"../../../Engine/Shaders/Private/Tools/DrawTexture.usf" 3153
"../../../Engine/Shaders/Private/RayTracing/RayTracingValidation.usf" 3154
"../../../Engine/Shaders/Private/RenderGraphUtilities.usf" 3155
"../../../Engine/Shaders/Private/OneColorShader.usf" 3156
"../../../Engine/Shaders/Private/OculusShaders.usf" 3157
"../../../Engine/Shaders/Private/MediaShaders.usf" 3158
"../../../Engine/Shaders/Private/GPUMessaging.usf" 3159
"../../../Engine/Shaders/Private/Tools/GPUDebugCrashUtils.usf" 3160
"../../../Engine/Shaders/Private/NullPixelShader.usf" 3161
"../../../Engine/Shaders/Private/ComputeGenerateMips.usf" 3162
"../../../Engine/Shaders/Private/Tools/DumpTexture.usf" 3163
"../../../Engine/Shaders/Private/CopyTextureShaders.usf" 3164
"../../../Engine/Shaders/Private/Tools/FullscreenVertexShader.usf" 3165
"../../../Engine/Shaders/Private/RayTracing/RayTracingDispatchDesc.usf" 3166
"../../../Engine/Shaders/Private/Bink.usf" 3167
"../../../Engine/Shaders/Private/VelocityShader.usf" 3168
"../../../Engine/Shaders/Private/DepthOnlyPixelShader.usf" 3169
"../../../Engine/Shaders/Private/PositionOnlyDepthVertexShader.usf" 3170
"../../../Engine/Shaders/Private/DepthOnlyVertexShader.usf" 3171
"../../../Engine/Shaders/Private/AnisotropyPassShader.usf" 3172
"/Engine/EngineResources/WhiteSquareTexture" 3173
"../../../Engine/Content/EngineResources/WhiteSquareTexture.uasset" 3174
"/Engine/EngineResources/GradientTexture0" 3175
"../../../Engine/Content/EngineResources/GradientTexture0.uasset" 3176
"/Engine/EngineResources/Black" 3177
"../../../Engine/Content/EngineResources/Black.uasset" 3178
"/Engine/EditorResources/S_Actor" 3179
"../../../Engine/Content/EditorResources/S_Actor.uasset" 3180
"/Engine/EngineFonts/RobotoDistanceField" 3181
"../../../Engine/Content/EngineFonts/RobotoDistanceField.uasset" 3182
"/Engine/EngineMaterials/DefaultTextMaterialOpaque" 3183
"../../../Engine/Content/EngineMaterials/DefaultTextMaterialOpaque.uasset" 3184
"/Engine/Functions/Engine_MaterialFunctions01/Shading/PowerToRoughness" 3185
"../../../Engine/Content/Functions/Engine_MaterialFunctions01/Shading/PowerToRoughness.uasset" 3186
"/Engine/Functions/Engine_MaterialFunctions01/Shading/ConvertFromDiffSpec" 3187
"../../../Engine/Content/Functions/Engine_MaterialFunctions01/Shading/ConvertFromDiffSpec.uasset" 3188
"/Engine/EngineMaterials/WorldGridMaterial" 3189
"../../../Engine/Content/EngineMaterials/WorldGridMaterial.uasset" 3190
"../../../Engine/Content/Functions/Engine_MaterialFunctions01/Opacity/CameraDepthFade.uasset" 3191
"../../../Engine/Content/EngineMaterials/T_Default_Material_Grid_M.uasset" 3192
"../../../Engine/Content/EngineMaterials/T_Default_Material_Grid_N.uasset" 3193
"/Engine/EngineMaterials/DefaultDeferredDecalMaterial" 3194
"../../../Engine/Content/EngineMaterials/DefaultDeferredDecalMaterial.uasset" 3195
"../../../Engine/Content/EngineMaterials/DefaultDiffuse.uasset" 3196
"/Engine/EngineMaterials/DefaultLightFunctionMaterial" 3197
"../../../Engine/Content/EngineMaterials/DefaultLightFunctionMaterial.uasset" 3198
"/Engine/EngineMaterials/DefaultPostProcessMaterial" 3199
"../../../Engine/Content/EngineMaterials/DefaultPostProcessMaterial.uasset" 3200
"../../../Engine/Content/Functions/Engine_MaterialFunctions02/Utility/BreakOutFloat2Components.uasset" 3201
"/Engine/EditorResources/S_Trigger" 3202
"../../../Engine/Content/EditorResources/S_Trigger.uasset" 3203
"/Engine/EditorResources/S_BoxReflectionCapture" 3204
"../../../Engine/Content/EditorResources/S_BoxReflectionCapture.uasset" 3205
"/Engine/EngineResources/DefaultTexture" 3206
"../../../Engine/Content/EngineResources/DefaultTexture.uasset" 3207
"/Engine/EditorResources/S_TriggerBox" 3208
"../../../Engine/Content/EditorResources/S_TriggerBox.uasset" 3209
"/Engine/EditorResources/S_TriggerCapsule" 3210
"../../../Engine/Content/EditorResources/S_TriggerCapsule.uasset" 3211
"/Engine/EditorResources/S_TriggerSphere" 3212
"../../../Engine/Content/EditorResources/S_TriggerSphere.uasset" 3213
"/Engine/EngineDamageTypes/DmgTypeBP_Environmental" 3214
"../../../Engine/Content/EngineDamageTypes/DmgTypeBP_Environmental.uasset" 3215
"/Engine/EngineMeshes/Sphere" 3216
"../../../Engine/Content/EngineMeshes/Sphere.uasset" 3217
"/Engine/EngineResources/DefaultTextureCube" 3218
"../../../Engine/Content/EngineResources/DefaultTextureCube.uasset" 3219
"/Engine/EngineResources/DefaultVolumeTexture" 3220
"../../../Engine/Content/EngineResources/DefaultVolumeTexture.uasset" 3221
"../../../Engine/Content/EngineResources/DefaultVolumeTexture2D.uasset" 3222
"/Engine/VREditor/TransformGizmo/SM_Sequencer_Node" 3223
"../../../Engine/Content/VREditor/TransformGizmo/SM_Sequencer_Node.uasset" 3224
"../../../Engine/Content/VREditor/TransformGizmo/Main.uasset" 3225
"../../../Engine/Content/VREditor/TransformGizmo/Xray.uasset" 3226
"/Engine/EditorResources/S_Solver" 3227
"../../../Engine/Content/EditorResources/S_Solver.uasset" 3228
"/Engine/EngineDebugMaterials/VolumeToRender" 3229
"../../../Engine/Content/EngineDebugMaterials/VolumeToRender.uasset" 3230
"/Engine/EngineDebugMaterials/M_VolumeRenderSphereTracePP" 3231
"../../../Engine/Content/EngineDebugMaterials/M_VolumeRenderSphereTracePP.uasset" 3232
"../../../Engine/Content/Functions/Engine_MaterialFunctions02/Utility/CameraDirectionVector.uasset" 3233
"/Engine/EditorMeshes/Camera/SM_CraneRig_Base" 3234
"../../../Engine/Content/EditorMeshes/Camera/SM_CraneRig_Base.uasset" 3235
"../../../Engine/Content/EditorMaterials/Camera/MI_CineMat_Rig.uasset" 3236
"../../../Engine/Content/EditorMaterials/Camera/CineMat.uasset" 3237
"/Engine/EditorMeshes/Camera/SM_CraneRig_Arm" 3238
"../../../Engine/Content/EditorMeshes/Camera/SM_CraneRig_Arm.uasset" 3239
"/Engine/EditorMeshes/Camera/SM_CraneRig_Mount" 3240
"../../../Engine/Content/EditorMeshes/Camera/SM_CraneRig_Mount.uasset" 3241
"/Engine/EditorMeshes/Camera/SM_CraneRig_Body" 3242
"../../../Engine/Content/EditorMeshes/Camera/SM_CraneRig_Body.uasset" 3243
"/Engine/EditorMeshes/Camera/SM_RailRig_Track" 3244
"../../../Engine/Content/EditorMeshes/Camera/SM_RailRig_Track.uasset" 3245
"/Engine/EditorMeshes/Camera/SM_RailRig_Mount" 3246
"../../../Engine/Content/EditorMeshes/Camera/SM_RailRig_Mount.uasset" 3247
"/Engine/EditorLandscapeResources/SplineEditorMesh" 3248
"../../../Engine/Content/EditorLandscapeResources/SplineEditorMesh.uasset" 3249
"../../../Engine/Content/EditorLandscapeResources/SplineEditorMeshMat.uasset" 3250
"/HairStrands/Materials/HairDebugMaterial" 3251
"../../Plugins/Runtime/HairStrands/Content/Materials/HairDebugMaterial.uasset" 3252
"../../../Engine/Content/Functions/Engine_MaterialFunctions02/Utility/MakeFloat2.uasset" 3253
"../../../Engine/Content/Functions/Engine_MaterialFunctions02/Utility/MakeFloat3.uasset" 3254
"../../../Engine/Content/EngineMaterials/HairColorMap.uasset" 3255
"../../../Engine/Content/EngineMaterials/HairDebugColor.uasset" 3256
"../../Plugins/Runtime/HairStrands/Content/Materials/HairGroupColors.uasset" 3257
"/HairStrands/Materials/HairDefaultMaterial" 3258
"../../Plugins/Runtime/HairStrands/Content/Materials/HairDefaultMaterial.uasset" 3259
"/HairStrands/Materials/HairCardsDefaultMaterial" 3260
"../../Plugins/Runtime/HairStrands/Content/Materials/HairCardsDefaultMaterial.uasset" 3261
"/HairStrands/Materials/HairMeshesDefaultMaterial" 3262
"../../Plugins/Runtime/HairStrands/Content/Materials/HairMeshesDefaultMaterial.uasset" 3263
"/Engine/BasicShapes/Cube" 3264
"../../../Engine/Content/BasicShapes/Cube.uasset" 3265
"/CameraCalibrationCore/Materials/M_DefaultOddSquare" 3266
"../../Plugins/VirtualProduction/CameraCalibrationCore/Content/Materials/M_DefaultOddSquare.uasset" 3267
"/CameraCalibrationCore/Materials/M_DefaultEvenSquare" 3268
"../../Plugins/VirtualProduction/CameraCalibrationCore/Content/Materials/M_DefaultEvenSquare.uasset" 3269
"/Engine/EngineMaterials/Widget3DPassThrough_Translucent" 3270
"../../../Engine/Content/EngineMaterials/Widget3DPassThrough_Translucent.uasset" 3271
"../../../Engine/Content/EngineMaterials/Widget3DPassThrough.uasset" 3272
"/Engine/EngineMaterials/Widget3DPassThrough_Translucent_OneSided" 3273
"../../../Engine/Content/EngineMaterials/Widget3DPassThrough_Translucent_OneSided.uasset" 3274
"/Engine/EngineMaterials/Widget3DPassThrough_Opaque" 3275
"../../../Engine/Content/EngineMaterials/Widget3DPassThrough_Opaque.uasset" 3276
"/Engine/EngineMaterials/Widget3DPassThrough_Opaque_OneSided" 3277
"../../../Engine/Content/EngineMaterials/Widget3DPassThrough_Opaque_OneSided.uasset" 3278
"/Engine/EngineMaterials/Widget3DPassThrough_Masked" 3279
"../../../Engine/Content/EngineMaterials/Widget3DPassThrough_Masked.uasset" 3280
"/Engine/EngineMaterials/Widget3DPassThrough_Masked_OneSided" 3281
"../../../Engine/Content/EngineMaterials/Widget3DPassThrough_Masked_OneSided.uasset" 3282
"/Engine/VREditor/ViewportInteractionAssetContainerData" 3283
"../../../Engine/Content/VREditor/ViewportInteractionAssetContainerData.uasset" 3284
"../../../Engine/Content/VREditor/SnapGrid/SnapGridMaterial.uasset" 3285
"../../../Engine/Content/VREditor/TransformGizmo/TransformGizmoMaterial_Inst.uasset" 3286
"../../../Engine/Content/VREditor/TransformGizmo/TranslucentTransformGizmoMaterial_Inst.uasset" 3287
"../../../Engine/Content/VREditor/SnapGrid/SnapGridPlaneMesh.uasset" 3288
"../../../Engine/Content/VREditor/Sounds/UI/Drop_Item_From_ContentBrowser.uasset" 3289
"../../../Engine/Content/VREditor/Sounds/UI/Gizmo_Handle_Clicked.uasset" 3290
"../../../Engine/Content/VREditor/Sounds/UI/Object_PickUp.uasset" 3291
"../../../Engine/Content/VREditor/Sounds/UI/Object_Snaps_To_Another_Actor.uasset" 3292
"../../../Engine/Content/VREditor/Sounds/UI/Object_Snaps_To_Grid.uasset" 3293
"../../../Engine/Content/VREditor/Sounds/UI/Scaling_Down.uasset" 3294
"../../../Engine/Content/VREditor/Sounds/UI/Scaling_Up.uasset" 3295
"../../../Engine/Content/VREditor/Sounds/UI/Selection_Changes.uasset" 3296
"../../../Engine/Content/VREditor/TransformGizmo/PlaneTranslationHandle.uasset" 3297
"../../../Engine/Content/VREditor/TransformGizmo/RotationHandleFull.uasset" 3298
"../../../Engine/Content/VREditor/TransformGizmo/RotationHandleIndicator.uasset" 3299
"../../../Engine/Content/VREditor/TransformGizmo/RotationHandleQuarter.uasset" 3300
"../../../Engine/Content/VREditor/TransformGizmo/StartRotationHandleIndicator.uasset" 3301
"../../../Engine/Content/VREditor/TransformGizmo/TransformGizmoFreeRotation.uasset" 3302
"../../../Engine/Content/VREditor/TransformGizmo/TranslateArrowHandle.uasset" 3303
"../../../Engine/Content/VREditor/TransformGizmo/UniformScaleHandle.uasset" 3304
"../../../Engine/Content/Functions/Engine_MaterialFunctions02/Math/Transform3x3Matrix.uasset" 3305
"../../../Engine/Content/Functions/Engine_MaterialFunctions02/SplitComponents.uasset" 3306
"../../../Engine/Content/VREditor/TransformGizmo/TransformGizmoMaterial.uasset" 3307
"../../../Engine/Content/VREditor/TransformGizmo/TranslucentTransformGizmoMaterial.uasset" 3308
"../../../Engine/Content/Functions/Engine_MaterialFunctions02/Utility/BreakOutFloat3Components.uasset" 3309
"../../../Engine/Content/VREditor/LaserPointer/VR_LaserPower_01.uasset" 3310
"/Engine/VREditor/TransformGizmo/BoundingBoxCorner" 3311
"../../../Engine/Content/VREditor/TransformGizmo/BoundingBoxCorner.uasset" 3312
"/Engine/VREditor/TransformGizmo/BoundingBoxEdge" 3313
"../../../Engine/Content/VREditor/TransformGizmo/BoundingBoxEdge.uasset" 3314
"/Engine/ArtTools/RenderToTexture/Meshes/S_1_Unit_Plane" 3315
"../../../Engine/Content/ArtTools/RenderToTexture/Meshes/S_1_Unit_Plane.uasset" 3316
"/Engine/EngineDebugMaterials/M_SimpleUnlitTranslucent" 3317
"../../../Engine/Content/EngineDebugMaterials/M_SimpleUnlitTranslucent.uasset" 3318
"/Engine/EngineFonts/Roboto" 3319
"../../../Engine/Content/EngineFonts/Roboto.uasset" 3320
"../../../Engine/Content/EngineFonts/Faces/DroidSansFallback.uasset" 3321
"../../../Engine/Content/EngineFonts/Faces/RobotoBold.uasset" 3322
"../../../Engine/Content/EngineFonts/Faces/RobotoBoldItalic.uasset" 3323
"../../../Engine/Content/EngineFonts/Faces/RobotoItalic.uasset" 3324
"../../../Engine/Content/EngineFonts/Faces/RobotoLight.uasset" 3325
"../../../Engine/Content/EngineFonts/Faces/RobotoRegular.uasset" 3326
"/Engine/EditorMaterials/ParticleSystems/PSysThumbnail_NoImage" 3327
"../../../Engine/Content/EditorMaterials/ParticleSystems/PSysThumbnail_NoImage.uasset" 3328
"/Engine/EditorMaterials/ParticleSystems/PSysThumbnail_OOD" 3329
"../../../Engine/Content/EditorMaterials/ParticleSystems/PSysThumbnail_OOD.uasset" 3330
"/Engine/EngineResources/LandscapeVisibilityLayerInfo" 3331
"../../../Engine/Content/EngineResources/LandscapeVisibilityLayerInfo.uasset" 3332
"/ACLPlugin/ACLAnimBoneCompressionSettings" 3333
"../../Plugins/Animation/ACLPlugin/Content/ACLAnimBoneCompressionSettings.uasset" 3334
"/Engine/Animation/DefaultRecorderBoneCompression" 3335
"../../../Engine/Content/Animation/DefaultRecorderBoneCompression.uasset" 3336
"/ACLPlugin/ACLAnimCurveCompressionSettings" 3337
"../../Plugins/Animation/ACLPlugin/Content/ACLAnimCurveCompressionSettings.uasset" 3338
"/Engine/Animation/DefaultVariableFrameStrippingSettings" 3339
"../../../Engine/Content/Animation/DefaultVariableFrameStrippingSettings.uasset" 3340
"/ControlRig/Controls/ControlRigXRayMaterial" 3341
"../../Plugins/Animation/ControlRig/Content/Controls/ControlRigXRayMaterial.uasset" 3342
"/ControlRig/Controls/DefaultGizmoLibraryNormalized" 3343
"../../Plugins/Animation/ControlRig/Content/Controls/DefaultGizmoLibraryNormalized.uasset" 3344
"/AudioWidgets/Resources/ScrubHandleDown_Clamped" 3345
"../../Plugins/Runtime/AudioWidgets/Content/Resources/ScrubHandleDown_Clamped.uasset" 3346
"/ControlRig/M_Manip" 3347
"../../Plugins/Animation/ControlRig/Content/M_Manip.uasset" 3348
"../../../Engine/Content/Functions/Engine_MaterialFunctions02/WorldPositionOffset/CameraOffset.uasset" 3349
"/Paper2D/MaskedUnlitSpriteMaterial" 3350
"../../Plugins/2D/Paper2D/Content/MaskedUnlitSpriteMaterial.uasset" 3351
"../../Plugins/2D/Paper2D/Content/DefaultSpriteMaterial.uasset" 3352
"../../Plugins/2D/Paper2D/Content/PlaceholderTextures/DummySpriteTexture.uasset" 3353
"/Paper2D/OpaqueUnlitSpriteMaterial" 3354
"../../Plugins/2D/Paper2D/Content/OpaqueUnlitSpriteMaterial.uasset" 3355
"/Paper2D/DefaultPaperTerrainMaterial" 3356
"../../Plugins/2D/Paper2D/Content/DefaultPaperTerrainMaterial.uasset" 3357
"../../Plugins/2D/Paper2D/Content/DummySprite.uasset" 3358
"../../../Engine/Intermediate/ProjectFiles/PrimaryProjectPath.txt" 3359
"/SpeedTreeImporter/SpeedTree9/SpeedTreeMaster" 3360
"../../Plugins/Editor/SpeedTreeImporter/Content/SpeedTree9/SpeedTreeMaster.uasset" 3361
"../../../Engine/Content/Functions/Engine_MaterialFunctions02/ObjectLocalBounds.uasset" 3362
"../../../Engine/Content/Functions/Engine_MaterialFunctions02/SafeNormalize.uasset" 3363
"../../../Engine/Content/Functions/Engine_MaterialFunctions02/Utility/VectorLength.uasset" 3364
"../../../Engine/Content/Functions/Engine_MaterialFunctions02/UVs/BoundingBoxBased_0-1_UVW.uasset" 3365
"../../../Engine/Content/Functions/Engine_MaterialFunctions02/WorldPositionOffset/ObjectScale.uasset" 3366
"../../Plugins/Editor/SpeedTreeImporter/Content/SpeedTree9/SpeedTreeBranchMotion.uasset" 3367
"../../Plugins/Editor/SpeedTreeImporter/Content/SpeedTree9/SpeedTreeCameraFacing.uasset" 3368
"../../Plugins/Editor/SpeedTreeImporter/Content/SpeedTree9/SpeedTreeWind.uasset" 3369
"../../Plugins/Editor/SpeedTreeImporter/Content/SpeedTree9/SpeedTreeWindMotion.uasset" 3370
"../../Plugins/Editor/SpeedTreeImporter/Content/SpeedTree9/UnpackDirection.uasset" 3371
"../../Plugins/Editor/SpeedTreeImporter/Content/SpeedTree9/UnpackInteger3.uasset" 3372
"../../Plugins/Editor/SpeedTreeImporter/Content/SpeedTree9/Empty.uasset" 3373
"../../Plugins/Editor/SpeedTreeImporter/Content/SpeedTree9/EmptyNormal.uasset" 3374
"../../Plugins/Editor/SpeedTreeImporter/Content/SpeedTree9/game_wind_noise.uasset" 3375
"/SpeedTreeImporter/SpeedTree9/SpeedTreeBillboardMaster" 3376
"../../Plugins/Editor/SpeedTreeImporter/Content/SpeedTree9/SpeedTreeBillboardMaster.uasset" 3377
"../../Plugins/Editor/SpeedTreeImporter/Content/SpeedTree9/SpeedTreeBillboard.uasset" 3378
"/MediaPlate/SM_MediaPlateScreen" 3379
"../../Plugins/Media/MediaPlate/Content/SM_MediaPlateScreen.uasset" 3380
"/Engine/BasicShapes/BasicShapeMaterial" 3381
"../../../Engine/Content/BasicShapes/BasicShapeMaterial.uasset" 3382
"/Engine/EditorMaterials/Dataflow/DataflowVertexMaterial" 3383
"../../../Engine/Content/EditorMaterials/Dataflow/DataflowVertexMaterial.uasset" 3384
"/Engine/EditorMaterials/Dataflow/DataflowTwoSidedVertexMaterial" 3385
"../../../Engine/Content/EditorMaterials/Dataflow/DataflowTwoSidedVertexMaterial.uasset" 3386
"/Engine/EditorLandscapeResources/LayerVisMaterial" 3387
"../../../Engine/Content/EditorLandscapeResources/LayerVisMaterial.uasset" 3388
"../../../Engine/Content/EditorLandscapeResources/WhiteSquareTexture.uasset" 3389
"/Engine/EditorLandscapeResources/SelectBrushMaterial_Selected" 3390
"../../../Engine/Content/EditorLandscapeResources/SelectBrushMaterial_Selected.uasset" 3391
"../../../Engine/Content/EditorLandscapeResources/SelectBrushMaterial.uasset" 3392
"../../../Engine/Content/Functions/Engine_MaterialFunctions03/Math/WithinRangeFloat2.uasset" 3393
"../../../Engine/Content/EditorLandscapeResources/DefaultAlphaTexture.uasset" 3394
"/Engine/EditorLandscapeResources/SelectBrushMaterial_SelectedRegion" 3395
"../../../Engine/Content/EditorLandscapeResources/SelectBrushMaterial_SelectedRegion.uasset" 3396
"/Engine/EditorLandscapeResources/MaskBrushMaterial_MaskedRegion" 3397
"../../../Engine/Content/EditorLandscapeResources/MaskBrushMaterial_MaskedRegion.uasset" 3398
"../../../Engine/Content/EditorLandscapeResources/MaskBrushMaterial.uasset" 3399
"/Engine/EditorLandscapeResources/ColorMaskBrushMaterial_MaskedRegion" 3400
"../../../Engine/Content/EditorLandscapeResources/ColorMaskBrushMaterial_MaskedRegion.uasset" 3401
"../../../Engine/Content/EditorLandscapeResources/ColorMaskBrushMaterial.uasset" 3402
"/Engine/EditorLandscapeResources/LandscapeDirtyMaterial" 3403
"../../../Engine/Content/EditorLandscapeResources/LandscapeDirtyMaterial.uasset" 3404
"/Engine/EditorLandscapeResources/LandscapeLayerUsageMaterial" 3405
"../../../Engine/Content/EditorLandscapeResources/LandscapeLayerUsageMaterial.uasset" 3406
"../../../Engine/Content/Functions/Engine_MaterialFunctions01/Debug/DebugIntValues.uasset" 3407
"../../../Engine/Content/Functions/Engine_MaterialFunctions01/Texturing/ScaleUVsByCenter.uasset" 3408
"../../../Engine/Content/Functions/Engine_MaterialFunctions02/WorldPositionOffset/LocalPosition.uasset" 3409
"../../../Engine/Content/Functions/Engine_MaterialFunctions01/Texturing/TextureCropping.uasset" 3410
"../../../Engine/Content/Functions/Engine_MaterialFunctions02/ExampleContent/DebugNumberStrip.uasset" 3411
"C:/Users/lenovo/AppData/Local/UnrealEngine/Editor/UInteractiveToolsPresetCollectionAsset_DefaultCollection.json" 3412
"/Engine/EngineMaterials/NaniteHiddenSectionMaterial" 3413
"../../../Engine/Content/EngineMaterials/NaniteHiddenSectionMaterial.uasset" 3414
"/Engine/EngineMaterials/RemoveSurfaceMaterial" 3415
"../../../Engine/Content/EngineMaterials/RemoveSurfaceMaterial.uasset" 3416
"/Engine/EngineDebugMaterials/DebugMeshMaterial" 3417
"../../../Engine/Content/EngineDebugMaterials/DebugMeshMaterial.uasset" 3418
"/Engine/EngineMaterials/EmissiveMeshMaterial" 3419
"../../../Engine/Content/EngineMaterials/EmissiveMeshMaterial.uasset" 3420
"../../../Engine/Content/EngineMaterials/DefaultWhiteGrid_Low.uasset" 3421
"/Engine/EngineMaterials/M_InvalidLightmapSettings" 3422
"../../../Engine/Content/EngineMaterials/M_InvalidLightmapSettings.uasset" 3423
"../../../Engine/Content/EngineMaterials/InvalidLightmapSettings.uasset" 3424
"/Engine/EngineMaterials/GizmoMaterial" 3425
"../../../Engine/Content/EngineMaterials/GizmoMaterial.uasset" 3426
"/Engine/EngineMaterials/PhAT_JointLimitMaterial" 3427
"../../../Engine/Content/EngineMaterials/PhAT_JointLimitMaterial.uasset" 3428
"/Engine/EngineMaterials/FlattenMaterial" 3429
"../../../Engine/Content/EngineMaterials/FlattenMaterial.uasset" 3430
"../../../Engine/Content/EngineMaterials/BaseFlattenDiffuseMap.uasset" 3431
"../../../Engine/Content/EngineMaterials/BaseFlattenEmissiveMap.uasset" 3432
"../../../Engine/Content/EngineMaterials/BaseFlattenGrayscaleMap.uasset" 3433
"../../../Engine/Content/EngineMaterials/BaseFlattenLinearColor.uasset" 3434
"../../../Engine/Content/EngineMaterials/BaseFlattenNormalMap.uasset" 3435
"../../../Engine/Content/Functions/Engine_MaterialFunctions02/PivotPainter2/Black_1x1_EXR_Texture.uasset" 3436
"/Engine/EngineMaterials/FlattenMaterial_VT" 3437
"../../../Engine/Content/EngineMaterials/FlattenMaterial_VT.uasset" 3438
"../../../Engine/Content/EngineMaterials/BaseFlattenDiffuseMap_VT.uasset" 3439
"../../../Engine/Content/EngineMaterials/BaseFlattenEmissiveMap_VT.uasset" 3440
"../../../Engine/Content/EngineMaterials/BaseFlattenGrayscaleMap_VT.uasset" 3441
"../../../Engine/Content/EngineMaterials/BaseFlattenLinearColor_VT.uasset" 3442
"../../../Engine/Content/EngineMaterials/BaseFlattenNormalMap_VT.uasset" 3443
"../../../Engine/Content/EngineMaterials/Black_1x1_EXR_Texture_VT.uasset" 3444
"/Engine/EngineMaterials/FlattenMaterial_WS_Normal_VT" 3445
"../../../Engine/Content/EngineMaterials/FlattenMaterial_WS_Normal_VT.uasset" 3446
"/Engine/EngineMaterials/Good64x64TilingNoiseHighFreq" 3447
"../../../Engine/Content/EngineMaterials/Good64x64TilingNoiseHighFreq.uasset" 3448
"/Engine/EngineMaterials/DefaultBokeh" 3449
"../../../Engine/Content/EngineMaterials/DefaultBokeh.uasset" 3450
"/Engine/EngineMaterials/MiniFont" 3451
"../../../Engine/Content/EngineMaterials/MiniFont.uasset" 3452
"/Engine/EngineMaterials/WeightMapPlaceholderTexture" 3453
"../../../Engine/Content/EngineMaterials/WeightMapPlaceholderTexture.uasset" 3454
"/Engine/EngineMaterials/WeightMapArrayPlaceholderTexture" 3455
"../../../Engine/Content/EngineMaterials/WeightMapArrayPlaceholderTexture.uasset" 3456
"/Engine/EngineMaterials/DefaultWhiteGrid" 3457
"../../../Engine/Content/EngineMaterials/DefaultWhiteGrid.uasset" 3458
"/Engine/EngineMaterials/PreintegratedSkinBRDF" 3459
"../../../Engine/Content/EngineMaterials/PreintegratedSkinBRDF.uasset" 3460
"/Engine/EngineMaterials/LTC/GGX_LTCAmp" 3461
"../../../Engine/Content/EngineMaterials/LTC/GGX_LTCAmp.uasset" 3462
"/Engine/EngineMaterials/LTC/GGX_LTCMat" 3463
"../../../Engine/Content/EngineMaterials/LTC/GGX_LTCMat.uasset" 3464
"/Engine/EngineMaterials/EnergyConservation/GGX_ReflectionEnergy" 3465
"../../../Engine/Content/EngineMaterials/EnergyConservation/GGX_ReflectionEnergy.uasset" 3466
"/Engine/EngineMaterials/EnergyConservation/GGX_TransmissionEnergyArray" 3467
"../../../Engine/Content/EngineMaterials/EnergyConservation/GGX_TransmissionEnergyArray.uasset" 3468
"/Engine/EngineMaterials/EnergyConservation/SheenLegacy_Energy" 3469
"../../../Engine/Content/EngineMaterials/EnergyConservation/SheenLegacy_Energy.uasset" 3470
"/Engine/EngineMaterials/DefaultPhysicalMaterial" 3471
"../../../Engine/Content/EngineMaterials/DefaultPhysicalMaterial.uasset" 3472
"/Engine/EngineMaterials/DefaultDestructiblePhysicalMaterial" 3473
"../../../Engine/Content/EngineMaterials/DefaultDestructiblePhysicalMaterial.uasset" 3474
"C:/Users/lenovo/AppData/Local/UnrealEngine/Editor/ProjectEditorRecords.json" 3475
"/Niagara/ParameterDefinitions/SpriteRenderer" 3476
"../../Plugins/FX/Niagara/Content/ParameterDefinitions/SpriteRenderer.uasset" 3477
"/Niagara/ParameterDefinitions/RibbonRenderer" 3478
"../../Plugins/FX/Niagara/Content/ParameterDefinitions/RibbonRenderer.uasset" 3479
"/Niagara/ParameterDefinitions/MeshRenderer" 3480
"../../Plugins/FX/Niagara/Content/ParameterDefinitions/MeshRenderer.uasset" 3481
"/Niagara/ParameterDefinitions/LightRenderer" 3482
"../../Plugins/FX/Niagara/Content/ParameterDefinitions/LightRenderer.uasset" 3483
"/Niagara/ParameterDefinitions/DecalRenderer" 3484
"../../Plugins/FX/Niagara/Content/ParameterDefinitions/DecalRenderer.uasset" 3485
"/Niagara/ParameterDefinitions/CoreParameters" 3486
"../../Plugins/FX/Niagara/Content/ParameterDefinitions/CoreParameters.uasset" 3487
"/DeformerGraph/Deformers/DG_LinearBlendSkin_Morph_Cloth" 3488
"../../Plugins/Animation/DeformerGraph/Content/Deformers/DG_LinearBlendSkin_Morph_Cloth.uasset" 3489
"../../Plugins/Animation/DeformerGraph/Content/DeformerFunctions/DG_Function_LinearBlendSkin_Morph_Cloth.uasset" 3490
"/DeformerGraph/Deformers/DG_LinearBlendSkin_Morph_Cloth_RecomputeNormals" 3491
"../../Plugins/Animation/DeformerGraph/Content/Deformers/DG_LinearBlendSkin_Morph_Cloth_RecomputeNormals.uasset" 3492
"../../Plugins/Animation/DeformerGraph/Content/DeformerFunctions/DG_Function_ComputeNormalsTangents.uasset" 3493
"../../Plugins/Animation/DeformerGraph/Content/DeformerFunctions/DG_Function_LinearBlendSkin_Morph_Cloth_PositionOnly.uasset" 3494
"/Engine/EngineFonts/DroidSansMono" 3495
"../../../Engine/Content/EngineFonts/DroidSansMono.uasset" 3496
"../../../Engine/Content/EngineFonts/Faces/DroidSansMono.uasset" 3497
"/Engine/BasicShapes/Sphere" 3498
"../../../Engine/Content/BasicShapes/Sphere.uasset" 3499
"../../../Engine/Content/EngineMaterials/DefaultMaterial.uasset" 3500
"/Engine/BasicShapes/Cylinder" 3501
"../../../Engine/Content/BasicShapes/Cylinder.uasset" 3502
"/Engine/BasicShapes/Cone" 3503
"../../../Engine/Content/BasicShapes/Cone.uasset" 3504
"/Engine/BasicShapes/Plane" 3505
"../../../Engine/Content/BasicShapes/Plane.uasset" 3506
"../../../Engine/Documentation/Source/Shared/Types/ABrush/ABrush.INT.udn" 3507
"../../../Engine/Content/Internationalization/icudt64l/brkitr/zh.res" 3508
"../../../Engine/Content/Internationalization/icudt64l/brkitr/root.res" 3509
"../../../Engine/Content/Internationalization/icudt64l/brkitr/char.brk" 3510
"../../../Engine/Content/Internationalization/icudt64l/brkitr/word.brk" 3511
"/Engine/EditorResources/SequenceRecorder/Countdown" 3512
"../../../Engine/Content/EditorResources/SequenceRecorder/Countdown.uasset" 3513
"/Engine/EditorResources/SequenceRecorder/RecordingIndicator" 3514
"../../../Engine/Content/EditorResources/SequenceRecorder/RecordingIndicator.uasset" 3515
"/Engine/EditorMaterials/PhAT_UnselectedMaterial" 3516
"../../../Engine/Content/EditorMaterials/PhAT_UnselectedMaterial.uasset" 3517
"/Engine/EditorMaterials/PhAT_NoCollisionMaterial" 3518
"../../../Engine/Content/EditorMaterials/PhAT_NoCollisionMaterial.uasset" 3519
"/Engine/EditorResources/S_Terrain" 3520
"../../../Engine/Content/EditorResources/S_Terrain.uasset" 3521
"../../../Engine/Plugins/FX/Niagara/Shaders/Private/NiagaraDataInterfaceTexture2DArrayTemplate.ush" 3522
"../../../Engine/Plugins/FX/Niagara/Shaders/Private/NiagaraDataInterfaceActorComponentTemplate.ush" 3523
"../../../Engine/Plugins/FX/Niagara/Shaders/Private/NiagaraDataInterfaceArrayTemplate.ush" 3524
"../../../Engine/Plugins/FX/Niagara/Shaders/Private/NiagaraDataInterfaceArrayRWTemplate.ush" 3525
"../../../Engine/Plugins/FX/Niagara/Shaders/Private/NiagaraDataInterfaceAsyncGpuTrace.ush" 3526
"../../../Engine/Plugins/FX/Niagara/Shaders/Private/NiagaraDataInterfaceAsyncGpuTraceTemplate.ush" 3527
"../../../Engine/Plugins/FX/Niagara/Shaders/Private/NiagaraDataInterfaceCamera.ush" 3528
"../../../Engine/Plugins/Experimental/ChaosNiagara/Shaders/NiagaraDataInterfaceChaosDestruction.ush" 3529
"../../../Engine/Plugins/FX/Niagara/Shaders/Private/NiagaraDataInterfaceCollisionQuery.ush" 3530
"D:/unreal_project/Baiguizhen/Intermediate/ShaderAutogen/PCD3D_SM5/AutogenShaderHeaders.ush" 3531
"../../../Engine/Plugins/FX/Niagara/Shaders/Private/NiagaraDataInterfaceCollisionQueryTemplate.ush" 3532
"../../../Engine/Plugins/FX/Niagara/Shaders/Private/NiagaraDataInterfaceCurveTemplate.ush" 3533
"../../../Engine/Plugins/FX/Niagara/Shaders/Private/NiagaraDataInterfaceCubeTextureTemplate.ush" 3534
"../../../Engine/Plugins/FX/Niagara/Shaders/Private/DataChannel/NiagaraDataInterfaceDataChannelCommon.ush" 3535
"../../../Engine/Plugins/FX/Niagara/Shaders/Private/DataChannel/NiagaraDataInterfaceDataChannelTemplateCommon.ush" 3536
"../../../Engine/Plugins/FX/Niagara/Shaders/Private/DataChannel/NiagaraDataInterfaceDataChannelTemplateReadCommon.ush" 3537
"../../../Engine/Plugins/FX/Niagara/Shaders/Private/DataChannel/NiagaraDataInterfaceDataChannelTemplate_Read.ush" 3538
"../../../Engine/Plugins/FX/Niagara/Shaders/Private/DataChannel/NiagaraDataInterfaceDataChannelTemplate_Consume.ush" 3539
"../../../Engine/Plugins/FX/Niagara/Shaders/Private/DataChannel/NiagaraDataInterfaceDataChannelTemplateWriteCommon.ush" 3540
"../../../Engine/Plugins/FX/Niagara/Shaders/Private/DataChannel/NiagaraDataInterfaceDataChannelTemplate_Append.ush" 3541
"../../../Engine/Plugins/FX/Niagara/Shaders/Private/NiagaraDataInterfaceDataTableTemplate.ush" 3542
"../../../Engine/Plugins/FX/Niagara/Shaders/Private/NiagaraDataInterfaceDebugDraw.ush" 3543
"../../../Engine/Plugins/FX/Niagara/Shaders/Private/NiagaraDataInterfaceDebugDrawTemplate.ush" 3544
"../../../Engine/Plugins/FX/Niagara/Shaders/Private/NiagaraDataInterfaceDynamicMeshTemplate.ush" 3545
"../../../Engine/Plugins/FX/Niagara/Shaders/Private/NiagaraDataInterfaceEmitterPropertiesTemplate.ush" 3546
"../../../Engine/Plugins/FX/Niagara/Shaders/Private/NiagaraDataInterfaceExportTemplate.ush" 3547
"../../../Engine/Plugins/FX/Niagara/Shaders/Private/NiagaraDataInterfaceGBufferTemplate.ush" 3548
"../../../Engine/Plugins/Experimental/ChaosNiagara/Shaders/NiagaraDataInterfaceGeometryCollection.ush" 3549
"../../../Engine/Plugins/FX/Niagara/Shaders/Private/NiagaraTransformUtils.ush" 3550
"../../../Engine/Plugins/Runtime/HairStrands/Shaders/Private/NiagaraStrandsExternalForce.ush" 3551
"../../../Engine/Plugins/Runtime/HairStrands/Shaders/Private/NiagaraHookeSpringMaterial.ush" 3552
"../../../Engine/Plugins/Runtime/HairStrands/Shaders/Private/NiagaraAngularSpringMaterial.ush" 3553
"../../../Engine/Plugins/Runtime/HairStrands/Shaders/Private/NiagaraConstantVolumeMaterial.ush" 3554
"../../../Engine/Plugins/Runtime/HairStrands/Shaders/Private/NiagaraCosseratRodMaterial.ush" 3555
"../../../Engine/Plugins/Runtime/HairStrands/Shaders/Private/NiagaraStaticCollisionConstraint.ush" 3556
"../../../Engine/Plugins/Runtime/HairStrands/Shaders/Private/NiagaraDataInterfaceHairStrands.ush" 3557
"../../../Engine/Plugins/Runtime/HairStrands/Shaders/Private/NiagaraDataInterfaceHairStrandsTemplate.ush" 3558
"../../../Engine/Plugins/FX/Niagara/Shaders/Private/NiagaraDataInterfaceIntRenderTarget2D.ush" 3559
"../../../Engine/Plugins/FX/Niagara/Shaders/Private/NiagaraDataInterfaceLandscape.ush" 3560
"../../../Engine/Plugins/FX/Niagara/Shaders/Private/NiagaraDataInterfaceMemoryBufferTemplate.ush" 3561
"../../../Engine/Plugins/FX/Niagara/Shaders/Private/NiagaraDataInterfaceMeshRendererInfoTemplate.ush" 3562
"../../../Engine/Plugins/FX/Niagara/Shaders/Private/NiagaraDataInterfaceOcclusion.ush" 3563
"../../../Engine/Plugins/FX/Niagara/Shaders/Private/NiagaraDataInterfacePhysicsAsset.ush" 3564
"../../../Engine/Plugins/Experimental/ChaosNiagara/Shaders/NiagaraDataInterfacePhysicsField.ush" 3565
"../../../Engine/Plugins/FX/Niagara/Shaders/Private/NiagaraDataInterfacePlatformSetTemplate.ush" 3566
"../../../Engine/Plugins/Runtime/HairStrands/Shaders/Private/NiagaraDataInterfaceVelocityGrid.ush" 3567
"../../../Engine/Plugins/Runtime/HairStrands/Shaders/Private/NiagaraDataInterfaceVelocityGridTemplate.ush" 3568
"../../../Engine/Plugins/Runtime/HairStrands/Shaders/Private/NiagaraDataInterfacePressureGrid.ush" 3569
"../../../Engine/Plugins/Runtime/HairStrands/Shaders/Private/NiagaraDataInterfacePressureGridTemplate.ush" 3570
"../../../Engine/Plugins/FX/Niagara/Shaders/Private/NiagaraDataInterfaceRenderTarget2DTemplate.ush" 3571
"../../../Engine/Plugins/FX/Niagara/Shaders/Private/NiagaraDataInterfaceRenderTarget2DArrayTemplate.ush" 3572
"../../../Engine/Plugins/FX/Niagara/Shaders/Private/NiagaraDataInterfaceRenderTargetCubeTemplate.ush" 3573
"../../../Engine/Plugins/FX/Niagara/Shaders/Private/NiagaraDataInterfaceRenderTargetVolumeTemplate.ush" 3574
"../../../Engine/Plugins/FX/Niagara/Shaders/Private/NiagaraDataInterfaceRigidMeshCollisionQuery.ush" 3575
"../../../Engine/Plugins/FX/Niagara/Shaders/Private/NiagaraDistanceFieldQueries.ush" 3576
"../../../Engine/Plugins/FX/Niagara/Shaders/Private/NiagaraDataInterfaceSceneCapture2DTemplate.ush" 3577
"../../../Engine/Plugins/FX/Niagara/Shaders/Private/NiagaraDataInterfaceSimCacheReaderTemplate.ush" 3578
"../../../Engine/Plugins/FX/Niagara/Shaders/Private/NiagaraDataInterfaceSimpleCounterTemplate.ush" 3579
"../../../Engine/Plugins/FX/Niagara/Shaders/Private/NiagaraDataInterfaceSkeletalMesh.ush" 3580
"../../../Engine/Plugins/FX/Niagara/Shaders/Private/NiagaraBaryCentricUtils.ush" 3581
"../../../Engine/Plugins/FX/Niagara/Shaders/Private/NiagaraDataInterfaceSkeletalMeshTemplate.ush" 3582
"../../../Engine/Plugins/FX/Niagara/Shaders/Private/NiagaraDataInterfaceSocketReaderTemplate.ush" 3583
"../../../Engine/Plugins/FX/Niagara/Shaders/Private/NiagaraDataInterfaceSparseVolumeTextureTemplate.ush" 3584
"../../../Engine/Plugins/FX/Niagara/Shaders/Private/NiagaraDataInterfaceSplineTemplate.ush" 3585
"../../../Engine/Plugins/FX/Niagara/Shaders/Private/NiagaraDataInterfaceSpriteRendererInfoTemplate.ush" 3586
"../../../Engine/Plugins/FX/Niagara/Shaders/Private/NiagaraDataInterfaceStaticMeshTemplate.ush" 3587
"../../../Engine/Plugins/FX/Niagara/Shaders/Private/NiagaraDataInterfaceTextureTemplate.ush" 3588
"../../../Engine/Plugins/FX/Niagara/Shaders/Private/NiagaraDataInterfaceVirtualTexture.ush" 3589
"../../../Engine/Plugins/FX/Niagara/Shaders/Private/NiagaraDataInterfaceVirtualTextureTemplate.ush" 3590
"../../../Engine/Plugins/FX/Niagara/Shaders/Private/NiagaraDataInterfaceVolumeCache.ush" 3591
"../../../Engine/Plugins/FX/Niagara/Shaders/Private/NiagaraDataInterfaceVolumeTextureTemplate.ush" 3592
"/Game/UltraDynamicSky/Particles/UDS_VolumetricClouds_Niagara_Properties" 3593
"D:/unreal_project/Baiguizhen/Content/UltraDynamicSky/Particles/UDS_VolumetricClouds_Niagara_Properties.uasset" 3594
"D:/unreal_project/Baiguizhen/Content/UltraDynamicSky/Materials/Material_Functions/UDS_VolumetricClouds_MPC.uasset" 3595
"/Game/UltraDynamicSky/Particles/UDW_Niagara_Parameters" 3596
"D:/unreal_project/Baiguizhen/Content/UltraDynamicSky/Particles/UDW_Niagara_Parameters.uasset" 3597
"D:/unreal_project/Baiguizhen/Content/UltraDynamicSky/Materials/Weather/UltraDynamicWeather_Parameters.uasset" 3598
"D:/unreal_project/Baiguizhen/Binaries/Win64/UnrealEditor-Baiguizhen-Win64-DebugGame.dll" 3599
"D:/unreal_project/Baiguizhen/Plugins/ActionAttributeSystem/Binaries/Win64/UnrealEditor-ActionAttributeSystemEditor-Win64-DebugGame.dll" 3600
"D:/unreal_project/Baiguizhen/Plugins/ActionAttributeSystem/Binaries/Win64/UnrealEditor-ActionAttributeSystemRuntime-Win64-DebugGame.dll" 3601
"D:/unreal_project/Baiguizhen/Plugins/ActionCameraSystem/Binaries/Win64/UnrealEditor-ActionCameraSystemAsset-Win64-DebugGame.dll" 3602
"D:/unreal_project/Baiguizhen/Plugins/ActionCameraSystem/Binaries/Win64/UnrealEditor-ActionCameraSystemEditor-Win64-DebugGame.dll" 3603
"D:/unreal_project/Baiguizhen/Plugins/ActionSkillAsset/Binaries/Win64/UnrealEditor-ActionSkillAssetEditor-Win64-DebugGame.dll" 3604
"D:/unreal_project/Baiguizhen/Plugins/ActionSkillAsset/Binaries/Win64/UnrealEditor-ActionSkillAssetRuntime-Win64-DebugGame.dll" 3605
"D:/unreal_project/Baiguizhen/Content/UltraDynamicSky/Blueprints/Weather_Effects/System/RadialStorm_CoverageBrush.uasset" 3606
"D:/unreal_project/Baiguizhen/Content/UltraDynamicSky/Blueprints/System/Editor_UI/UDS_Editor_Tick_Interface.uasset" 3607
"D:/unreal_project/Baiguizhen/Content/UltraDynamicSky/Blueprints/System/UDS_Planet_Preset.uasset" 3608
"D:/unreal_project/Baiguizhen/Content/UltraDynamicSky/Blueprints/System/UDS_Startup_Interface.uasset" 3609
"D:/unreal_project/Baiguizhen/Content/UltraDynamicSky/Textures/Icons/Key_Handle.uasset" 3610
"D:/unreal_project/Baiguizhen/Content/UltraDynamicSky/Textures/Icons/Zero_CloudPaint_Icon.uasset" 3611
"D:/unreal_project/Baiguizhen/Content/UltraDynamicSky/Blueprints/System/Editor_UI/Cloud_Profile_Tool/CloudProfile_Draw_Mat.uasset" 3612
"D:/unreal_project/Baiguizhen/Content/UltraDynamicSky/Textures/Icons/CloudProfile_Tool_Icon.uasset" 3613
"D:/unreal_project/Baiguizhen/Content/UltraDynamicSky/Blueprints/System/Editor_UI/Cloud_Profile_Tool/Cloud_Profile_Default.uasset" 3614
"D:/unreal_project/Baiguizhen/Content/UltraDynamicSky/Blueprints/Enum/UDS_FogColorMode.uasset" 3615
"D:/unreal_project/Baiguizhen/Content/UltraDynamicSky/Blueprints/System/Editor_UI/Cloud_Profile_Tool/UDS_CloudProfile_Data.uasset" 3616
"D:/unreal_project/Baiguizhen/Content/UltraDynamicSky/Blueprints/System/Editor_UI/Cloud_Profile_Tool/CloudProfile_Preview.uasset" 3617
"D:/unreal_project/Baiguizhen/Content/UltraDynamicSky/Textures/Icons/Full_CloudPaint_Icon.uasset" 3618
"D:/unreal_project/Baiguizhen/Content/UltraDynamicSky/Blueprints/System/Editor_UI/Cloud_Profile_Tool/UDS_CloudProfile_Key.uasset" 3619
"D:/unreal_project/Baiguizhen/Content/UltraDynamicSky/Blueprints/Enum/UDS_Space_Parent.uasset" 3620
"D:/unreal_project/Baiguizhen/Content/UltraDynamicSky/Textures/Icons/Med_CloudPaint_Icon.uasset" 3621
"D:/unreal_project/Baiguizhen/Content/UltraDynamicSky/Blueprints/System/Calendars/Gregorian_Calendar.uasset" 3622
"D:/unreal_project/Baiguizhen/Content/UltraDynamicSky/Blueprints/Enum/UDS_SkyLightMode.uasset" 3623
"D:/unreal_project/Baiguizhen/Content/UltraDynamicSky/Blueprints/Enum/UDS_Planet_Lightsource.uasset" 3624
"D:/unreal_project/Baiguizhen/Content/UltraDynamicSky/Blueprints/Enum/UDS_LensFlareType.uasset" 3625
"/Game/UltraDynamicSky/Blueprints/Weather_Effects/System/RadialStorm_CoverageBrush" 3626
"D:/unreal_project/Baiguizhen/Content/UltraDynamicSky/Blueprints/Enum/UDS_ColorMode.uasset" 3627
"D:/unreal_project/Baiguizhen/Content/UltraDynamicSky/Blueprints/System/UDS_Space_Planet.uasset" 3628
"D:/unreal_project/Baiguizhen/Content/UltraDynamicSky/Blueprints/Enum/UDS_CachedProperties.uasset" 3629
"D:/unreal_project/Baiguizhen/Content/UltraDynamicSky/Blueprints/Enum/UDS_Cache_Group.uasset" 3630
"D:/unreal_project/Baiguizhen/Content/UltraDynamicSky/Blueprints/Enum/UDS_CityPresets.uasset" 3631
"D:/unreal_project/Baiguizhen/Content/UltraDynamicSky/Blueprints/System/UDS_Post_Process_Stage.uasset" 3632
"D:/unreal_project/Baiguizhen/Content/UltraDynamicSky/Materials/Float_Curves/Equation_of_Time.uasset" 3633
"D:/unreal_project/Baiguizhen/Content/UltraDynamicSky/Materials/Float_Curves/Directional_Light_Intensity.uasset" 3634
"D:/unreal_project/Baiguizhen/Content/UltraDynamicSky/Materials/Color_Curves/Sun_Disk_Color.uasset" 3635
"D:/unreal_project/Baiguizhen/Content/UltraDynamicSky/Materials/Color_Curves/Sun_Light_Color.uasset" 3636
"D:/unreal_project/Baiguizhen/Content/UltraDynamicSky/Materials/Color_Curves/Fog_Scattering_Color.uasset" 3637
"D:/unreal_project/Baiguizhen/Content/UltraDynamicSky/Materials/Color_Curves/Fog_Directional_Scattering_Color.uasset" 3638
"/Game/UltraDynamicSky/Blueprints/System/Editor_UI/UDS_Editor_Tick_Interface" 3639
"D:/unreal_project/Baiguizhen/Content/UltraDynamicSky/Blueprints/Ultra_Dynamic_Sky.uasset" 3640
"../../../Engine/Content/EditorBlueprintResources/ActorMacros.uasset" 3641
"../../../Engine/Content/EditorBlueprintResources/StandardMacros.uasset" 3642
"D:/unreal_project/Baiguizhen/Content/UltraDynamicSky/Blueprints/System/Editor_UI/UDS_Utility_Opener_Interface.uasset" 3643
"D:/unreal_project/Baiguizhen/Content/UltraDynamicSky/Blueprints/System/Editor_UI/UDS_VersionInfo.uasset" 3644
"D:/unreal_project/Baiguizhen/Content/UltraDynamicSky/Blueprints/System/UDS_Calendar.uasset" 3645
"D:/unreal_project/Baiguizhen/Content/UltraDynamicSky/Blueprints/System/UDS_Cloud_Paint_Cell.uasset" 3646
"D:/unreal_project/Baiguizhen/Content/UltraDynamicSky/Blueprints/System/UDS_Cloud_Paint_Container.uasset" 3647
"D:/unreal_project/Baiguizhen/Content/UltraDynamicSky/Blueprints/System/UDS_Modifier.uasset" 3648
"D:/unreal_project/Baiguizhen/Content/UltraDynamicSky/Blueprints/System/UDS_Modifier_Interface.uasset" 3649
"D:/unreal_project/Baiguizhen/Content/UltraDynamicSky/Blueprints/System/UDS_OcclusionSettings.uasset" 3650
"D:/unreal_project/Baiguizhen/Content/UltraDynamicSky/Blueprints/System/UDS_OcclusionState.uasset" 3651
"D:/unreal_project/Baiguizhen/Content/UltraDynamicSky/Blueprints/System/UDS_PlayerOcclusion.uasset" 3652
"D:/unreal_project/Baiguizhen/Content/UltraDynamicSky/Blueprints/Weather_Effects/System/Radial_Storm_Sky_Interface.uasset" 3653
"D:/unreal_project/Baiguizhen/Content/UltraDynamicSky/Blueprints/Weather_Effects/System/UDW_WeatherControlledActor_Interface.uasset" 3654
"D:/unreal_project/Baiguizhen/Content/UltraDynamicSky/Blueprints/Weather_Effects/System/Ultra_Dynamic_Weather_Interface.uasset" 3655
"D:/unreal_project/Baiguizhen/Content/UltraDynamicSky/Materials/Float_Curves/Exposure_Compensation_Curve.uasset" 3656
"D:/unreal_project/Baiguizhen/Content/UltraDynamicSky/Materials/Float_Curves/Shine_Intensity.uasset" 3657
"D:/unreal_project/Baiguizhen/Content/UltraDynamicSky/Materials/Float_Curves/Skyatmosphere_Density.uasset" 3658
"D:/unreal_project/Baiguizhen/Content/UltraDynamicSky/Materials/Float_Curves/Sun_Highlight_Intensity.uasset" 3659
"D:/unreal_project/Baiguizhen/Content/UltraDynamicSky/Materials/Float_Curves/Sun_Highlight_Radius.uasset" 3660
"D:/unreal_project/Baiguizhen/Content/UltraDynamicSky/Materials/Space/Space_Planet_Glow_Mat.uasset" 3661
"D:/unreal_project/Baiguizhen/Content/UltraDynamicSky/Materials/Space/Space_Ring_Mat.uasset" 3662
"D:/unreal_project/Baiguizhen/Content/UltraDynamicSky/Materials/Weather/Draw_Texture_Mat.uasset" 3663
"D:/unreal_project/Baiguizhen/Content/UltraDynamicSky/Materials/Weather/Radial_Storm_Cloud_Draw.uasset" 3664
"D:/unreal_project/Baiguizhen/Content/UltraDynamicSky/Blueprints/Enum/UDS_Modifier_Color_Property.uasset" 3665
"D:/unreal_project/Baiguizhen/Content/UltraDynamicSky/Blueprints/Enum/UDS_Modifier_Float_Property.uasset" 3666
"D:/unreal_project/Baiguizhen/Content/UltraDynamicSky/Blueprints/Enum/UDS_Project_Mode.uasset" 3667
"D:/unreal_project/Baiguizhen/Content/UltraDynamicSky/Blueprints/Enum/UDS_PropertyType.uasset" 3668
"D:/unreal_project/Baiguizhen/Content/UltraDynamicSky/Blueprints/Enum/UDS_RenderingFeatureLevel.uasset" 3669
"D:/unreal_project/Baiguizhen/Content/UltraDynamicSky/Blueprints/Enum/UDS_RunContext.uasset" 3670
"D:/unreal_project/Baiguizhen/Content/UltraDynamicSky/Blueprints/Enum/UDS_SkyMode.uasset" 3671
"D:/unreal_project/Baiguizhen/Content/UltraDynamicSky/Blueprints/Enum/UDS_VolRT_Mode.uasset" 3672
"D:/unreal_project/Baiguizhen/Content/UltraDynamicSky/Blueprints/Occlusion/Occlusion_Settings/UDS_Standard_Occlusion_Settings.uasset" 3673
"D:/unreal_project/Baiguizhen/Content/UltraDynamicSky/Blueprints/Occlusion/OcclusionState/Sky_Occlusion_State.uasset" 3674
"D:/unreal_project/Baiguizhen/Content/UltraDynamicSky/Blueprints/System/Editor_UI/UDS_CurrentVersion.uasset" 3675
"D:/unreal_project/Baiguizhen/Content/UltraDynamicSky/Blueprints/System/RandomWeatherVariation_State.uasset" 3676
"D:/unreal_project/Baiguizhen/Content/UltraDynamicSky/Blueprints/System/UDS_and_UDW_State.uasset" 3677
"D:/unreal_project/Baiguizhen/Content/UltraDynamicSky/Blueprints/Weather_Effects/System/UDW_WeatherState_Structure.uasset" 3678
"D:/unreal_project/Baiguizhen/Content/UltraDynamicSky/Meshes/2D_Turbulence_Disk.uasset" 3679
"D:/unreal_project/Baiguizhen/Content/UltraDynamicSky/Meshes/Compass.uasset" 3680
"D:/unreal_project/Baiguizhen/Content/UltraDynamicSky/Meshes/Nebula_Sphere.uasset" 3681
"D:/unreal_project/Baiguizhen/Content/UltraDynamicSky/Meshes/Space_Glow_Circle.uasset" 3682
"D:/unreal_project/Baiguizhen/Content/UltraDynamicSky/Meshes/Space_Planet.uasset" 3683
"D:/unreal_project/Baiguizhen/Content/UltraDynamicSky/Meshes/Space_Ring_BackHalf.uasset" 3684
"D:/unreal_project/Baiguizhen/Content/UltraDynamicSky/Meshes/Space_Ring_FrontHalf.uasset" 3685
"D:/unreal_project/Baiguizhen/Content/UltraDynamicSky/Meshes/Ultra_Dynamic_Sky_Sphere.uasset" 3686
"D:/unreal_project/Baiguizhen/Content/UltraDynamicSky/Textures/Icons/Moon_Icon.uasset" 3687
"D:/unreal_project/Baiguizhen/Content/UltraDynamicSky/Textures/Icons/Sun_Icon.uasset" 3688
"D:/unreal_project/Baiguizhen/Content/UltraDynamicSky/Textures/Icons/UDS_Icon.uasset" 3689
"D:/unreal_project/Baiguizhen/Content/UltraDynamicSky/Textures/Sky/AtmosphericScattering_LUT.uasset" 3690
"D:/unreal_project/Baiguizhen/Content/UltraDynamicSky/Textures/Sky/Cloud_Wisps.uasset" 3691
"D:/unreal_project/Baiguizhen/Content/UltraDynamicSky/Textures/Icons/CloudPainter_Icon.uasset" 3692
"D:/unreal_project/Baiguizhen/Content/UltraDynamicSky/Blueprints/Enum/UDS_Occlusion_Mode.uasset" 3693
"D:/unreal_project/Baiguizhen/Content/UltraDynamicSky/Blueprints/Enum/UDS_Occlusion_Water_Behavior.uasset" 3694
"D:/unreal_project/Baiguizhen/Content/UltraDynamicSky/Blueprints/Enum/UDS_OcclusionSamplingLocation.uasset" 3695
"D:/unreal_project/Baiguizhen/Content/UltraDynamicSky/Blueprints/Occlusion/UDS_Occlusion_Portal.uasset" 3696
"D:/unreal_project/Baiguizhen/Content/UltraDynamicSky/Blueprints/Occlusion/UDS_Occlusion_Volume.uasset" 3697
"D:/unreal_project/Baiguizhen/Content/UltraDynamicSky/Blueprints/Weather_Effects/System/UDS_Weather_Settings.uasset" 3698
"../../../Engine/Content/Functions/Engine_MaterialFunctions02/Utility/DitherTemporalAA.uasset" 3699
"../../../Engine/Content/Functions/Engine_MaterialFunctions02/Math/ProjectVectorOntoPlane.uasset" 3700
"D:/unreal_project/Baiguizhen/Content/UltraDynamicSky/Textures/Space/Rings/Planetary_Ring_1.uasset" 3701
"../../../Engine/Content/EngineResources/Black_Low.uasset" 3702
"D:/unreal_project/Baiguizhen/Content/UltraDynamicSky/Blueprints/Enum/UDS_RandomWeatherTiming.uasset" 3703
"D:/unreal_project/Baiguizhen/Content/UltraDynamicSky/Blueprints/Weather_Effects/System/UDW_WOV_State.uasset" 3704
"D:/unreal_project/Baiguizhen/Content/UltraDynamicSky/Meshes/Portal_Arrow.uasset" 3705
"D:/unreal_project/Baiguizhen/Content/UltraDynamicSky/Blueprints/System/UDS_Volume_Actor.uasset" 3706
"D:/unreal_project/Baiguizhen/Content/UltraDynamicSky/Textures/Icons/OcclusionVolume.uasset" 3707
"../../../Engine/Content/Functions/Engine_MaterialFunctions02/Texturing/ScreenAlignedPixelToPixelUVs.uasset" 3708
"D:/unreal_project/Baiguizhen/Content/UltraDynamicSky/Blueprints/Enum/UDS_OcclusionShape.uasset" 3709
"D:/unreal_project/Baiguizhen/Content/UltraDynamicSky/Blueprints/System/Editor_UI/Cloud_Profile_Tool/CloudProfileKeyGradient.uasset" 3710
"D:/unreal_project/Baiguizhen/Content/UltraDynamicSky/Blueprints/Tools/Cloud_Profile_Authoring_Tool.uasset" 3711
"/Game/UltraDynamicSky/Blueprints/System/Editor_UI/Cloud_Profile_Tool/CloudProfile_Preview" 3712
"/Game/UltraDynamicSky/Blueprints/System/Editor_UI/Cloud_Profile_Tool/CloudProfile_Draw_Mat" 3713
"/Game/UltraDynamicSky/Blueprints/System/Editor_UI/Cloud_Profile_Tool/UDS_CloudProfile_Key" 3714
"/Game/UltraDynamicSky/Blueprints/System/Editor_UI/Cloud_Profile_Tool/UDS_CloudProfile_Data" 3715
"/Game/UltraDynamicSky/Blueprints/System/Editor_UI/Cloud_Profile_Tool/Cloud_Profile_Default" 3716
"/Game/UltraDynamicSky/Textures/Icons/CloudProfile_Tool_Icon" 3717
"/Game/UltraDynamicSky/Textures/Icons/Key_Handle" 3718
"/Game/UltraDynamicSky/Textures/Icons/Full_CloudPaint_Icon" 3719
"/Game/UltraDynamicSky/Textures/Icons/Med_CloudPaint_Icon" 3720
"/Game/UltraDynamicSky/Textures/Icons/Zero_CloudPaint_Icon" 3721
"../../../Engine/Content/Functions/Engine_MaterialFunctions01/Gradient/RadialGradientExponential.uasset" 3722
"../../../Engine/Content/Functions/Engine_MaterialFunctions01/Density/ExponentialDensity.uasset" 3723
"D:/unreal_project/Baiguizhen/Content/UltraDynamicSky/Blueprints/Tools/Sky_Modifier_Editor.uasset" 3724
"D:/unreal_project/Baiguizhen/Content/UltraDynamicSky/Blueprints/System/UDS_Configuration.uasset" 3725
"D:/unreal_project/Baiguizhen/Content/UltraDynamicSky/Textures/Icons/Sky_Modifier_Editor_Icon.uasset" 3726
"D:/unreal_project/Baiguizhen/Content/UltraDynamicSky/Textures/Icons/ConfigManager_Icon.uasset" 3727
"/Game/UltraDynamicSky/Blueprints/Tools/Cloud_Profile_Authoring_Tool" 3728
"D:/unreal_project/Baiguizhen/Content/UltraDynamicSky/Blueprints/System/Editor_UI/UDS_Readme_Interface.uasset" 3729
"D:/unreal_project/Baiguizhen/Content/UltraDynamicSky/Blueprints/Enum/UDS_ConfigType.uasset" 3730
"D:/unreal_project/Baiguizhen/Content/UltraDynamicSky/Blueprints/System/Editor_UI/UDS_Documentation_Editor_Button.uasset" 3731
"D:/unreal_project/Baiguizhen/Content/UltraDynamicSky/Blueprints/System/Editor_UI/UDS_Utility_Opener.uasset" 3732
"D:/unreal_project/Baiguizhen/Content/UltraDynamicSky/Blueprints/System/Editor_UI/config_icon_pan.uasset" 3733
"D:/unreal_project/Baiguizhen/Content/UltraDynamicSky/Blueprints/Enum/UDS_Property_Category.uasset" 3734
"D:/unreal_project/Baiguizhen/Content/UltraDynamicSky/Blueprints/Weather_Effects/System/Temperature_Volume_Interface.uasset" 3735
"D:/unreal_project/Baiguizhen/Content/UltraDynamicSky/Blueprints/System/Editor_UI/SkyModifier_Tool/Sky_Modifier_Editor_Category.uasset" 3736
"D:/unreal_project/Baiguizhen/Content/UltraDynamicSky/Blueprints/Weather_Effects/System/Radial_Storm_Weather_Interface.uasset" 3737
"D:/unreal_project/Baiguizhen/Content/UltraDynamicSky/Blueprints/System/Editor_UI/SkyModifier_Tool/Sky_Modifier_Editor_Row.uasset" 3738
"D:/unreal_project/Baiguizhen/Content/UltraDynamicSky/Blueprints/System/UDW_Startup_Interface.uasset" 3739
"D:/unreal_project/Baiguizhen/Content/UltraDynamicSky/Blueprints/Weather_Effects/System/Puddle_Fluid_Volume_Interface.uasset" 3740
"D:/unreal_project/Baiguizhen/Content/UltraDynamicSky/Blueprints/System/UDS_RenderTarget_State.uasset" 3741
"D:/unreal_project/Baiguizhen/Content/UltraDynamicSky/Blueprints/Occlusion/OcclusionState/Weather_Occlusion_State.uasset" 3742
"../../../Engine/Content/Functions/Engine_MaterialFunctions01/ImageAdjustment/BlurSampleOffsets.uasset" 3743
"D:/unreal_project/Baiguizhen/Content/UltraDynamicSky/Blueprints/Enum/UDS_Rain_Splash_RenderMode.uasset" 3744
"D:/unreal_project/Baiguizhen/Content/UltraDynamicSky/Blueprints/Enum/UDS_Weather_State_Variable.uasset" 3745
"D:/unreal_project/Baiguizhen/Content/UltraDynamicSky/Blueprints/Enum/UDS_SeasonMode.uasset" 3746
"D:/unreal_project/Baiguizhen/Content/UltraDynamicSky/Materials/Weather/Projection_Box_Height.uasset" 3747
"D:/unreal_project/Baiguizhen/Content/UltraDynamicSky/Materials/Weather/Projection_Box_Mask.uasset" 3748
"D:/unreal_project/Baiguizhen/Content/UltraDynamicSky/Blueprints/Weather_Effects/Components/Weather_Mask_Projection_Box_Component.uasset" 3749
"D:/unreal_project/Baiguizhen/Content/UltraDynamicSky/Blueprints/Enum/UDS_ControlPointMode.uasset" 3750
"D:/unreal_project/Baiguizhen/Content/UltraDynamicSky/Textures/Weather/Mask_Brushes/Brush_Circle.uasset" 3751
"D:/unreal_project/Baiguizhen/Content/UltraDynamicSky/Blueprints/Enum/UDS_Particle_Collision_Mode.uasset" 3752
"/Game/UltraDynamicSky/Textures/Weather/Mask_Brushes/Brush_Circle" 3753
"D:/unreal_project/Baiguizhen/Content/UltraDynamicSky/Textures/Weather/Mask_Brushes/Brush_Pyramid.uasset" 3754
"D:/unreal_project/Baiguizhen/Content/UltraDynamicSky/Textures/Weather/Mask_Brushes/Brush_Square.uasset" 3755
"/Game/UltraDynamicSky/Blueprints/Weather_Effects/Components/Weather_Mask_Projection_Box_Component" 3756
"D:/unreal_project/Baiguizhen/Content/UltraDynamicSky/Blueprints/Ultra_Dynamic_Weather.uasset" 3757
"D:/unreal_project/Baiguizhen/Content/UltraDynamicSky/Blueprints/Weather_Effects/System/WeatherMask.uasset" 3758
"D:/unreal_project/Baiguizhen/Content/UltraDynamicSky/Blueprints/Functions/UltraDynamicSky_Functions.uasset" 3759
"D:/unreal_project/Baiguizhen/Content/UltraDynamicSky/Blueprints/Weather_Effects/Components/Weather_Mask_Brush_Component.uasset" 3760
"D:/unreal_project/Baiguizhen/Content/UltraDynamicSky/Blueprints/Weather_Effects/System/Random_Weather_Variation.uasset" 3761
"D:/unreal_project/Baiguizhen/Content/UltraDynamicSky/Blueprints/Weather_Effects/System/UDS_Climate_Preset.uasset" 3762
"D:/unreal_project/Baiguizhen/Content/UltraDynamicSky/Blueprints/Weather_Effects/System/UDW_and_Weather_Override_Volume_Interface.uasset" 3763
"D:/unreal_project/Baiguizhen/Content/UltraDynamicSky/Blueprints/Weather_Effects/System/UDW_Lightning_Spawn_Manager.uasset" 3764
"D:/unreal_project/Baiguizhen/Content/UltraDynamicSky/Blueprints/Weather_Effects/System/UDW_Material_State_Manager.uasset" 3765
"D:/unreal_project/Baiguizhen/Content/UltraDynamicSky/Blueprints/Weather_Effects/System/UDW_Temperature_Manager.uasset" 3766
"D:/unreal_project/Baiguizhen/Content/UltraDynamicSky/Blueprints/Weather_Effects/Weather_Override_Volume.uasset" 3767
"D:/unreal_project/Baiguizhen/Content/UltraDynamicSky/Materials/Weather/DLWE_Trail_Brush.uasset" 3768
"D:/unreal_project/Baiguizhen/Content/UltraDynamicSky/Materials/Weather/Snow_Fade_Target_Mat.uasset" 3769
"D:/unreal_project/Baiguizhen/Content/UltraDynamicSky/Materials/Weather/WOV_Target_Brush.uasset" 3770
"D:/unreal_project/Baiguizhen/Content/UltraDynamicSky/Materials/Material_Instances/DLWE_Brushes/Compression_EdgeFade.uasset" 3771
"D:/unreal_project/Baiguizhen/Content/UltraDynamicSky/Materials/Material_Instances/DLWE_Brushes/MaskTarget_EdgeFade.uasset" 3772
"D:/unreal_project/Baiguizhen/Content/UltraDynamicSky/Materials/Weather/Radial_Storm_Weather_Draw.uasset" 3773
"D:/unreal_project/Baiguizhen/Content/UltraDynamicSky/Particles/UDW_WeatherParticle_Parameters.uasset" 3774
"D:/unreal_project/Baiguizhen/Content/UltraDynamicSky/Particles/Puddle_Ripple.uasset" 3775
"D:/unreal_project/Baiguizhen/Content/UltraDynamicSky/Blueprints/Enum/UDS_Season.uasset" 3776
"D:/unreal_project/Baiguizhen/Content/UltraDynamicSky/Blueprints/Enum/UDS_Temperature_Sample_Location.uasset" 3777
"D:/unreal_project/Baiguizhen/Content/UltraDynamicSky/Blueprints/Enum/UDS_TemperatureType.uasset" 3778
"D:/unreal_project/Baiguizhen/Content/UltraDynamicSky/Blueprints/Enum/UDS_Weather_Display_Names.uasset" 3779
"D:/unreal_project/Baiguizhen/Content/UltraDynamicSky/Blueprints/Weather_Effects/Weather_Presets/Clear_Skies.uasset" 3780
"D:/unreal_project/Baiguizhen/Content/UltraDynamicSky/Blueprints/Weather_Effects/Weather_Presets/Cloudy.uasset" 3781
"D:/unreal_project/Baiguizhen/Content/UltraDynamicSky/Blueprints/Weather_Effects/Weather_Presets/Foggy.uasset" 3782
"D:/unreal_project/Baiguizhen/Content/UltraDynamicSky/Blueprints/Weather_Effects/Weather_Presets/Overcast.uasset" 3783
"D:/unreal_project/Baiguizhen/Content/UltraDynamicSky/Blueprints/Weather_Effects/Weather_Presets/Partly_Cloudy.uasset" 3784
"D:/unreal_project/Baiguizhen/Content/UltraDynamicSky/Blueprints/Weather_Effects/Weather_Presets/Rain.uasset" 3785
"D:/unreal_project/Baiguizhen/Content/UltraDynamicSky/Blueprints/Weather_Effects/Weather_Presets/Rain_Light.uasset" 3786
"D:/unreal_project/Baiguizhen/Content/UltraDynamicSky/Blueprints/Weather_Effects/Weather_Presets/Rain_Thunderstorm.uasset" 3787
"D:/unreal_project/Baiguizhen/Content/UltraDynamicSky/Blueprints/Weather_Effects/Weather_Presets/Snow.uasset" 3788
"D:/unreal_project/Baiguizhen/Content/UltraDynamicSky/Blueprints/Weather_Effects/Weather_Presets/Snow_Blizzard.uasset" 3789
"D:/unreal_project/Baiguizhen/Content/UltraDynamicSky/Blueprints/Weather_Effects/Weather_Presets/Snow_Light.uasset" 3790
"D:/unreal_project/Baiguizhen/Content/UltraDynamicSky/Meshes/Rainbow.uasset" 3791
"D:/unreal_project/Baiguizhen/Content/UltraDynamicSky/Sound/UDS_Outdoor_Sound.uasset" 3792
"D:/unreal_project/Baiguizhen/Content/UltraDynamicSky/Textures/Icons/UDW_Icon.uasset" 3793
"D:/unreal_project/Baiguizhen/Content/UltraDynamicSky/Textures/Weather/DLWE_MaskTarget.uasset" 3794
"D:/unreal_project/Baiguizhen/Content/UltraDynamicSky/Textures/Weather/Weather_Mask_Brush_Target.uasset" 3795
"D:/unreal_project/Baiguizhen/Content/UltraDynamicSky/Blueprints/Functions/UltraDynamicWeather_Functions.uasset" 3796
"D:/unreal_project/Baiguizhen/Content/UltraDynamicSky/Meshes/Brush_Cube.uasset" 3797
"D:/unreal_project/Baiguizhen/Content/UltraDynamicSky/Blueprints/Enum/UDS_Weather_Mask_Brush.uasset" 3798
"D:/unreal_project/Baiguizhen/Content/UltraDynamicSky/Meshes/Brush_Square.uasset" 3799
"D:/unreal_project/Baiguizhen/Content/UltraDynamicSky/Textures/Weather/Mask_Brushes/Brush_Falloff.uasset" 3800
"D:/unreal_project/Baiguizhen/Content/UltraDynamicSky/Textures/Weather/Mask_Brushes/Brush_Radial.uasset" 3801
"../../../Engine/Content/EditorBlueprintResources/ActorComponentMacros.uasset" 3802
"D:/unreal_project/Baiguizhen/Content/UltraDynamicSky/Blueprints/Weather_Effects/Weather_Presets/Sand_Dust_Calm.uasset" 3803
"D:/unreal_project/Baiguizhen/Content/UltraDynamicSky/Blueprints/Weather_Effects/Weather_Presets/Sand_Dust_Storm.uasset" 3804
"D:/unreal_project/Baiguizhen/Content/UltraDynamicSky/Textures/Icons/Weather_Override_Volume.uasset" 3805
"D:/unreal_project/Baiguizhen/Content/UltraDynamicSky/Materials/Weather/DLWE_Trail_Pixel_Operation.uasset" 3806
"D:/unreal_project/Baiguizhen/Content/UltraDynamicSky/Textures/Weather/DLWE_NormalBrush.uasset" 3807
"D:/unreal_project/Baiguizhen/Content/UltraDynamicSky/Materials/Weather/DLWE_Brush.uasset" 3808
"D:/unreal_project/Baiguizhen/Content/UltraDynamicSky/Textures/Weather/Edge_Fade.uasset" 3809
"D:/unreal_project/Baiguizhen/Content/UltraDynamicSky/Materials/Weather/PuddleRipple_Decal.uasset" 3810
"../../Plugins/FX/Niagara/Content/DynamicInputs/Divide/Divide_Float.uasset" 3811
"../../Plugins/FX/Niagara/Content/DynamicInputs/Lerp/Lerp_Float.uasset" 3812
"../../Plugins/FX/Niagara/Content/DynamicInputs/Multiply/Multiply_Vector2D_ByFloat.uasset" 3813
"../../Plugins/FX/Niagara/Content/DynamicInputs/TypeConversions/MakeFloatFromVector.uasset" 3814
"../../Plugins/FX/Niagara/Content/DynamicInputs/TypeConversions/Vector2DFromFloat.uasset" 3815
"../../Plugins/FX/Niagara/Content/DynamicInputs/ValueFromCurve/FloatFromCurve.uasset" 3816
"../../Plugins/FX/Niagara/Content/Modules/Emitter/EmitterState.uasset" 3817
"../../Plugins/FX/Niagara/Content/Modules/Emitter/SpawnBurst_Instantaneous.uasset" 3818
"../../Plugins/FX/Niagara/Content/Modules/Spawn/Initialization/V2/InitializeParticle.uasset" 3819
"../../Plugins/FX/Niagara/Content/Modules/System/SystemState.uasset" 3820
"../../Plugins/FX/Niagara/Content/Modules/Update/Color/ScaleColor.uasset" 3821
"../../Plugins/FX/Niagara/Content/Modules/Update/Lifetime/ParticleState.uasset" 3822
"../../Plugins/FX/Niagara/Content/Modules/Update/Material/DynamicMaterialParameters.uasset" 3823
"../../Plugins/FX/Niagara/Content/Enums/ENiagara_ColorInitializationMode.uasset" 3824
"../../Plugins/FX/Niagara/Content/Enums/ENiagara_EmitterStateOptions.uasset" 3825
"../../Plugins/FX/Niagara/Content/Enums/ENiagara_InfiniteLoopDuration.uasset" 3826
"../../Plugins/FX/Niagara/Content/Enums/ENiagara_LifetimeMode.uasset" 3827
"../../Plugins/FX/Niagara/Content/Enums/ENiagara_MassInitializationMode.uasset" 3828
"../../Plugins/FX/Niagara/Content/Enums/ENiagara_PositionInitializationMode.uasset" 3829
"../../Plugins/FX/Niagara/Content/Enums/ENiagara_SizeScaleMode.uasset" 3830
"../../Plugins/FX/Niagara/Content/Enums/ENiagara_SpriteRotationMode.uasset" 3831
"../../Plugins/FX/Niagara/Content/Enums/ENiagara_UVFlippingMode.uasset" 3832
"../../Plugins/FX/Niagara/Content/Enums/ENiagaraChannelCorrelation.uasset" 3833
"../../Plugins/FX/Niagara/Content/Enums/ENiagaraEmitterLifeCycleMode.uasset" 3834
"../../Plugins/FX/Niagara/Content/Enums/ENiagaraEmitterScalabilityMode_Limited.uasset" 3835
"../../Plugins/FX/Niagara/Content/Enums/ENiagaraInactiveMode.uasset" 3836
"../../Plugins/FX/Niagara/Content/Enums/ENiagaraRandomnessMode.uasset" 3837
"../../Plugins/FX/Niagara/Content/Enums/ENiagaraScaleColorMode.uasset" 3838
"../../Plugins/FX/Niagara/Content/Enums/ENiagaraSystemInactiveMode.uasset" 3839
"../../Plugins/FX/Niagara/Content/Enums/ENiagaraVector3_Channels.uasset" 3840
"../../Plugins/FX/Niagara/Content/Enums/Ribbons/ENiagara_UnsetDirectSet.uasset" 3841
"../../Plugins/FX/Niagara/Content/Enums/Ribbons/ENiagara_UnsetDirectSetRandom.uasset" 3842
"D:/unreal_project/Baiguizhen/Content/UltraDynamicSky/Materials/Weather/Brush_Visualize_Wireframe.uasset" 3843
"D:/unreal_project/Baiguizhen/Content/UltraDynamicSky/Textures/Weather/ParticleClouds.uasset" 3844
"D:/unreal_project/Baiguizhen/Content/UltraDynamicSky/Materials/Material_Functions/DLWE_PuddleMask.uasset" 3845
"D:/unreal_project/Baiguizhen/Content/UltraDynamicSky/Materials/Material_Functions/DLWE_VariationClouds.uasset" 3846
"D:/unreal_project/Baiguizhen/Content/UltraDynamicSky/Materials/Weather/Sample_UDW_Material_State.uasset" 3847
"../../Plugins/FX/Niagara/Content/Functions/ChannelMasks/SelectV3Channel.uasset" 3848
"../../Plugins/FX/Niagara/Content/Functions/Emitter/EmitterChangeState.uasset" 3849
"../../Plugins/FX/Niagara/Content/Icons/Modules/T_Icon_Scalability_Emitter.uasset" 3850
"../../Plugins/FX/Niagara/Content/Icons/Modules/T_Icon_Scalability_System.uasset" 3851
"../../Plugins/FX/Niagara/Content/Functions/V2/CalculateRandomRangeFloat.uasset" 3852
"../../Plugins/FX/Niagara/Content/Enums/ENiagaraRandomnessEvaluation.uasset" 3853
"../../Plugins/FX/Niagara/Content/Functions/LinearColor/HueShiftLinearColor.uasset" 3854
"../../Plugins/FX/Niagara/Content/Functions/Localspace/SimulationPosition.uasset" 3855
"../../Plugins/FX/Niagara/Content/Functions/Localspace/TransformVector.uasset" 3856
"../../Plugins/FX/Niagara/Content/Functions/V2/CalculateRandomBool.uasset" 3857
"../../Plugins/FX/Niagara/Content/Functions/V2/CalculateRandomRange.uasset" 3858
"../../Plugins/FX/Niagara/Content/Functions/V2/CalculateRandomRangeInteger.uasset" 3859
"../../Plugins/FX/Niagara/Content/Functions/System/SystemChangeState.uasset" 3860
"../../Plugins/FX/Niagara/Content/Functions/Math/SaturateFloat.uasset" 3861
"../../Plugins/FX/Niagara/Content/Icons/Modules/T_Icon_Particle_InfiniteLife.uasset" 3862
"../../Plugins/FX/Niagara/Content/Enums/Utility/ENiagara_DynamicMaterialParametersInputMode.uasset" 3863
"D:/unreal_project/Baiguizhen/Content/UltraDynamicSky/Textures/Weather/DLWE_Noise.uasset" 3864
"D:/unreal_project/Baiguizhen/Content/UltraDynamicSky/Materials/Material_Functions/Sample_Weather_Mask_Brushes.uasset" 3865
"D:/unreal_project/Baiguizhen/Content/UltraDynamicSky/Materials/Material_Functions/Sample_WOV_Target.uasset" 3866
"../../Plugins/FX/Niagara/Content/Functions/Localspace/TransformBase.uasset" 3867
"D:/unreal_project/Baiguizhen/Content/UltraDynamicSky/Textures/Weather/WOV_Material_State_Target.uasset" 3868
"/Game/UltraDynamicSky/Textures/Icons/ConfigManager_Icon" 3869
"/Game/UltraDynamicSky/Blueprints/Enum/UDS_ConfigType" 3870
"/Game/UltraDynamicSky/Blueprints/System/UDS_Configuration" 3871
"/Game/UltraDynamicSky/Blueprints/System/Editor_UI/config_icon_pan" 3872
"/Game/UltraDynamicSky/Blueprints/System/Editor_UI/SkyModifier_Tool/Sky_Modifier_Editor_Row" 3873
"D:/unreal_project/Baiguizhen/Content/UltraDynamicSky/Blueprints/Enum/UDS_Readme_Glossary_Type.uasset" 3874
"D:/unreal_project/Baiguizhen/Content/UltraDynamicSky/Textures/Icons/AmbientSound_TimeWeather.uasset" 3875
"D:/unreal_project/Baiguizhen/Content/UltraDynamicSky/Textures/Icons/Star_Icon_Off.uasset" 3876
"D:/unreal_project/Baiguizhen/Content/UltraDynamicSky/Blueprints/Configuration_Manager.uasset" 3877
"D:/unreal_project/Baiguizhen/Content/UltraDynamicSky/Textures/Icons/Star_Icon_On.uasset" 3878
"D:/unreal_project/Baiguizhen/Content/UltraDynamicSky/Blueprints/System/Editor_UI/UDS_Readme_Settings.uasset" 3879
"D:/unreal_project/Baiguizhen/Content/UltraDynamicSky/Blueprints/System/Editor_UI/UDS_Glossary.uasset" 3880
"D:/unreal_project/Baiguizhen/Content/UltraDynamicSky/Blueprints/System/Editor_UI/UDS_Readme_Image.uasset" 3881
"D:/unreal_project/Baiguizhen/Content/UltraDynamicSky/Blueprints/System/Editor_UI/UDS_Glossary_Tooltip.uasset" 3882
"D:/unreal_project/Baiguizhen/Content/UltraDynamicSky/Blueprints/System/Editor_UI/UDS_Readme_Tooltip_Word.uasset" 3883
"D:/unreal_project/Baiguizhen/Content/UltraDynamicSky/Blueprints/System/Editor_UI/UDS_Readme_Entry_Widget.uasset" 3884
"D:/unreal_project/Baiguizhen/Content/UltraDynamicSky/Blueprints/System/Editor_UI/UDS_Glossary_Entry.uasset" 3885
"D:/unreal_project/Baiguizhen/Content/UltraDynamicSky/Blueprints/System/Editor_UI/UDS_Readme_Entry.uasset" 3886
"D:/unreal_project/Baiguizhen/Content/UltraDynamicSky/Blueprints/System/Editor_UI/UDS_Config_Icon.uasset" 3887
"D:/unreal_project/Baiguizhen/Content/UltraDynamicSky/Textures/Icons/UDS_Logo.uasset" 3888
"D:/unreal_project/Baiguizhen/Content/UltraDynamicSky/Blueprints/README.uasset" 3889
"D:/unreal_project/Baiguizhen/Content/UltraDynamicSky/Blueprints/System/Editor_UI/UDS_Readme_Entry_Link.uasset" 3890
"D:/unreal_project/Baiguizhen/Content/Enemy/AI/Enum/E_BlockingState.uasset" 3891
"D:/unreal_project/Baiguizhen/Content/Assets/Characters/Mannequins/Textures/Manny/T_Manny_02_ASAOPMASK_MSK.uasset" 3892
"D:/unreal_project/Baiguizhen/Content/Assets/Characters/Mannequins/Textures/Manny/T_Manny_02_CCRCCPlastic_MSK.uasset" 3893
"D:/unreal_project/Baiguizhen/Content/Assets/Characters/Mannequins/Textures/Manny/T_Manny_02_MSR_MSK.uasset" 3894
"D:/unreal_project/Baiguizhen/Content/Assets/Characters/Mannequins/Textures/Manny/T_Manny_02_N.uasset" 3895
"D:/unreal_project/Baiguizhen/Content/Assets/Characters/Mannequins/Textures/Manny/T_Manny_02_Tan.uasset" 3896
"D:/unreal_project/Baiguizhen/Content/UltraDynamicSky/Blueprints/System/Editor_UI/UDS_Readme_Entries.uasset" 3897
"D:/unreal_project/Baiguizhen/Content/Assets/Characters/Mannequins/Textures/Manny/T_Manny_01_ASAOPMASK_MSK.uasset" 3898
"D:/unreal_project/Baiguizhen/Content/UltraDynamicSky/Textures/Icons/Readme_icon.uasset" 3899
"D:/unreal_project/Baiguizhen/Content/Assets/Characters/Mannequins/Textures/Manny/T_Manny_01_N.uasset" 3900
"D:/unreal_project/Baiguizhen/Content/Assets/Characters/Mannequins/Textures/Manny/T_Manny_01_MSR_MSK.uasset" 3901
"D:/unreal_project/Baiguizhen/Content/Assets/Characters/Mannequins/Textures/Manny/T_Manny_01_Tan.uasset" 3902
"D:/unreal_project/Baiguizhen/Content/Assets/Characters/Mannequins/Textures/Manny/T_Manny_01_CCRCCPlastic_MSK.uasset" 3903
"/Game/UltraDynamicSky/Blueprints/Enum/UDS_Readme_Glossary_Type" 3904
"/Game/UltraDynamicSky/Blueprints/Configuration_Manager" 3905
"/Game/UltraDynamicSky/Blueprints/System/Editor_UI/UDS_Readme_Settings" 3906
"/Game/UltraDynamicSky/Blueprints/System/Editor_UI/UDS_Glossary" 3907
"/Game/UltraDynamicSky/Blueprints/System/Editor_UI/UDS_Readme_Image" 3908
"/Game/UltraDynamicSky/Textures/Icons/AmbientSound_TimeWeather" 3909
"/Game/UltraDynamicSky/Blueprints/System/Editor_UI/UDS_Glossary_Tooltip" 3910
"/Game/UltraDynamicSky/Blueprints/System/Editor_UI/UDS_Readme_Tooltip_Word" 3911
"/Game/UltraDynamicSky/Textures/Icons/Star_Icon_Off" 3912
"/Game/UltraDynamicSky/Textures/Icons/Star_Icon_On" 3913
"/Game/UltraDynamicSky/Blueprints/System/Editor_UI/UDS_Readme_Entry_Widget" 3914
"/Game/Enemy/AI/Enum/E_BlockingState" 3915
"/Game/Assets/Characters/Mannequins/Textures/Manny/T_Manny_02_ASAOPMASK_MSK" 3916
"/Game/Assets/Characters/Mannequins/Textures/Manny/T_Manny_02_CCRCCPlastic_MSK" 3917
"/Game/Assets/Characters/Mannequins/Textures/Manny/T_Manny_02_MSR_MSK" 3918
"/Game/Assets/Characters/Mannequins/Textures/Manny/T_Manny_02_N" 3919
"/Game/Assets/Characters/Mannequins/Textures/Manny/T_Manny_02_Tan" 3920
"/Game/Assets/Characters/Mannequins/Textures/Manny/T_Manny_01_ASAOPMASK_MSK" 3921
"/Game/Assets/Characters/Mannequins/Textures/Manny/T_Manny_01_CCRCCPlastic_MSK" 3922
"/Game/Assets/Characters/Mannequins/Textures/Manny/T_Manny_01_MSR_MSK" 3923
"/Game/Assets/Characters/Mannequins/Textures/Manny/T_Manny_01_N" 3924
"/Game/Assets/Characters/Mannequins/Textures/Manny/T_Manny_01_Tan" 3925
"D:/unreal_project/Baiguizhen/Content/Assets/Characters/Mannequins/Materials/Instances/Manny/MI_Manny_01.uasset" 3926
"D:/unreal_project/Baiguizhen/Content/Assets/Characters/Mannequins/Materials/Instances/Manny/MI_Manny_02.uasset" 3927
"D:/unreal_project/Baiguizhen/Content/Assets/Characters/Mannequins/Rigs/Poses/Manny/Manny_upperarm_r_pose.uasset" 3928
"D:/unreal_project/Baiguizhen/Content/Assets/Characters/Mannequins/Rigs/Poses/Manny/Manny_upperarm_l_pose.uasset" 3929
"D:/unreal_project/Baiguizhen/Content/Assets/Characters/Mannequins/Rigs/Poses/Manny/Manny_upperarm_r_anim.uasset" 3930
"D:/unreal_project/Baiguizhen/Content/Assets/Characters/Mannequins/Rigs/Poses/Manny/Manny_thigh_l_anim.uasset" 3931
"D:/unreal_project/Baiguizhen/Content/Assets/Characters/Mannequins/Rigs/Poses/Manny/Manny_thigh_r_anim.uasset" 3932
"D:/unreal_project/Baiguizhen/Content/Assets/Characters/Mannequins/Rigs/Poses/Manny/Manny_lowerarm_r_anim.uasset" 3933
"D:/unreal_project/Baiguizhen/Content/Assets/Characters/Mannequins/Rigs/Poses/Manny/Manny_upperarm_l_anim.uasset" 3934
"D:/unreal_project/Baiguizhen/Content/Assets/Characters/Mannequins/Rigs/Poses/Manny/Manny_thigh_l_pose.uasset" 3935
"D:/unreal_project/Baiguizhen/Content/Assets/Characters/Mannequins/Rigs/Poses/Manny/Manny_lowerarm_r_pose.uasset" 3936
"D:/unreal_project/Baiguizhen/Content/Assets/Characters/Mannequins/Rigs/Poses/Manny/Manny_lowerarm_l_pose.uasset" 3937
"D:/unreal_project/Baiguizhen/Content/Assets/Characters/Mannequins/Rigs/Poses/Manny/Manny_thigh_r_pose.uasset" 3938
"D:/unreal_project/Baiguizhen/Content/Assets/Characters/Mannequins/Rigs/Poses/Manny/Manny_hand_r_pose.uasset" 3939
"D:/unreal_project/Baiguizhen/Content/Assets/Characters/Mannequins/Rigs/Poses/Manny/Manny_lowerarm_l_anim.uasset" 3940
"D:/unreal_project/Baiguizhen/Content/Assets/Characters/Mannequins/Rigs/Poses/Manny/Manny_hand_r_anim.uasset" 3941
"D:/unreal_project/Baiguizhen/Content/Assets/Characters/Mannequins/Rigs/Poses/Manny/Manny_hand_l_anim.uasset" 3942
"D:/unreal_project/Baiguizhen/Content/Assets/Characters/Mannequins/Rigs/Poses/Manny/Manny_foot_r_anim.uasset" 3943
"D:/unreal_project/Baiguizhen/Content/Assets/Characters/Mannequins/Rigs/Poses/Manny/Manny_hand_l_pose.uasset" 3944
"D:/unreal_project/Baiguizhen/Content/Assets/Characters/Mannequins/Rigs/Poses/Manny/Manny_foot_l_anim.uasset" 3945
"D:/unreal_project/Baiguizhen/Content/Assets/Characters/Mannequins/Rigs/Poses/Manny/Manny_clavicle_r_anim.uasset" 3946
"D:/unreal_project/Baiguizhen/Content/Assets/Characters/Mannequins/Rigs/Poses/Manny/Manny_clavicle_r_pose.uasset" 3947
"D:/unreal_project/Baiguizhen/Content/Assets/Characters/Mannequins/Rigs/CR_Mannequin_Procedural.uasset" 3948
"D:/unreal_project/Baiguizhen/Content/Assets/Characters/Mannequins/Rigs/Poses/Manny/Manny_clavicle_l_anim.uasset" 3949
"D:/unreal_project/Baiguizhen/Content/Assets/Characters/Mannequins/Rigs/Poses/Manny/Manny_foot_r_pose.uasset" 3950
"D:/unreal_project/Baiguizhen/Content/Assets/Characters/Mannequins/Rigs/ABP_Manny_PostProcess.uasset" 3951
"D:/unreal_project/Baiguizhen/Content/Assets/Characters/Mannequins/Rigs/Poses/Manny/Manny_clavicle_l_pose.uasset" 3952
"D:/unreal_project/Baiguizhen/Content/Assets/Characters/Mannequins/Rigs/Poses/Manny/Manny_calf_r_anim.uasset" 3953
"D:/unreal_project/Baiguizhen/Content/Assets/Characters/Mannequins/Rigs/Poses/Manny/Manny_foot_l_pose.uasset" 3954
"D:/unreal_project/Baiguizhen/Content/Assets/Characters/Mannequins/Rigs/Poses/Manny/Manny_calf_r_pose.uasset" 3955
"D:/unreal_project/Baiguizhen/Content/Assets/Characters/Mannequins/Rigs/Poses/Manny/Manny_calf_l_anim.uasset" 3956
"D:/unreal_project/Baiguizhen/Content/Assets/Characters/Mannequins/Rigs/Poses/Manny/Manny_calf_l_pose.uasset" 3957
"/Game/Assets/Characters/Mannequins/Rigs/ABP_Manny_PostProcess" 3958
"D:/unreal_project/Baiguizhen/Content/Assets/Characters/Mannequins/Meshes/SK_Mannequin.uasset" 3959
"../../Plugins/Animation/ControlRig/Content/Controls/DefaultGizmoLibrary.uasset" 3960
"../../../Engine/Content/Animation/DefaultAnimBoneCompressionSettings.uasset" 3961
"../../../Engine/Content/Animation/DefaultAnimCurveCompressionSettings.uasset" 3962
"/Game/Assets/Characters/Mannequins/Materials/Instances/Manny/MI_Manny_02" 3963
"D:/unreal_project/Baiguizhen/Content/Assets/Characters/Mannequins/Textures/Manny/T_Manny_02_BN.uasset" 3964
"D:/unreal_project/Baiguizhen/Content/Assets/Characters/Mannequins/Textures/Manny/T_Manny_02_D.uasset" 3965
"D:/unreal_project/Baiguizhen/Content/Assets/Characters/Mannequins/Materials/M_Mannequin.uasset" 3966
"D:/unreal_project/Baiguizhen/Content/Assets/Characters/Mannequins/Textures/Manny/T_Manny_01_BN.uasset" 3967
"D:/unreal_project/Baiguizhen/Content/Assets/Characters/Mannequins/Textures/Manny/T_Manny_01_D.uasset" 3968
"D:/unreal_project/Baiguizhen/Content/Assets/Characters/Mannequins/Textures/Manny/T_Manny_01_MRA.uasset" 3969
"D:/unreal_project/Baiguizhen/Content/Assets/Characters/Mannequins/Textures/Shared/T_UE_Logo_M.uasset" 3970
"D:/unreal_project/Baiguizhen/Content/Assets/Characters/Mannequins/Meshes/SKM_Manny.uasset" 3971
"D:/unreal_project/Baiguizhen/Content/Assets/Sounds/Audio/ground-smash-explode.uasset" 3972
"D:/unreal_project/Baiguizhen/Content/Assets/Animations/Melee/sword-ground-smash.uasset" 3973
"D:/unreal_project/Baiguizhen/Content/Assets/Characters/Mannequins/Materials/Manny/MI_Enemy_Melee02.uasset" 3974
"D:/unreal_project/Baiguizhen/Content/Assets/Characters/Mannequins/Materials/Manny/MI_Enemy_Melee01.uasset" 3975
"D:/unreal_project/Baiguizhen/Content/FXVarietyPack/Materials/M_ky_dynDust.uasset" 3976
"D:/unreal_project/Baiguizhen/Content/FXVarietyPack/Textures/T_ky_smoke2.uasset" 3977
"D:/unreal_project/Baiguizhen/Content/FXVarietyPack/Materials/MI_ky_flare_flash_trs.uasset" 3978
"D:/unreal_project/Baiguizhen/Content/FXVarietyPack/Materials/MI_ky_dynDust2.uasset" 3979
"D:/unreal_project/Baiguizhen/Content/FXVarietyPack/Materials/M_ky_flare_flash.uasset" 3980
"D:/unreal_project/Baiguizhen/Content/FXVarietyPack/Textures/T_ky_noise6.uasset" 3981
"D:/unreal_project/Baiguizhen/Content/FXVarietyPack/Textures/T_ky_flare_a.uasset" 3982
"D:/unreal_project/Baiguizhen/Content/FXVarietyPack/Textures/T_ky_lightning02_4x4.uasset" 3983
"D:/unreal_project/Baiguizhen/Content/FXVarietyPack/Textures/T_ky_noise3.uasset" 3984
"D:/unreal_project/Baiguizhen/Content/FXVarietyPack/Textures/T_ky_bg_LC.uasset" 3985
"D:/unreal_project/Baiguizhen/Content/FXVarietyPack/Materials/M_ky_subUV_dynRGB.uasset" 3986
"D:/unreal_project/Baiguizhen/Content/FXVarietyPack/Materials/MI_ky_lightning02_4x4.uasset" 3987
"D:/unreal_project/Baiguizhen/Content/FXVarietyPack/Materials/MI_ky_lightningDust01_4x4_nonD.uasset" 3988
"/Game/Assets/Sounds/Audio/ground-smash-explode" 3989
"D:/unreal_project/Baiguizhen/Content/FXVarietyPack/Textures/T_ky_lightningDust01_4x4.uasset" 3990
"D:/unreal_project/Baiguizhen/Content/FXVarietyPack/Textures/T_ky_smoke_kai.uasset" 3991
"D:/unreal_project/Baiguizhen/Content/FXVarietyPack/Materials/M_ky_primitive_dyn2.uasset" 3992
"D:/unreal_project/Baiguizhen/Content/FXVarietyPack/Textures/T_ky_dist_noise.uasset" 3993
"D:/unreal_project/Baiguizhen/Content/Assets/Animations/Melee/sword-jump-attack.uasset" 3994
"D:/unreal_project/Baiguizhen/Content/FXVarietyPack/Particles/P_ky_lightning3.uasset" 3995
"D:/unreal_project/Baiguizhen/Content/Assets/Animations/Melee/sword-slash.uasset" 3996
"D:/unreal_project/Baiguizhen/Content/FXVarietyPack/Materials/MI_ky_primitive_dynB_nonD.uasset" 3997
"D:/unreal_project/Baiguizhen/Content/FXVarietyPack/Materials/M_ky_base_turbulence.uasset" 3998
"D:/unreal_project/Baiguizhen/Content/Enemy/Enemy_Melee/Anim/Montages/sword-ground-smash_Montage.uasset" 3999
"D:/unreal_project/Baiguizhen/Content/FXVarietyPack/Materials/M_ky_empty.uasset" 4000
"D:/unreal_project/Baiguizhen/Content/FXVarietyPack/Materials/MI_ky_turbulence_smoke2d_trs.uasset" 4001
"D:/unreal_project/Baiguizhen/Content/Enemy/Enemy_Melee/Anim/Montages/sword-jump-attack_Montage.uasset" 4002
"D:/unreal_project/Baiguizhen/Content/Enemy/Enemy_Melee/Anim/Montages/sword-sheath_Montage.uasset" 4003
"/Game/Assets/Animations/Melee/sword-ground-smash" 4004
"/Game/Assets/Characters/Mannequins/Materials/Manny/MI_Enemy_Melee01" 4005
"/Game/Assets/Characters/Mannequins/Materials/Manny/MI_Enemy_Melee02" 4006
"D:/unreal_project/Baiguizhen/Content/Assets/Characters/Mannequins/Materials/Manny/MI_Manny_01_New.uasset" 4007
"D:/unreal_project/Baiguizhen/Content/Assets/Characters/Mannequins/Textures/Manny/T_Manny_02_MRA.uasset" 4008
"D:/unreal_project/Baiguizhen/Content/Assets/Animations/Melee/sword-sheath.uasset" 4009
"/Game/Assets/Animations/Melee/sword-slash" 4010
"D:/unreal_project/Baiguizhen/Content/Assets/Characters/Mannequins/Anims/Unarmed/Jog/MF_Unarmed_Jog_Right.uasset" 4011
"D:/unreal_project/Baiguizhen/Content/Enemy/Enemy_Melee/Anim/Montages/sword-slash_Montage.uasset" 4012
"D:/unreal_project/Baiguizhen/Content/Enemy/Enemy_Melee/Anim/Montages/sword-unsheath_Montage.uasset" 4013
"/Game/Enemy/Enemy_Melee/Anim/Montages/sword-jump-attack_Montage" 4014
"/Game/Enemy/Enemy_Melee/Anim/Montages/sword-ground-smash_Montage" 4015
"/Game/Assets/Characters/Mannequins/Meshes/SKM_Manny" 4016
"D:/unreal_project/Baiguizhen/Content/Assets/Characters/Mannequins/Rigs/PA_Mannequin.uasset" 4017
"/Game/Enemy/Enemy_Melee/Anim/Montages/sword-sheath_Montage" 4018
"D:/unreal_project/Baiguizhen/Content/Assets/Characters/Mannequins/Anims/Unarmed/Walk/MF_Unarmed_Walk_Fwd.uasset" 4019
"D:/unreal_project/Baiguizhen/Content/Assets/Characters/Mannequins/Anims/Unarmed/Walk/MF_Unarmed_Walk_Bwd_Left.uasset" 4020
"D:/unreal_project/Baiguizhen/Content/Assets/Characters/Mannequins/Anims/Unarmed/Jog/MF_Unarmed_Jog_Fwd.uasset" 4021
"D:/unreal_project/Baiguizhen/Content/Assets/Characters/Mannequins/Anims/Unarmed/Jog/MF_Unarmed_Jog_Bwd_Right.uasset" 4022
"D:/unreal_project/Baiguizhen/Content/Assets/Characters/Mannequins/Anims/Unarmed/Walk/MF_Unarmed_Walk_Bwd.uasset" 4023
"D:/unreal_project/Baiguizhen/Content/Assets/Characters/Mannequins/Anims/Unarmed/Jog/MF_Unarmed_Jog_Bwd_Left.uasset" 4024
"D:/unreal_project/Baiguizhen/Content/Assets/Characters/Mannequins/Anims/Unarmed/Jog/MF_Unarmed_Jog_Left.uasset" 4025
"D:/unreal_project/Baiguizhen/Content/Assets/Characters/Mannequins/Anims/Unarmed/Walk/MF_Unarmed_Walk_Bwd_Right.uasset" 4026
"D:/unreal_project/Baiguizhen/Content/Assets/Characters/Mannequins/Anims/Unarmed/Walk/MF_Unarmed_Walk_Left.uasset" 4027
"D:/unreal_project/Baiguizhen/Content/Assets/Characters/Mannequins/Anims/Unarmed/Walk/MF_Unarmed_Walk_Right.uasset" 4028
"D:/unreal_project/Baiguizhen/Content/Assets/Characters/Mannequins/Anims/Unarmed/Jog/MF_Unarmed_Jog_Fwd_Left.uasset" 4029
"D:/unreal_project/Baiguizhen/Content/Assets/Animations/Melee/sword-walk-back.uasset" 4030
"D:/unreal_project/Baiguizhen/Content/Assets/Characters/Mannequins/Anims/Unarmed/Walk/MF_Unarmed_Walk_Fwd_Left.uasset" 4031
"D:/unreal_project/Baiguizhen/Content/Assets/Animations/Melee/sword-walk-left.uasset" 4032
"D:/unreal_project/Baiguizhen/Content/Assets/Characters/Mannequins/Anims/Unarmed/Walk/MF_Unarmed_Walk_Fwd_Right.uasset" 4033
"D:/unreal_project/Baiguizhen/Content/Enemy/Enemy_Melee/Anim/BS_SwordStrafe.uasset" 4034
"D:/unreal_project/Baiguizhen/Content/Assets/Animations/Melee/sword-walk-forward.uasset" 4035
"D:/unreal_project/Baiguizhen/Content/Assets/Characters/Mannequins/Rigs/CR_Mannequin_FootIK.uasset" 4036
"D:/unreal_project/Baiguizhen/Content/Assets/Characters/Mannequins/Anims/Unarmed/Jog/MF_Unarmed_Jog_Fwd_Right.uasset" 4037
"D:/unreal_project/Baiguizhen/Content/Assets/Animations/Melee/sword-idle.uasset" 4038
"D:/unreal_project/Baiguizhen/Content/Assets/Characters/Mannequins/Anims/Unarmed/Jog/MF_Unarmed_Jog_Bwd.uasset" 4039
"D:/unreal_project/Baiguizhen/Content/Assets/Characters/Mannequins/Anims/Unarmed/BS_Idle_Walk_Run.uasset" 4040
"D:/unreal_project/Baiguizhen/Content/Assets/Animations/Melee/sword-walk-right.uasset" 4041
"D:/unreal_project/Baiguizhen/Content/Assets/Characters/Mannequins/Anims/Unarmed/MM_Idle.uasset" 4042
"D:/unreal_project/Baiguizhen/Content/Assets/Characters/Mannequins/Anims/Unarmed/Jump/MM_Land.uasset" 4043
"D:/unreal_project/Baiguizhen/Content/Assets/Characters/Mannequins/Anims/Unarmed/Jump/MM_Jump.uasset" 4044
"D:/unreal_project/Baiguizhen/Content/Assets/Characters/Mannequins/Anims/Unarmed/Jump/MM_Fall_Loop.uasset" 4045
"/Game/Assets/Characters/Mannequins/Anims/Unarmed/Jog/MF_Unarmed_Jog_Right" 4046
"/Game/Enemy/Enemy_Melee/Anim/Montages/sword-unsheath_Montage" 4047
"/Game/Enemy/Enemy_Melee/Anim/Montages/sword-slash_Montage" 4048
"D:/unreal_project/Baiguizhen/Content/Weapons/Meshes/Sword/SM_Sword.uasset" 4049
"D:/unreal_project/Baiguizhen/Content/StarterContent/Materials/M_Metal_Gold.uasset" 4050
"D:/unreal_project/Baiguizhen/Content/StarterContent/Textures/T_MacroVariation.uasset" 4051
"D:/unreal_project/Baiguizhen/Content/StarterContent/Textures/T_Metal_Gold_D.uasset" 4052
"D:/unreal_project/Baiguizhen/Content/StarterContent/Textures/T_Metal_Gold_N.uasset" 4053
"/Game/Assets/Animations/Melee/sword-idle" 4054
"D:/unreal_project/Baiguizhen/Content/Weapons/BP/BP_Weapon_Sword.uasset" 4055
"D:/unreal_project/Baiguizhen/Content/Enemy/Enemy_Melee/Anim/ABP_Enemy_Melee.uasset" 4056
"D:/unreal_project/Baiguizhen/Content/Enemy/AI/EQS/EQS_Strafe.uasset" 4057
"D:/unreal_project/Baiguizhen/Content/Enemy/AI/EQS/EQS_FindCover.uasset" 4058
"D:/unreal_project/Baiguizhen/Content/Enemy/AI/EQS/EQS_Context_AttackTarget.uasset" 4059
"/Game/Assets/Characters/Mannequins/Anims/Unarmed/Jump/MM_Fall_Loop" 4060
"/Game/Assets/Characters/Mannequins/Anims/Unarmed/Jump/MM_Jump" 4061
"/Game/Assets/Characters/Mannequins/Anims/Unarmed/Jump/MM_Land" 4062
"/Game/Assets/Characters/Mannequins/Rigs/CR_Mannequin_FootIK" 4063
"/Game/Enemy/Enemy_Melee/Anim/BS_SwordStrafe" 4064
"/Game/Assets/Characters/Mannequins/Anims/Unarmed/BS_Idle_Walk_Run" 4065
"/Game/Enemy/AI/EQS/EQS_FindCover" 4066
"D:/unreal_project/Baiguizhen/Content/Enemy/AI/Enum/E_Melee_Attacks.uasset" 4067
"D:/unreal_project/Baiguizhen/Content/Enemy/AI/BTDecorator/BTD_IsWieldingWeapon.uasset" 4068
"D:/unreal_project/Baiguizhen/Content/UltraDynamicSky/Materials/Material_Functions/Tiling_Stars_UVs.uasset" 4069
"D:/unreal_project/Baiguizhen/Content/Enemy/AI/BTDecorator/BTD_IsWithinIdealRange.uasset" 4070
"D:/unreal_project/Baiguizhen/Content/Enemy/Enemy_Melee/BP_Enemy_Melee.uasset" 4071
"D:/unreal_project/Baiguizhen/Content/Enemy/AI/BTService/BTS_UpdateDistanceToTarget.uasset" 4072
"D:/unreal_project/Baiguizhen/Content/Enemy/AI/BTService/BTS_StopAttackingIfTargetIsDead.uasset" 4073
"D:/unreal_project/Baiguizhen/Content/Enemy/Enemy_Melee/BT_Enemy_Melee.uasset" 4074
"D:/unreal_project/Baiguizhen/Content/Enemy/AI/BTTasks/BTT_MeleeAttack.uasset" 4075
"D:/unreal_project/Baiguizhen/Content/Enemy/AI/BTTasks/BTT_DefaultAttack.uasset" 4076
"D:/unreal_project/Baiguizhen/Content/Enemy/AI/BTTasks/BTT_MoveToIdealRange.uasset" 4077
"D:/unreal_project/Baiguizhen/Content/Enemy/AI/BTTasks/BTT_UnequipWeapon.uasset" 4078
"D:/unreal_project/Baiguizhen/Content/UltraDynamicSky/Textures/Sky/Stars_Noise.uasset" 4079
"D:/unreal_project/Baiguizhen/Content/UltraDynamicSky/Materials/Material_Functions/Sun_Disk.uasset" 4080
"D:/unreal_project/Baiguizhen/Content/UltraDynamicSky/Materials/Material_Functions/Stars.uasset" 4081
"D:/unreal_project/Baiguizhen/Content/Enemy/AI/BTTasks/BTT_EquipWeapon.uasset" 4082
"D:/unreal_project/Baiguizhen/Content/UltraDynamicSky/Materials/Material_Functions/Sky_Material_Ambient_Fog.uasset" 4083
"D:/unreal_project/Baiguizhen/Content/UltraDynamicSky/Materials/Material_Functions/Scale_Intensity_Around_Sun.uasset" 4084
"D:/unreal_project/Baiguizhen/Content/UltraDynamicSky/Materials/Material_Functions/Moon.uasset" 4085
"D:/unreal_project/Baiguizhen/Content/UltraDynamicSky/Materials/Material_Functions/Composite_Static_Clouds.uasset" 4086
"D:/unreal_project/Baiguizhen/Content/UltraDynamicSky/Materials/Material_Functions/Cloud_Distribution.uasset" 4087
"D:/unreal_project/Baiguizhen/Content/UltraDynamicSky/Materials/Material_Functions/Contrast_Control.uasset" 4088
"D:/unreal_project/Baiguizhen/Content/UltraDynamicSky/Materials/Material_Functions/Filter_Clouds.uasset" 4089
"D:/unreal_project/Baiguizhen/Content/Enemy/AIC_Enemy_Base.uasset" 4090
"D:/unreal_project/Baiguizhen/Content/UltraDynamicSky/Materials/Material_Functions/Map_Cloud_Textures.uasset" 4091
"D:/unreal_project/Baiguizhen/Content/UltraDynamicSky/Materials/Material_Functions/Light_and_Dark_Cloud_Colors.uasset" 4092
"D:/unreal_project/Baiguizhen/Content/UltraDynamicSky/Materials/Material_Functions/Cloud_Layer.uasset" 4093
"D:/unreal_project/Baiguizhen/Content/UltraDynamicSky/Materials/Material_Functions/Sun_Shine_Edges.uasset" 4094
"D:/unreal_project/Baiguizhen/Content/DamageSystem/BPI_Damagable.uasset" 4095
"D:/unreal_project/Baiguizhen/Content/Enemy/BP_Enemy_Base.uasset" 4096
"D:/unreal_project/Baiguizhen/Content/Enemy/BPI_Enemy.uasset" 4097
"D:/unreal_project/Baiguizhen/Content/Enemy/AI/Enum/E_EnemyAISense.uasset" 4098
"D:/unreal_project/Baiguizhen/Content/Enemy/AI/Enum/E_EnemyAIState.uasset" 4099
"D:/unreal_project/Baiguizhen/Content/DamageSystem/S_DamageInfo.uasset" 4100
"D:/unreal_project/Baiguizhen/Content/Enemy/Enemy_Melee/Anim/Montages/sword-shield-hit_Montage.uasset" 4101
"D:/unreal_project/Baiguizhen/Content/Enemy/AI/BehaviorTrees/BT_Enemy_Base.uasset" 4102
"D:/unreal_project/Baiguizhen/Content/Attacks/BPC_Attacks.uasset" 4103
"D:/unreal_project/Baiguizhen/Content/DamageSystem/BPC_DamageSystem.uasset" 4104
"D:/unreal_project/Baiguizhen/Content/Enemy/AI/BP_PatrolRoute.uasset" 4105
"D:/unreal_project/Baiguizhen/Content/Enemy/Enemy_Melee/GameplayEffects/GE_DealDamage.uasset" 4106
"D:/unreal_project/Baiguizhen/Content/Input/Touch/BPI_TouchInterface.uasset" 4107
"D:/unreal_project/Baiguizhen/Content/Weapons/BP/BP_Weapon_Base.uasset" 4108
"D:/unreal_project/Baiguizhen/Content/Enemy/Enemy_Melee/GameplayEffects/DT_Enemy_Melee.uasset" 4109
"D:/unreal_project/Baiguizhen/Content/Assets/Characters/Mannequins/Meshes/SKM_Manny_Simple.uasset" 4110
"D:/unreal_project/Baiguizhen/Content/DamageSystem/E_DamageResponse.uasset" 4111
"D:/unreal_project/Baiguizhen/Content/DamageSystem/W_HealthBar.uasset" 4112
"D:/unreal_project/Baiguizhen/Content/Enemy/AI/Enum/E_LocomotionState.uasset" 4113
"D:/unreal_project/Baiguizhen/Content/DamageSystem/E_DamageType.uasset" 4114
"D:/unreal_project/Baiguizhen/Content/Assets/Animations/Melee/sword-shield-hit.uasset" 4115
"D:/unreal_project/Baiguizhen/Content/Enemy/AI/BehaviorTrees/SubTrees/BT_SubTree_Frozen.uasset" 4116
"D:/unreal_project/Baiguizhen/Content/Enemy/AI/BehaviorTrees/SubTrees/BT_SubTree_Investigate.uasset" 4117
"D:/unreal_project/Baiguizhen/Content/Enemy/AI/BehaviorTrees/SubTrees/BT_SubTree_Passive.uasset" 4118
"D:/unreal_project/Baiguizhen/Content/Enemy/AI/BehaviorTrees/SubTrees/BT_SubTree_Seeking.uasset" 4119
"D:/unreal_project/Baiguizhen/Content/Enemy/AI/BehaviorTrees/BB_Enemy_Base.uasset" 4120
"D:/unreal_project/Baiguizhen/Content/AOE/BP_AOE_Base.uasset" 4121
"D:/unreal_project/Baiguizhen/Content/Projectiles/BP_Projectile_Base.uasset" 4122
"D:/unreal_project/Baiguizhen/Content/Projectiles/BP_Projectile_DarkEnergy.uasset" 4123
"D:/unreal_project/Baiguizhen/Content/Attacks/S_AttackInfo.uasset" 4124
"D:/unreal_project/Baiguizhen/Content/Assets/Characters/Mannequins/Materials/Manny/MI_Manny_02_New.uasset" 4125
"D:/unreal_project/Baiguizhen/Content/Enemy/AI/BTTasks/BTT_ClearFocus.uasset" 4126
"D:/unreal_project/Baiguizhen/Content/Enemy/AI/BTTasks/BTT_SetMovementSpeed.uasset" 4127
"D:/unreal_project/Baiguizhen/Content/Enemy/AI/BTTasks/BTT_SetStateAsPassive.uasset" 4128
"D:/unreal_project/Baiguizhen/Content/Enemy/AI/BTDecorator/BTD_HasPatrolRoute.uasset" 4129
"D:/unreal_project/Baiguizhen/Content/Enemy/AI/BTTasks/BTT_MoveAlongPatrolRoute.uasset" 4130
"D:/unreal_project/Baiguizhen/Content/Enemy/AI/BTTasks/BTT_Focus.uasset" 4131
"D:/unreal_project/Baiguizhen/Content/Enemy/AI/EQS/EQS_Seeking.uasset" 4132
"../../../Engine/Content/VREditor/BasicMeshes/SM_Ball_01.uasset" 4133
"../../../Engine/Content/EditorSounds/GamePreview/EjectFromPlayer.uasset" 4134
"D:/unreal_project/Baiguizhen/Content/ParagonGideon/FX/Particles/Gideon/Abilities/Burden/FX/P_Gideon_Burden_HitWorld.uasset" 4135
"D:/unreal_project/Baiguizhen/Content/ParagonGideon/FX/Particles/Gideon/Abilities/Burden/FX/P_Gideon_Burden_Projectile.uasset" 4136
"D:/unreal_project/Baiguizhen/Content/Projectiles/Audio/void-impact.uasset" 4137
"../../../Engine/Content/VREditor/BasicMeshes/MI_Ball_01.uasset" 4138
"D:/unreal_project/Baiguizhen/Content/ParagonGideon/FX/Materials/Debris/M_Explosion_RockChunks.uasset" 4139
"D:/unreal_project/Baiguizhen/Content/ParagonGideon/FX/Materials/Flares/M_DarkFlare_DistShrink.uasset" 4140
"D:/unreal_project/Baiguizhen/Content/ParagonGideon/FX/Materials/Flares/M_GlowPoint_DistShrink_MASTER.uasset" 4141
"D:/unreal_project/Baiguizhen/Content/ParagonGideon/FX/Materials/Heroes/Gideon/M_Explosion_Smoke_Spears.uasset" 4142
"D:/unreal_project/Baiguizhen/Content/ParagonGideon/FX/Materials/Heroes/Gideon/M_Wisp_SplineThicken_Claw.uasset" 4143
"D:/unreal_project/Baiguizhen/Content/ParagonGideon/FX/Materials/Heroes/Gideon/M_Wispy_Pulse.uasset" 4144
"D:/unreal_project/Baiguizhen/Content/ParagonGideon/FX/Materials/Heroes/M_Radial_Blur_Refraction.uasset" 4145
"D:/unreal_project/Baiguizhen/Content/ParagonGideon/FX/Materials/Sparks/M_Hotdog_Spark_VLerp_MASTER.uasset" 4146
"D:/unreal_project/Baiguizhen/Content/ParagonGideon/FX/Materials/Heroes/M_Spark_VelocityLerp_Pellets_Inst.uasset" 4147
"D:/unreal_project/Baiguizhen/Content/ParagonGideon/FX/Meshes/Heroes/Gideon/SM_Spline_X_Aligned.uasset" 4148
"D:/unreal_project/Baiguizhen/Content/ParagonGideon/FX/Textures/Debris/T_Concrete_ChunkSubUV_D.uasset" 4149
"D:/unreal_project/Baiguizhen/Content/ParagonGideon/FX/VectorFields/VF_F60.uasset" 4150
"D:/unreal_project/Baiguizhen/Content/ParagonGideon/FX/Materials/Flares/M_Lensflare_012.uasset" 4151
"D:/unreal_project/Baiguizhen/Content/ParagonGideon/FX/Materials/Heroes/Gideon/Abilities/M_Burden_Projectile_Outer.uasset" 4152
"D:/unreal_project/Baiguizhen/Content/ParagonGideon/FX/Materials/Heroes/Gideon/M_Burden_Projectile.uasset" 4153
"D:/unreal_project/Baiguizhen/Content/ParagonGideon/FX/Materials/Heroes/Gideon/M_Wispy_Smoke_Trail_Projectile.uasset" 4154
"D:/unreal_project/Baiguizhen/Content/ParagonGideon/FX/Materials/Heroes/Gideon/M_Burden_Projectile_TwoSided_Inst.uasset" 4155
"D:/unreal_project/Baiguizhen/Content/ParagonGideon/FX/Meshes/Shapes/SM_Burden_Projectile.uasset" 4156
"D:/unreal_project/Baiguizhen/Content/ParagonGideon/FX/Meshes/Shapes/SM_Burden_Projectile_Wisps.uasset" 4157
"../../../Engine/Content/VREditor/BasicMeshes/M_Floor_01.uasset" 4158
"D:/unreal_project/Baiguizhen/Content/ParagonGideon/FX/Materials/Functions/MF_FX_EmissiveModulate.uasset" 4159
"D:/unreal_project/Baiguizhen/Content/ParagonGideon/FX/Materials/Functions/MF_ParticleShrinkDistance.uasset" 4160
"D:/unreal_project/Baiguizhen/Content/ParagonGideon/FX/Textures/Debris/T_Concrete_ChunkSubUV_N_TGA.uasset" 4161
"D:/unreal_project/Baiguizhen/Content/ParagonGideon/FX/Materials/Functions/MF_CameraDistanceFade.uasset" 4162
"D:/unreal_project/Baiguizhen/Content/ParagonGideon/FX/Textures/Smoke/T_FluidSmoke_04.uasset" 4163
"D:/unreal_project/Baiguizhen/Content/ParagonGideon/FX/Textures/Smoke/T_FluidSmoke_04_Depth.uasset" 4164
"D:/unreal_project/Baiguizhen/Content/ParagonGideon/FX/Textures/Smoke/T_FluidSmoke_04_N.uasset" 4165
"D:/unreal_project/Baiguizhen/Content/ParagonGideon/FX/Textures/Smoke/T_TilingClouds_01.uasset" 4166
"../../../Engine/Content/Functions/Engine_MaterialFunctions01/WorldPositionOffset/SplineThicken.uasset" 4167
"../../../Engine/Content/Functions/Engine_MaterialFunctions02/Math/CreateThirdOrthogonalVector.uasset" 4168
"../../../Engine/Content/Functions/Engine_MaterialFunctions02/TangentBasis.uasset" 4169
"../../../Engine/Content/Functions/Engine_MaterialFunctions02/Utility/BlendAngleCorrectedNormals.uasset" 4170
"../../../Engine/Content/Functions/Engine_MaterialFunctions02/Utility/DebugTimeSine.uasset" 4171
"D:/unreal_project/Baiguizhen/Content/ParagonGideon/FX/Textures/trails/T_Silky_Smoke_Trail.uasset" 4172
"D:/unreal_project/Baiguizhen/Content/ParagonGideon/FX/Textures/trails/T_Smoke_Trail_Soft.uasset" 4173
"D:/unreal_project/Baiguizhen/Content/ParagonGideon/FX/Textures/trails/T_Trail_Mask.uasset" 4174
"D:/unreal_project/Baiguizhen/Content/ParagonGideon/FX/Textures/Energy/T_Plasma_Wisps.uasset" 4175
"D:/unreal_project/Baiguizhen/Content/ParagonGideon/FX/Textures/Energy/T_Plasma_Wisps_N.uasset" 4176
"D:/unreal_project/Baiguizhen/Content/ParagonGideon/FX/Materials/Functions/MF_DitheredRefraction.uasset" 4177
"D:/unreal_project/Baiguizhen/Content/ParagonGideon/FX/Textures/Flares/T_Flare_Spikeball.uasset" 4178
"D:/unreal_project/Baiguizhen/Content/ParagonGideon/FX/Textures/Masks/T_Radial_Burst.uasset" 4179
"D:/unreal_project/Baiguizhen/Content/ParagonGideon/FX/Textures/NormalShapes/T_Radial_Refraction_Blur_N.uasset" 4180
"../../../Engine/Content/Functions/Engine_MaterialFunctions01/ImageAdjustment/DeriveHDRfromLDR.uasset" 4181
"D:/unreal_project/Baiguizhen/Content/ParagonGideon/FX/Textures/Sparks/T_Spark_Soft.uasset" 4182
"D:/unreal_project/Baiguizhen/Content/ParagonGideon/FX/Materials/Heroes/M_Spark_VelocityLerp_TeamColor.uasset" 4183
"D:/unreal_project/Baiguizhen/Content/ParagonGideon/FX/Materials/Heroes/Gideon/M_Wisp_SplineThicken_Small.uasset" 4184
"D:/unreal_project/Baiguizhen/Content/ParagonGideon/FX/Textures/Flares/T_Lensflare_02.uasset" 4185
"D:/unreal_project/Baiguizhen/Content/ParagonGideon/FX/Materials/Functions/MF_FadeBasedOnViewAngle.uasset" 4186
"D:/unreal_project/Baiguizhen/Content/ParagonGideon/FX/Textures/Gradients/Masks/T_Burden_Ribbon_M.uasset" 4187
"D:/unreal_project/Baiguizhen/Content/ParagonGideon/FX/Textures/Gradients/Masks/T_Portal_Gradient_02_M.uasset" 4188
"D:/unreal_project/Baiguizhen/Content/ParagonGideon/FX/Textures/Tile/Noise/T_Inky_Smoke_Tile.uasset" 4189
"../../../Engine/Content/Functions/Engine_MaterialFunctions01/Gradient/LinearGradient.uasset" 4190
"../../../Engine/Content/Functions/Engine_MaterialFunctions01/ImageAdjustment/CheapContrast.uasset" 4191
"../../../Engine/Content/Functions/Engine_MaterialFunctions01/Texturing/WorldAlignedTexture.uasset" 4192
"D:/unreal_project/Baiguizhen/Content/ParagonGideon/FX/Textures/Tile/Noise/T_Soft_Noise.uasset" 4193
"D:/unreal_project/Baiguizhen/Content/ParagonGideon/FX/Materials/Functions/MF_FX_NearCameraFade.uasset" 4194
"../../../Engine/Content/VREditor/BasicMeshes/T_CleanFloorGrunge_01_D.uasset" 4195
"D:/unreal_project/Baiguizhen/Content/ParagonGideon/FX/Textures/Flares/T_Glow_Sphere_Soft.uasset" 4196
"D:/unreal_project/Baiguizhen/Content/ParagonGideon/FX/Textures/Masks/T_TankMoteNoise.uasset" 4197
"D:/unreal_project/Baiguizhen/Content/ParagonGideon/FX/Textures/Sparks/T_StretchSpark_01.uasset" 4198
"/Game/Enemy/AI/EQS/EQS_Strafe" 4199
"/Game/Weapons/BP/BP_Weapon_Sword" 4200
"/Game/Enemy/Enemy_Melee/Anim/ABP_Enemy_Melee" 4201
"/Game/UltraDynamicSky/Materials/Material_Functions/Map_Cloud_Textures" 4202
"D:/unreal_project/Baiguizhen/Content/UltraDynamicSky/Materials/Material_Functions/Cloud_Wisps.uasset" 4203
"D:/unreal_project/Baiguizhen/Content/UltraDynamicSky/Materials/Material_Functions/Composite_Cloud_Layers.uasset" 4204
"D:/unreal_project/Baiguizhen/Content/UltraDynamicSky/Materials/Material_Functions/Scale_Radial_Gradient_Around_White.uasset" 4205
"D:/unreal_project/Baiguizhen/Content/UltraDynamicSky/Materials/Material_Functions/Cloud_UVs.uasset" 4206
"D:/unreal_project/Baiguizhen/Content/UltraDynamicSky/Materials/Material_Functions/SC_DirectionalScattering.uasset" 4207
"/Game/UltraDynamicSky/Materials/Material_Functions/Filter_Clouds" 4208
"/Game/UltraDynamicSky/Materials/Material_Functions/Cloud_Distribution" 4209
"D:/unreal_project/Baiguizhen/Content/UltraDynamicSky/Materials/Material_Functions/Moon_Centered_Gradient.uasset" 4210
"D:/unreal_project/Baiguizhen/Content/UltraDynamicSky/Materials/Material_Functions/Sun_Centered_Gradient.uasset" 4211
"/Game/UltraDynamicSky/Materials/Material_Functions/Contrast_Control" 4212
"/Game/UltraDynamicSky/Materials/Material_Functions/Moon" 4213
"/Game/UltraDynamicSky/Materials/Material_Functions/Scale_Intensity_Around_Sun" 4214
"/Game/UltraDynamicSky/Materials/Material_Functions/Sky_Material_Ambient_Fog" 4215
"/Game/UltraDynamicSky/Materials/Material_Functions/Stars" 4216
"/Game/UltraDynamicSky/Materials/Material_Functions/Tiling_Stars_UVs" 4217
"../../../Engine/Content/Functions/Engine_MaterialFunctions02/Texturing/CustomRotator.uasset" 4218
"/Game/Enemy/Enemy_Melee/BP_Enemy_Melee" 4219
"/Game/UltraDynamicSky/Materials/Material_Functions/Scale_Radial_Gradient_Around_White" 4220
"D:/unreal_project/Baiguizhen/Content/UltraDynamicSky/Materials/Weather/Post_Process_Wind_Fog.uasset" 4221
"D:/unreal_project/Baiguizhen/Content/UltraDynamicSky/Materials/Material_Functions/Shading_Gradients.uasset" 4222
"D:/unreal_project/Baiguizhen/Content/UltraDynamicSky/Materials/Overcast_Turbulence.uasset" 4223
"D:/unreal_project/Baiguizhen/Content/UltraDynamicSky/Materials/Ultra_Dynamic_Sky_Mat.uasset" 4224
"D:/unreal_project/Baiguizhen/Content/UltraDynamicSky/Materials/Volumetric_Clouds.uasset" 4225
"D:/unreal_project/Baiguizhen/Content/UltraDynamicSky/Materials/Material_Instances/Volumetric_Clouds_default.uasset" 4226
"D:/unreal_project/Baiguizhen/Content/UltraDynamicSky/Materials/Material_Instances/UDS_K.uasset" 4227
"D:/unreal_project/Baiguizhen/Content/UltraDynamicSky/Materials/Material_Functions/Aurora.uasset" 4228
"D:/unreal_project/Baiguizhen/Content/UltraDynamicSky/Materials/Material_Functions/Base_Sky_Color.uasset" 4229
"D:/unreal_project/Baiguizhen/Content/UltraDynamicSky/Materials/Material_Instances/Volumetric_Clouds_default_S.uasset" 4230
"D:/unreal_project/Baiguizhen/Content/UltraDynamicSky/Materials/Material_Instances/UDS_Default.uasset" 4231
"D:/unreal_project/Baiguizhen/Content/UltraDynamicSky/Materials/Material_Functions/Volumetric_Clouds_Extinction.uasset" 4232
"D:/unreal_project/Baiguizhen/Content/UltraDynamicSky/Textures/Sky/Black.uasset" 4233
"D:/unreal_project/Baiguizhen/Content/UltraDynamicSky/Textures/Sky/Caustic_Pattern.uasset" 4234
"D:/unreal_project/Baiguizhen/Content/UltraDynamicSky/Materials/Volumetric_Cloud_Shadows.uasset" 4235
"D:/unreal_project/Baiguizhen/Content/UltraDynamicSky/Materials/Material_Functions/Volumetric_Cloud_Shadows_MF.uasset" 4236
"D:/unreal_project/Baiguizhen/Content/UltraDynamicSky/Sound/Rain/LightRain_4.uasset" 4237
"D:/unreal_project/Baiguizhen/Content/UltraDynamicSky/Materials/Material_Functions/Caustic_Refraction_Light.uasset" 4238
"D:/unreal_project/Baiguizhen/Content/UltraDynamicSky/Materials/Material_Functions/Volumetric_Clouds_Conservative_Density.uasset" 4239
"D:/unreal_project/Baiguizhen/Content/UltraDynamicSky/Sound/Rain/LightRain_2.uasset" 4240
"D:/unreal_project/Baiguizhen/Content/UltraDynamicSky/Sound/Rain/LightRain_1.uasset" 4241
"D:/unreal_project/Baiguizhen/Content/UltraDynamicSky/Sound/Rain/LightRain_3.uasset" 4242
"/Game/UltraDynamicSky/Materials/Material_Functions/SC_DirectionalScattering" 4243
"/Game/UltraDynamicSky/Materials/Material_Functions/Cloud_UVs" 4244
"/Game/UltraDynamicSky/Materials/Material_Functions/Cloud_Wisps" 4245
"/Game/UltraDynamicSky/Sound/Rain/LightRain_1" 4246
"D:/unreal_project/Baiguizhen/Content/UltraDynamicSky/Sound/Rain/MediumRain_1.uasset" 4247
"D:/unreal_project/Baiguizhen/Content/UltraDynamicSky/Sound/Rain/MediumRain_4.uasset" 4248
"D:/unreal_project/Baiguizhen/Content/UltraDynamicSky/Sound/Rain/MediumRain_2.uasset" 4249
"D:/unreal_project/Baiguizhen/Content/UltraDynamicSky/Sound/Rain/MediumRain_3.uasset" 4250
"D:/unreal_project/Baiguizhen/Content/UltraDynamicSky/Sound/UDS_Weather.uasset" 4251
"/Game/UltraDynamicSky/Sound/Rain/LightRain_2" 4252
"/Game/UltraDynamicSky/Sound/Rain/LightRain_3" 4253
"/Game/UltraDynamicSky/Materials/Material_Functions/Cloud_Layer" 4254
"/Game/UltraDynamicSky/Sound/Rain/LightRain_4" 4255
"/Game/UltraDynamicSky/Materials/Volumetric_Cloud_Shadows" 4256
"D:/unreal_project/Baiguizhen/Content/UltraDynamicSky/Textures/Volumetric_Clouds/Cloud_Profile.uasset" 4257
"/Game/UltraDynamicSky/Materials/Material_Functions/Composite_Static_Clouds" 4258
"/Game/UltraDynamicSky/Materials/Overcast_Turbulence" 4259
"/Game/UltraDynamicSky/Materials/Weather/Post_Process_Wind_Fog" 4260
"D:/unreal_project/Baiguizhen/Content/UltraDynamicSky/Textures/3D_Clouds/3D_Cells_32.uasset" 4261
"D:/unreal_project/Baiguizhen/Content/UltraDynamicSky/Textures/3D_Clouds/3D_Cells_64.uasset" 4262
"D:/unreal_project/Baiguizhen/Content/UltraDynamicSky/Textures/3D_Clouds/3DCells_128.uasset" 4263
"D:/unreal_project/Baiguizhen/Content/UltraDynamicSky/Textures/3D_Clouds/3D_Cells_32_Sheet.uasset" 4264
"D:/unreal_project/Baiguizhen/Content/UltraDynamicSky/Textures/3D_Clouds/3DCells_64_Sheet.uasset" 4265
"D:/unreal_project/Baiguizhen/Content/UltraDynamicSky/Textures/3D_Clouds/3DCells_128_Sheet.uasset" 4266
"/Game/UltraDynamicSky/Materials/Material_Functions/Sun_Disk" 4267
"/Game/UltraDynamicSky/Materials/Material_Instances/Volumetric_Clouds_default_S" 4268
"D:/unreal_project/Baiguizhen/Content/UltraDynamicSky/Textures/Clouds/clouds_diverse.uasset" 4269
"/Game/UltraDynamicSky/Materials/Material_Instances/UDS_K" 4270
"/Game/UltraDynamicSky/Sound/Rain/MediumRain_1" 4271
"D:/unreal_project/Baiguizhen/Content/UltraDynamicSky/Sound/Close_Thunder/CloseThunder_6.uasset" 4272
"D:/unreal_project/Baiguizhen/Content/UltraDynamicSky/Sound/Rain/RainHit_3.uasset" 4273
"D:/unreal_project/Baiguizhen/Content/UltraDynamicSky/Sound/Rain/RainHit_1.uasset" 4274
"D:/unreal_project/Baiguizhen/Content/UltraDynamicSky/Sound/Rain/RainHit_2.uasset" 4275
"D:/unreal_project/Baiguizhen/Content/UltraDynamicSky/Sound/MetaSounds/UDS_Rain_Loop.uasset" 4276
"D:/unreal_project/Baiguizhen/Content/UltraDynamicSky/Sound/MetaSounds/UDS_Stereo_Panning_and_Occlusion.uasset" 4277
"D:/unreal_project/Baiguizhen/Content/UltraDynamicSky/Sound/MetaSounds/UDS_Directional_WeatherSounds.uasset" 4278
"D:/unreal_project/Baiguizhen/Content/UltraDynamicSky/Sound/MetaSounds/UDS_Wind_Loop.uasset" 4279
"D:/unreal_project/Baiguizhen/Content/UltraDynamicSky/Sound/Wind/BrownianNoise_4.uasset" 4280
"D:/unreal_project/Baiguizhen/Content/UltraDynamicSky/Sound/Wind/BrownianNoise_1.uasset" 4281
"D:/unreal_project/Baiguizhen/Content/UltraDynamicSky/Sound/Wind/BrownianNoise_2.uasset" 4282
"D:/unreal_project/Baiguizhen/Content/UltraDynamicSky/Sound/Wind/BrownianNoise_3.uasset" 4283
"D:/unreal_project/Baiguizhen/Content/UltraDynamicSky/Sound/Close_Thunder/CloseThunder_5.uasset" 4284
"D:/unreal_project/Baiguizhen/Content/UltraDynamicSky/Sound/Close_Thunder/CloseThunder_4.uasset" 4285
"D:/unreal_project/Baiguizhen/Content/UltraDynamicSky/Sound/Close_Thunder/CloseThunder_3.uasset" 4286
"D:/unreal_project/Baiguizhen/Content/UltraDynamicSky/Sound/MetaSounds/UDS_Close_Thunder.uasset" 4287
"D:/unreal_project/Baiguizhen/Content/UltraDynamicSky/Sound/Close_Thunder/CloseThunder_2.uasset" 4288
"D:/unreal_project/Baiguizhen/Content/UltraDynamicSky/Sound/Close_Thunder/CloseThunder_1.uasset" 4289
"D:/unreal_project/Baiguizhen/Content/UltraDynamicSky/Sound/Distant_Thunder/DistantThunder_10.uasset" 4290
"D:/unreal_project/Baiguizhen/Content/UltraDynamicSky/Sound/Distant_Thunder/DistantThunder_11.uasset" 4291
"D:/unreal_project/Baiguizhen/Content/UltraDynamicSky/Sound/Distant_Thunder/DistantThunder_9.uasset" 4292
"D:/unreal_project/Baiguizhen/Content/UltraDynamicSky/Sound/Distant_Thunder/DistantThunder_7.uasset" 4293
"D:/unreal_project/Baiguizhen/Content/UltraDynamicSky/Sound/Distant_Thunder/DistantThunder_8.uasset" 4294
"D:/unreal_project/Baiguizhen/Content/UltraDynamicSky/Sound/Distant_Thunder/DistantThunder_6.uasset" 4295
"D:/unreal_project/Baiguizhen/Content/UltraDynamicSky/Sound/Distant_Thunder/DistantThunder_5.uasset" 4296
"D:/unreal_project/Baiguizhen/Content/UltraDynamicSky/Sound/Distant_Thunder/DistantThunder_4.uasset" 4297
"D:/unreal_project/Baiguizhen/Content/UltraDynamicSky/Sound/Distant_Thunder/DistantThunder_2.uasset" 4298
"D:/unreal_project/Baiguizhen/Content/UltraDynamicSky/Sound/Distant_Thunder/DistantThunder_3.uasset" 4299
"/Game/UltraDynamicSky/Sound/Rain/MediumRain_2" 4300
"/Game/UltraDynamicSky/Sound/Rain/MediumRain_3" 4301
"/Game/UltraDynamicSky/Sound/Rain/MediumRain_4" 4302
"../../../Engine/Content/EngineSounds/Normal_Attack.uasset" 4303
"../../../Engine/Content/EngineSounds/Duck_Normal_Attack_MixMod.uasset" 4304
"../../../Engine/Content/EngineSounds/Special_Attack_PSM.uasset" 4305
"../../../Engine/Content/EngineSounds/Master.uasset" 4306
"/Game/UltraDynamicSky/Sound/Distant_Thunder/DistantThunder_2" 4307
"../../../Engine/Content/EngineSounds/SFX.uasset" 4308
"/Game/UltraDynamicSky/Sound/Distant_Thunder/DistantThunder_3" 4309
"/Game/UltraDynamicSky/Sound/Distant_Thunder/DistantThunder_4" 4310
"/Game/UltraDynamicSky/Sound/Distant_Thunder/DistantThunder_5" 4311
"/Game/UltraDynamicSky/Sound/Distant_Thunder/DistantThunder_6" 4312
"/Game/UltraDynamicSky/Sound/Distant_Thunder/DistantThunder_7" 4313
"/Game/UltraDynamicSky/Sound/Distant_Thunder/DistantThunder_8" 4314
"/Game/UltraDynamicSky/Sound/Distant_Thunder/DistantThunder_9" 4315
"/Game/UltraDynamicSky/Sound/Distant_Thunder/DistantThunder_10" 4316
"/Game/UltraDynamicSky/Sound/Distant_Thunder/DistantThunder_11" 4317
"/Game/UltraDynamicSky/Sound/MetaSounds/UDS_Close_Thunder" 4318
"/Game/UltraDynamicSky/Sound/MetaSounds/UDS_Directional_WeatherSounds" 4319
"D:/unreal_project/Baiguizhen/Content/UltraDynamicSky/Sound/Distant_Thunder/DistantThunder_1.uasset" 4320
"D:/unreal_project/Baiguizhen/Content/UltraDynamicSky/Sound/MetaSounds/UDS_Distant_Thunder_Loop.uasset" 4321
"D:/unreal_project/Baiguizhen/Content/UltraDynamicSky/Sound/Wind/Wind_Whistling.uasset" 4322
"D:/unreal_project/Baiguizhen/Content/UltraDynamicSky/Sound/MetaSounds/UDS_Global_WeatherSounds.uasset" 4323
"D:/unreal_project/Baiguizhen/Content/UltraDynamicSky/Textures/Sky/Moon_PhaseNormal.uasset" 4324
"D:/unreal_project/Baiguizhen/Content/UltraDynamicSky/Textures/Sky/Moon_Color.uasset" 4325
"D:/unreal_project/Baiguizhen/Content/UltraDynamicSky/Textures/Sky/Tiling_Stars.uasset" 4326
"D:/unreal_project/Baiguizhen/Content/Mesh_???/?????_BezierCurve_001.uasset" 4327
"D:/unreal_project/Baiguizhen/Content/Mesh_???/?????_BezierCurve_002.uasset" 4328
"D:/unreal_project/Baiguizhen/Content/Mesh_???/?????_BezierCurve_004.uasset" 4329
"D:/unreal_project/Baiguizhen/Content/Mesh_???/?????_BezierCurve_003.uasset" 4330
"D:/unreal_project/Baiguizhen/Content/Mesh_???/?????_BezierCurve.uasset" 4331
"D:/unreal_project/Baiguizhen/Content/Mesh_???/?????_BezierCurve_006.uasset" 4332
"D:/unreal_project/Baiguizhen/Content/Mesh_???/?????_BezierCurve_005.uasset" 4333
"D:/unreal_project/Baiguizhen/Content/Mesh_???/?????_BezierCurve_007.uasset" 4334
"D:/unreal_project/Baiguizhen/Content/Mesh_???/?????_BezierCurve_008.uasset" 4335
"D:/unreal_project/Baiguizhen/Content/Mesh_???/?????_BezierCurve_009.uasset" 4336
"D:/unreal_project/Baiguizhen/Content/Mesh_???/?????_BezierCurve_011.uasset" 4337
"D:/unreal_project/Baiguizhen/Content/Mesh_???/?????_BezierCurve_010.uasset" 4338
"D:/unreal_project/Baiguizhen/Content/Mesh_???/?????_BezierCurve_012.uasset" 4339
"D:/unreal_project/Baiguizhen/Content/Mesh_???/?????_BezierCurve_013.uasset" 4340
"D:/unreal_project/Baiguizhen/Content/Mesh_???/?????_Circle_001.uasset" 4341
"D:/unreal_project/Baiguizhen/Content/Mesh_???/?????_Circle_002.uasset" 4342
"D:/unreal_project/Baiguizhen/Content/Mesh_???/?????_Cube_001.uasset" 4343
"D:/unreal_project/Baiguizhen/Content/Mesh_???/?????_Circle_003.uasset" 4344
"D:/unreal_project/Baiguizhen/Content/Mesh_???/?????_Cube_002.uasset" 4345
"D:/unreal_project/Baiguizhen/Content/Mesh_???/?????_Cube_003.uasset" 4346
"D:/unreal_project/Baiguizhen/Content/Mesh_???/?????_Cube_004.uasset" 4347
"D:/unreal_project/Baiguizhen/Content/Mesh_???/?????_Cube_005.uasset" 4348
"/Game/Mesh_???/?????_Cube_005" 4349
"D:/unreal_project/Baiguizhen/Content/Mesh_???/?????_Cube_006.uasset" 4350
"D:/unreal_project/Baiguizhen/Content/Mesh_???/?????_Cube_007.uasset" 4351
"D:/unreal_project/Baiguizhen/Content/Mesh_???/?????_Cube_008.uasset" 4352
"/Game/Mesh_???/?????_Cube_004" 4353
"/Game/Mesh_???/?????_Cube_003" 4354
"/Game/Mesh_???/?????_Cube_002" 4355
"/Game/Mesh_???/?????_Cube_001" 4356
"/Game/Mesh_???/?????_Circle_001" 4357
"/Game/Mesh_???/?????_BezierCurve_013" 4358
"/Game/Mesh_???/?????_BezierCurve_012" 4359
"/Game/Mesh_???/?????_Circle_003" 4360
"/Game/Mesh_???/?????_Circle_002" 4361
"/Game/Mesh_???/?????_BezierCurve_011" 4362
"/Game/Mesh_???/?????_BezierCurve_010" 4363
"/Game/Mesh_???/?????_BezierCurve_009" 4364
"/Game/Mesh_???/?????_BezierCurve_008" 4365
"/Game/Mesh_???/?????_BezierCurve_007" 4366
"/Game/Mesh_???/?????_BezierCurve_006" 4367
"/Game/Mesh_???/?????_BezierCurve_005" 4368
"/Game/Mesh_???/?????_BezierCurve_004" 4369
"/Game/Mesh_???/?????_BezierCurve_003" 4370
"/Game/Mesh_???/?????_BezierCurve_002" 4371
"/Game/Mesh_???/?????_BezierCurve_001" 4372
"/Game/Mesh_???/?????_BezierCurve" 4373
"/Game/UltraDynamicSky/Textures/Sky/Tiling_Stars" 4374
"/Game/UltraDynamicSky/Textures/Sky/Moon_PhaseNormal" 4375
"/Game/UltraDynamicSky/Textures/Sky/Moon_Color" 4376
"/Game/UltraDynamicSky/Sound/MetaSounds/UDS_Global_WeatherSounds" 4377
"/Game/Mesh_???/?????_Cube_008" 4378
"D:/unreal_project/Baiguizhen/Content/Mesh_???/?????_Cube_009.uasset" 4379
"D:/unreal_project/Baiguizhen/Content/Mesh_???/?????_Cube_012.uasset" 4380
"D:/unreal_project/Baiguizhen/Content/Mesh_???/?????_Cube_011.uasset" 4381
"D:/unreal_project/Baiguizhen/Content/Mesh_???/?????_Cube_013.uasset" 4382
"D:/unreal_project/Baiguizhen/Content/Mesh_???/?????_Cube_015.uasset" 4383
"D:/unreal_project/Baiguizhen/Content/Mesh_???/?????_Cube_014.uasset" 4384
"D:/unreal_project/Baiguizhen/Content/Mesh_???/?????_Cube_019.uasset" 4385
"D:/unreal_project/Baiguizhen/Content/Mesh_???/?????_Cube_020.uasset" 4386
"D:/unreal_project/Baiguizhen/Content/Mesh_???/?????_Cube_018.uasset" 4387
"D:/unreal_project/Baiguizhen/Content/Mesh_???/?????_Cube_017.uasset" 4388
"D:/unreal_project/Baiguizhen/Content/Mesh_???/?????_Cube_021.uasset" 4389
"D:/unreal_project/Baiguizhen/Content/Mesh_???/?????_Cube_016.uasset" 4390
"D:/unreal_project/Baiguizhen/Content/Mesh_???/?????_Cube_023.uasset" 4391
"D:/unreal_project/Baiguizhen/Content/Mesh_???/?????_Cube_022.uasset" 4392
"D:/unreal_project/Baiguizhen/Content/Mesh_???/?????_Cube_024.uasset" 4393
"D:/unreal_project/Baiguizhen/Content/Mesh_???/?????_Cube_025.uasset" 4394
"D:/unreal_project/Baiguizhen/Content/Mesh_???/?????_Cube_027.uasset" 4395
"D:/unreal_project/Baiguizhen/Content/Mesh_???/?????_Cube_028.uasset" 4396
"D:/unreal_project/Baiguizhen/Content/Mesh_???/?????_Cube_030.uasset" 4397
"D:/unreal_project/Baiguizhen/Content/Mesh_???/?????_Cube_029.uasset" 4398
"D:/unreal_project/Baiguizhen/Content/Mesh_???/?????_Cube_032.uasset" 4399
"D:/unreal_project/Baiguizhen/Content/Mesh_???/?????_Cube_031.uasset" 4400
"D:/unreal_project/Baiguizhen/Content/Mesh_???/?????_Cube_034.uasset" 4401
"/Game/Mesh_???/?????_Cube_007" 4402
"D:/unreal_project/Baiguizhen/Content/Mesh_???/?????_Cube_037.uasset" 4403
"D:/unreal_project/Baiguizhen/Content/Mesh_???/?????_Cube_038.uasset" 4404
"D:/unreal_project/Baiguizhen/Content/Mesh_???/?????_Cube_039.uasset" 4405
"D:/unreal_project/Baiguizhen/Content/Mesh_???/?????_Cube_042.uasset" 4406
"D:/unreal_project/Baiguizhen/Content/Mesh_???/?????_Cube_041.uasset" 4407
"D:/unreal_project/Baiguizhen/Content/Mesh_???/?????_Cube_026.uasset" 4408
"/Game/Mesh_???/?????_Cube_006" 4409
"/Game/Mesh_???/?????_Cube_042" 4410
"D:/unreal_project/Baiguizhen/Content/Mesh_???/?????_Cube_045.uasset" 4411
"D:/unreal_project/Baiguizhen/Content/Mesh_???/?????_Cube_043.uasset" 4412
"D:/unreal_project/Baiguizhen/Content/Mesh_???/?????_Cube_044.uasset" 4413
"/Game/Mesh_???/?????_Cube_041" 4414
"/Game/Mesh_???/?????_Cube_039" 4415
"/Game/Mesh_???/?????_Cube_038" 4416
"/Game/Mesh_???/?????_Cube_037" 4417
"/Game/Mesh_???/?????_Cube_034" 4418
"/Game/Mesh_???/?????_Cube_032" 4419
"/Game/Mesh_???/?????_Cube_031" 4420
"/Game/Mesh_???/?????_Cube_030" 4421
"/Game/Mesh_???/?????_Cube_029" 4422
"/Game/Mesh_???/?????_Cube_028" 4423
"/Game/Mesh_???/?????_Cube_027" 4424
"/Game/Mesh_???/?????_Cube_026" 4425
"/Game/Mesh_???/?????_Cube_025" 4426
"/Game/Mesh_???/?????_Cube_024" 4427
"/Game/Mesh_???/?????_Cube_023" 4428
"/Game/Mesh_???/?????_Cube_022" 4429
"/Game/Mesh_???/?????_Cube_021" 4430
"/Game/Mesh_???/?????_Cube_020" 4431
"/Game/Mesh_???/?????_Cube_019" 4432
"/Game/Mesh_???/?????_Cube_018" 4433
"/Game/Mesh_???/?????_Cube_017" 4434
"/Game/Mesh_???/?????_Cube_016" 4435
"/Game/Mesh_???/?????_Cube_015" 4436
"/Game/Mesh_???/?????_Cube_014" 4437
"/Game/Mesh_???/?????_Cube_013" 4438
"/Game/Mesh_???/?????_Cube_012" 4439
"/Game/Mesh_???/?????_Cube_011" 4440
"/Game/Mesh_???/?????_Cube_009" 4441
"/Game/Mesh_???/?????_Cube_045" 4442
"D:/unreal_project/Baiguizhen/Content/Mesh_???/?????_Cube_047.uasset" 4443
"D:/unreal_project/Baiguizhen/Content/Mesh_???/?????_Cube_048.uasset" 4444
"D:/unreal_project/Baiguizhen/Content/Mesh_???/?????_Cube_049.uasset" 4445
"D:/unreal_project/Baiguizhen/Content/Mesh_???/?????_Cube_050.uasset" 4446
"D:/unreal_project/Baiguizhen/Content/Mesh_???/?????_Cube_046.uasset" 4447
"D:/unreal_project/Baiguizhen/Content/Mesh_???/?????_Cube_051.uasset" 4448
"/Game/Mesh_???/?????_Cube_044" 4449
"D:/unreal_project/Baiguizhen/Content/Mesh_???/?????_Cube_062.uasset" 4450
"D:/unreal_project/Baiguizhen/Content/Mesh_???/?????_Cube_061.uasset" 4451
"D:/unreal_project/Baiguizhen/Content/Mesh_???/?????_Cube_063.uasset" 4452
"D:/unreal_project/Baiguizhen/Content/Mesh_???/?????_Cube_056.uasset" 4453
"D:/unreal_project/Baiguizhen/Content/Mesh_???/?????_Cube_064.uasset" 4454
"D:/unreal_project/Baiguizhen/Content/Mesh_???/?????_Cube_066.uasset" 4455
"D:/unreal_project/Baiguizhen/Content/Mesh_???/?????_Cube_067.uasset" 4456
"D:/unreal_project/Baiguizhen/Content/Mesh_???/?????_Cube_069.uasset" 4457
"/Game/Mesh_???/?????_Cube_043" 4458
"D:/unreal_project/Baiguizhen/Content/Mesh_???/?????_Cube_070.uasset" 4459
"D:/unreal_project/Baiguizhen/Content/Mesh_???/?????_Cube_072.uasset" 4460
"D:/unreal_project/Baiguizhen/Content/Mesh_???/?????_Cube_074.uasset" 4461
"D:/unreal_project/Baiguizhen/Content/Mesh_???/?????_Cube_073.uasset" 4462
"D:/unreal_project/Baiguizhen/Content/Mesh_???/?????_Cube_075.uasset" 4463
"D:/unreal_project/Baiguizhen/Content/Mesh_???/?????_Cube_076.uasset" 4464
"D:/unreal_project/Baiguizhen/Content/Mesh_???/?????_Cube_079.uasset" 4465
"D:/unreal_project/Baiguizhen/Content/Mesh_???/?????_Cube_077.uasset" 4466
"D:/unreal_project/Baiguizhen/Content/Mesh_???/?????_Cube_078.uasset" 4467
"D:/unreal_project/Baiguizhen/Content/Mesh_???/?????_Cube_080.uasset" 4468
"D:/unreal_project/Baiguizhen/Content/Mesh_???/?????_Cube_081.uasset" 4469
"D:/unreal_project/Baiguizhen/Content/Mesh_???/?????_Cube_082.uasset" 4470
"D:/unreal_project/Baiguizhen/Content/Mesh_???/?????_Cube_083.uasset" 4471
"D:/unreal_project/Baiguizhen/Content/Mesh_???/?????_Cube_084.uasset" 4472
"D:/unreal_project/Baiguizhen/Content/Mesh_???/?????_Cube_085.uasset" 4473
"/Game/Mesh_???/?????_Cube_085" 4474
"D:/unreal_project/Baiguizhen/Content/Mesh_???/?????_Cube_086.uasset" 4475
"D:/unreal_project/Baiguizhen/Content/Mesh_???/?????_Cube_087.uasset" 4476
"D:/unreal_project/Baiguizhen/Content/Mesh_???/?????_Cube_088.uasset" 4477
"/Game/Mesh_???/?????_Cube_084" 4478
"/Game/Mesh_???/?????_Cube_083" 4479
"/Game/Mesh_???/?????_Cube_082" 4480
"/Game/Mesh_???/?????_Cube_081" 4481
"/Game/Mesh_???/?????_Cube_080" 4482
"/Game/Mesh_???/?????_Cube_079" 4483
"/Game/Mesh_???/?????_Cube_078" 4484
"/Game/Mesh_???/?????_Cube_077" 4485
"/Game/Mesh_???/?????_Cube_076" 4486
"/Game/Mesh_???/?????_Cube_075" 4487
"/Game/Mesh_???/?????_Cube_074" 4488
"/Game/Mesh_???/?????_Cube_073" 4489
"/Game/Mesh_???/?????_Cube_072" 4490
"/Game/Mesh_???/?????_Cube_070" 4491
"/Game/Mesh_???/?????_Cube_069" 4492
"/Game/Mesh_???/?????_Cube_067" 4493
"/Game/Mesh_???/?????_Cube_066" 4494
"/Game/Mesh_???/?????_Cube_064" 4495
"/Game/Mesh_???/?????_Cube_063" 4496
"/Game/Mesh_???/?????_Cube_062" 4497
"/Game/Mesh_???/?????_Cube_061" 4498
"/Game/Mesh_???/?????_Cube_056" 4499
"/Game/Mesh_???/?????_Cube_051" 4500
"/Game/Mesh_???/?????_Cube_050" 4501
"/Game/Mesh_???/?????_Cube_049" 4502
"/Game/Mesh_???/?????_Cube_048" 4503
"/Game/Mesh_???/?????_Cube_047" 4504
"/Game/Mesh_???/?????_Cube_046" 4505
"/Game/Mesh_???/?????_Cube_088" 4506
"D:/unreal_project/Baiguizhen/Content/Mesh_???/?????_Cube_091.uasset" 4507
"D:/unreal_project/Baiguizhen/Content/Mesh_???/?????_Cube_089.uasset" 4508
"D:/unreal_project/Baiguizhen/Content/Mesh_???/?????_Cube_090.uasset" 4509
"D:/unreal_project/Baiguizhen/Content/Mesh_???/?????_Cube_093.uasset" 4510
"D:/unreal_project/Baiguizhen/Content/Mesh_???/?????_Cube_092.uasset" 4511
"D:/unreal_project/Baiguizhen/Content/Mesh_???/?????_Cube_166.uasset" 4512
"D:/unreal_project/Baiguizhen/Content/Mesh_???/?????_Cube_167.uasset" 4513
"D:/unreal_project/Baiguizhen/Content/Mesh_???/?????_Cube_165.uasset" 4514
"D:/unreal_project/Baiguizhen/Content/Mesh_???/?????_Cube_163.uasset" 4515
"/Game/Mesh_???/?????_Cube_087" 4516
"D:/unreal_project/Baiguizhen/Content/Mesh_???/?????_Cube_162.uasset" 4517
"D:/unreal_project/Baiguizhen/Content/Mesh_???/?????_Cube_168.uasset" 4518
"D:/unreal_project/Baiguizhen/Content/Mesh_???/?????_Cube_164.uasset" 4519
"D:/unreal_project/Baiguizhen/Content/Mesh_???/?????_Cube_161.uasset" 4520
"D:/unreal_project/Baiguizhen/Content/Mesh_???/?????_Cube_159.uasset" 4521
"D:/unreal_project/Baiguizhen/Content/Mesh_???/?????_Cube_158.uasset" 4522
"D:/unreal_project/Baiguizhen/Content/Mesh_???/?????_Cube_160.uasset" 4523
"/Game/Mesh_???/?????_Cube_086" 4524
"D:/unreal_project/Baiguizhen/Content/Mesh_???/?????_Cube_157.uasset" 4525
"D:/unreal_project/Baiguizhen/Content/Mesh_???/?????_Cube_156.uasset" 4526
"D:/unreal_project/Baiguizhen/Content/Mesh_???/?????_Cube_153.uasset" 4527
"D:/unreal_project/Baiguizhen/Content/Mesh_???/?????_Cube_154.uasset" 4528
"D:/unreal_project/Baiguizhen/Content/Mesh_???/?????_Cube_152.uasset" 4529
"D:/unreal_project/Baiguizhen/Content/Mesh_???/?????_Cube_150.uasset" 4530
"D:/unreal_project/Baiguizhen/Content/Mesh_???/?????_Cube_155.uasset" 4531
"D:/unreal_project/Baiguizhen/Content/Mesh_???/?????_Cube_149.uasset" 4532
"D:/unreal_project/Baiguizhen/Content/Mesh_???/?????_Cube_151.uasset" 4533
"D:/unreal_project/Baiguizhen/Content/Mesh_???/?????_Cube_148.uasset" 4534
"D:/unreal_project/Baiguizhen/Content/Mesh_???/?????_Cube_145.uasset" 4535
"D:/unreal_project/Baiguizhen/Content/Mesh_???/?????_Cube_146.uasset" 4536
"D:/unreal_project/Baiguizhen/Content/Mesh_???/?????_Cube_144.uasset" 4537
"/Game/Mesh_???/?????_Cube_144" 4538
"D:/unreal_project/Baiguizhen/Content/Mesh_???/?????_Cube_143.uasset" 4539
"D:/unreal_project/Baiguizhen/Content/Mesh_???/?????_Cube_141.uasset" 4540
"D:/unreal_project/Baiguizhen/Content/Mesh_???/?????_Cube_140.uasset" 4541
"/Game/Mesh_???/?????_Cube_145" 4542
"/Game/Mesh_???/?????_Cube_146" 4543
"/Game/Mesh_???/?????_Cube_148" 4544
"/Game/Mesh_???/?????_Cube_149" 4545
"/Game/Mesh_???/?????_Cube_150" 4546
"/Game/Mesh_???/?????_Cube_151" 4547
"/Game/Mesh_???/?????_Cube_152" 4548
"/Game/Mesh_???/?????_Cube_153" 4549
"/Game/Mesh_???/?????_Cube_154" 4550
"/Game/Mesh_???/?????_Cube_155" 4551
"/Game/Mesh_???/?????_Cube_156" 4552
"/Game/Mesh_???/?????_Cube_157" 4553
"/Game/Mesh_???/?????_Cube_158" 4554
"/Game/Mesh_???/?????_Cube_159" 4555
"/Game/Mesh_???/?????_Cube_160" 4556
"/Game/Mesh_???/?????_Cube_161" 4557
"/Game/Mesh_???/?????_Cube_162" 4558
"/Game/Mesh_???/?????_Cube_163" 4559
"/Game/Mesh_???/?????_Cube_164" 4560
"/Game/Mesh_???/?????_Cube_165" 4561
"/Game/Mesh_???/?????_Cube_166" 4562
"/Game/Mesh_???/?????_Cube_167" 4563
"/Game/Mesh_???/?????_Cube_168" 4564
"/Game/Mesh_???/?????_Cube_093" 4565
"/Game/Mesh_???/?????_Cube_092" 4566
"/Game/Mesh_???/?????_Cube_091" 4567
"/Game/Mesh_???/?????_Cube_090" 4568
"/Game/Mesh_???/?????_Cube_089" 4569
"/Game/Mesh_???/?????_Cube_140" 4570
"D:/unreal_project/Baiguizhen/Content/Mesh_???/?????_Cube_136.uasset" 4571
"D:/unreal_project/Baiguizhen/Content/Mesh_???/?????_Cube_139.uasset" 4572
"D:/unreal_project/Baiguizhen/Content/Mesh_???/?????_Cube_138.uasset" 4573
"D:/unreal_project/Baiguizhen/Content/Mesh_???/?????_Cube_131.uasset" 4574
"D:/unreal_project/Baiguizhen/Content/Mesh_???/?????_Cube_126.uasset" 4575
"D:/unreal_project/Baiguizhen/Content/Mesh_???/?????_Cube_129.uasset" 4576
"D:/unreal_project/Baiguizhen/Content/Mesh_???/?????_Cube_130.uasset" 4577
"D:/unreal_project/Baiguizhen/Content/Mesh_???/?????_Cube_128.uasset" 4578
"D:/unreal_project/Baiguizhen/Content/Mesh_???/?????_Cube_122.uasset" 4579
"D:/unreal_project/Baiguizhen/Content/Mesh_???/?????_Cube_125.uasset" 4580
"/Game/Mesh_???/?????_Cube_141" 4581
"D:/unreal_project/Baiguizhen/Content/Mesh_???/?????_Cube_137.uasset" 4582
"D:/unreal_project/Baiguizhen/Content/Mesh_???/?????_Cube_120.uasset" 4583
"D:/unreal_project/Baiguizhen/Content/Mesh_???/?????_Cube_127.uasset" 4584
"D:/unreal_project/Baiguizhen/Content/Mesh_???/?????_Cube_117.uasset" 4585
"D:/unreal_project/Baiguizhen/Content/Mesh_???/?????_Cube_116.uasset" 4586
"D:/unreal_project/Baiguizhen/Content/Mesh_???/?????_Cube_115.uasset" 4587
"D:/unreal_project/Baiguizhen/Content/Mesh_???/?????_Cube_113.uasset" 4588
"D:/unreal_project/Baiguizhen/Content/Mesh_???/?????_Cube_114.uasset" 4589
"D:/unreal_project/Baiguizhen/Content/Mesh_???/?????_Cube_109.uasset" 4590
"D:/unreal_project/Baiguizhen/Content/Mesh_???/?????_Cube_106.uasset" 4591
"D:/unreal_project/Baiguizhen/Content/Mesh_???/?????_Cube.uasset" 4592
"/Game/Mesh_???/?????_Cube_143" 4593
"D:/unreal_project/Baiguizhen/Content/Mesh_???/?????_Cylinder.uasset" 4594
"D:/unreal_project/Baiguizhen/Content/Mesh_???/?????_Cylinder_001.uasset" 4595
"D:/unreal_project/Baiguizhen/Content/Mesh_???/?????_Cylinder_002.uasset" 4596
"D:/unreal_project/Baiguizhen/Content/Mesh_???/?????_Cylinder_003.uasset" 4597
"D:/unreal_project/Baiguizhen/Content/Mesh_???/?????_Cylinder_004.uasset" 4598
"D:/unreal_project/Baiguizhen/Content/Mesh_???/?????_Cylinder_005.uasset" 4599
"D:/unreal_project/Baiguizhen/Content/Mesh_???/?????_Cylinder_007.uasset" 4600
"D:/unreal_project/Baiguizhen/Content/Mesh_???/?????_Cylinder_006.uasset" 4601
"D:/unreal_project/Baiguizhen/Content/Mesh_???/?????_Cylinder_008.uasset" 4602
"/Game/Mesh_???/?????_Cylinder_007" 4603
"D:/unreal_project/Baiguizhen/Content/Mesh_???/?????_Cylinder_009.uasset" 4604
"D:/unreal_project/Baiguizhen/Content/Mesh_???/?????_Cylinder_010.uasset" 4605
"/Game/Mesh_???/?????_Cylinder_006" 4606
"/Game/Mesh_???/?????_Cylinder_005" 4607
"/Game/Mesh_???/?????_Cylinder_004" 4608
"/Game/Mesh_???/?????_Cylinder_003" 4609
"/Game/Mesh_???/?????_Cylinder_002" 4610
"/Game/Mesh_???/?????_Cylinder_001" 4611
"/Game/Mesh_???/?????_Cylinder" 4612
"/Game/Mesh_???/?????_Cube" 4613
"/Game/Mesh_???/?????_Cube_106" 4614
"/Game/Mesh_???/?????_Cube_109" 4615
"/Game/Mesh_???/?????_Cube_113" 4616
"/Game/Mesh_???/?????_Cube_114" 4617
"/Game/Mesh_???/?????_Cube_115" 4618
"/Game/Mesh_???/?????_Cube_116" 4619
"/Game/Mesh_???/?????_Cube_117" 4620
"/Game/Mesh_???/?????_Cube_120" 4621
"/Game/Mesh_???/?????_Cube_122" 4622
"/Game/Mesh_???/?????_Cube_125" 4623
"/Game/Mesh_???/?????_Cube_126" 4624
"/Game/Mesh_???/?????_Cube_127" 4625
"/Game/Mesh_???/?????_Cube_128" 4626
"/Game/Mesh_???/?????_Cube_129" 4627
"/Game/Mesh_???/?????_Cube_130" 4628
"/Game/Mesh_???/?????_Cube_131" 4629
"/Game/Mesh_???/?????_Cube_136" 4630
"/Game/Mesh_???/?????_Cube_137" 4631
"/Game/Mesh_???/?????_Cube_138" 4632
"/Game/Mesh_???/?????_Cube_139" 4633
"/Game/Mesh_???/?????_Cylinder_010" 4634
"D:/unreal_project/Baiguizhen/Content/Mesh_???/?????_Cylinder_015.uasset" 4635
"D:/unreal_project/Baiguizhen/Content/Mesh_???/?????_Cylinder_013.uasset" 4636
"D:/unreal_project/Baiguizhen/Content/Mesh_???/?????_Cylinder_018.uasset" 4637
"D:/unreal_project/Baiguizhen/Content/Mesh_???/?????_Cylinder_014.uasset" 4638
"D:/unreal_project/Baiguizhen/Content/Mesh_???/?????_Cylinder_020.uasset" 4639
"D:/unreal_project/Baiguizhen/Content/Mesh_???/?????_Cylinder_017.uasset" 4640
"D:/unreal_project/Baiguizhen/Content/Mesh_???/?????_Cylinder_019.uasset" 4641
"D:/unreal_project/Baiguizhen/Content/Mesh_???/?????_Cylinder_012.uasset" 4642
"D:/unreal_project/Baiguizhen/Content/Mesh_???/?????_Cylinder_011.uasset" 4643
"D:/unreal_project/Baiguizhen/Content/Mesh_???/?????_Cylinder_022.uasset" 4644
"D:/unreal_project/Baiguizhen/Content/Mesh_???/?????_Cylinder_016.uasset" 4645
"D:/unreal_project/Baiguizhen/Content/Mesh_???/?????_Cylinder_021.uasset" 4646
"/Game/Mesh_???/?????_Cylinder_009" 4647
"D:/unreal_project/Baiguizhen/Content/Mesh_???/?????_Cylinder_023.uasset" 4648
"D:/unreal_project/Baiguizhen/Content/Mesh_???/?????_Cylinder_024.uasset" 4649
"D:/unreal_project/Baiguizhen/Content/Mesh_???/?????_Cylinder_025.uasset" 4650
"D:/unreal_project/Baiguizhen/Content/Mesh_???/?????_Cylinder_027.uasset" 4651
"D:/unreal_project/Baiguizhen/Content/Mesh_???/?????_Cylinder_026.uasset" 4652
"D:/unreal_project/Baiguizhen/Content/Mesh_???/?????_Cylinder_028.uasset" 4653
"D:/unreal_project/Baiguizhen/Content/Mesh_???/?????_Cylinder_029.uasset" 4654
"D:/unreal_project/Baiguizhen/Content/Mesh_???/?????_Cylinder_030.uasset" 4655
"D:/unreal_project/Baiguizhen/Content/Mesh_???/?????_Cylinder_032.uasset" 4656
"D:/unreal_project/Baiguizhen/Content/Mesh_???/?????_Cylinder_033.uasset" 4657
"D:/unreal_project/Baiguizhen/Content/Mesh_???/?????_Cylinder_031.uasset" 4658
"D:/unreal_project/Baiguizhen/Content/Mesh_???/?????_Cylinder_034.uasset" 4659
"D:/unreal_project/Baiguizhen/Content/Mesh_???/?????_Cylinder_035.uasset" 4660
"D:/unreal_project/Baiguizhen/Content/Mesh_???/?????_Cylinder_036.uasset" 4661
"D:/unreal_project/Baiguizhen/Content/Mesh_???/?????_Cylinder_037.uasset" 4662
"D:/unreal_project/Baiguizhen/Content/Mesh_???/?????_Cylinder_039.uasset" 4663
"D:/unreal_project/Baiguizhen/Content/Mesh_???/?????_Cylinder_038.uasset" 4664
"/Game/Mesh_???/?????_Cylinder_008" 4665
"/Game/Mesh_???/?????_Cylinder_039" 4666
"D:/unreal_project/Baiguizhen/Content/Mesh_???/?????_NurbsPath.uasset" 4667
"D:/unreal_project/Baiguizhen/Content/Mesh_???/?????_Plane_001.uasset" 4668
"D:/unreal_project/Baiguizhen/Content/Mesh_???/?????_Plane.uasset" 4669
"/Game/Mesh_???/?????_Cylinder_038" 4670
"/Game/Mesh_???/?????_Cylinder_037" 4671
"/Game/Mesh_???/?????_Cylinder_036" 4672
"/Game/Mesh_???/?????_Cylinder_035" 4673
"/Game/Mesh_???/?????_Cylinder_034" 4674
"/Game/Mesh_???/?????_Cylinder_033" 4675
"/Game/Mesh_???/?????_Cylinder_032" 4676
"/Game/Mesh_???/?????_Cylinder_031" 4677
"/Game/Mesh_???/?????_Cylinder_030" 4678
"/Game/Mesh_???/?????_Cylinder_029" 4679
"/Game/Mesh_???/?????_Cylinder_028" 4680
"/Game/Mesh_???/?????_Cylinder_027" 4681
"/Game/Mesh_???/?????_Cylinder_026" 4682
"/Game/Mesh_???/?????_Cylinder_025" 4683
"/Game/Mesh_???/?????_Cylinder_024" 4684
"/Game/Mesh_???/?????_Cylinder_023" 4685
"/Game/Mesh_???/?????_Cylinder_022" 4686
"/Game/Mesh_???/?????_Cylinder_021" 4687
"/Game/Mesh_???/?????_Cylinder_020" 4688
"/Game/Mesh_???/?????_Cylinder_019" 4689
"/Game/Mesh_???/?????_Cylinder_018" 4690
"/Game/Mesh_???/?????_Cylinder_017" 4691
"/Game/Mesh_???/?????_Cylinder_016" 4692
"/Game/Mesh_???/?????_Cylinder_015" 4693
"/Game/Mesh_???/?????_Cylinder_014" 4694
"/Game/Mesh_???/?????_Cylinder_013" 4695
"/Game/Mesh_???/?????_Cylinder_012" 4696
"/Game/Mesh_???/?????_Cylinder_011" 4697
"/Game/Mesh_???/?????_Plane_001" 4698
"D:/unreal_project/Baiguizhen/Content/Mesh_???/?????_Plane_003.uasset" 4699
"D:/unreal_project/Baiguizhen/Content/Mesh_???/?????_Plane_002.uasset" 4700
"D:/unreal_project/Baiguizhen/Content/Mesh_???/?????_Plane_007.uasset" 4701
"D:/unreal_project/Baiguizhen/Content/Mesh_???/?????_Plane_033.uasset" 4702
"D:/unreal_project/Baiguizhen/Content/Mesh_???/?????_Plane_008.uasset" 4703
"D:/unreal_project/Baiguizhen/Content/Mesh_???/?????_Plane_011.uasset" 4704
"D:/unreal_project/Baiguizhen/Content/Mesh_???/?????_Plane_010.uasset" 4705
"/Game/Mesh_???/?????_Plane" 4706
"D:/unreal_project/Baiguizhen/Content/Mesh_???/?????_Plane_004.uasset" 4707
"D:/unreal_project/Baiguizhen/Content/Mesh_???/?????_Plane_009.uasset" 4708
"D:/unreal_project/Baiguizhen/Content/Mesh_???/?????_Plane_005.uasset" 4709
"D:/unreal_project/Baiguizhen/Content/Mesh_???/?????_Plane_032.uasset" 4710
"D:/unreal_project/Baiguizhen/Content/Mesh_???/?????_Plane_006.uasset" 4711
"D:/unreal_project/Baiguizhen/Content/Mesh_???/?????_Plane_034.uasset" 4712
"D:/unreal_project/Baiguizhen/Content/Mesh_???/?????_Plane_035.uasset" 4713
"D:/unreal_project/Baiguizhen/Content/Input/AbilityInput/AbilityInputMapping.uasset" 4714
"D:/unreal_project/Baiguizhen/Content/Mesh_???/?????_Plane_036.uasset" 4715
"D:/unreal_project/Baiguizhen/Content/Mesh_???/?????_Plane_037.uasset" 4716
"D:/unreal_project/Baiguizhen/Content/Mesh_???/?????_Plane_044.uasset" 4717
"D:/unreal_project/Baiguizhen/Content/Input/NormalInput/NormalInputMapping.uasset" 4718
"D:/unreal_project/Baiguizhen/Content/Mesh_???/?????_Plane_045.uasset" 4719
"D:/unreal_project/Baiguizhen/Content/Mesh_???/?????_Plane_054.uasset" 4720
"D:/unreal_project/Baiguizhen/Content/Input/AbilityInput/IA_Defense.uasset" 4721
"D:/unreal_project/Baiguizhen/Content/Mesh_???/?????_Plane_046.uasset" 4722
"D:/unreal_project/Baiguizhen/Content/Mesh_???/?????_Plane_043.uasset" 4723
"D:/unreal_project/Baiguizhen/Content/Mesh_???/?????_Sphere.uasset" 4724
"D:/unreal_project/Baiguizhen/Content/Input/AbilityInput/IA_Dash.uasset" 4725
"/Game/Mesh_???/?????_NurbsPath" 4726
"D:/unreal_project/Baiguizhen/Content/Input/AbilityInput/IA_PowerAttack.uasset" 4727
"D:/unreal_project/Baiguizhen/Content/Input/AbilityInput/IA_RelaxAttack.uasset" 4728
"D:/unreal_project/Baiguizhen/Content/Mesh_???/?????_Plane_052.uasset" 4729
"/Game/Input/AbilityInput/IA_RelaxAttack" 4730
"D:/unreal_project/Baiguizhen/Content/Input/NormalInput/Look.uasset" 4731
"D:/unreal_project/Baiguizhen/Content/Input/NormalInput/Move.uasset" 4732
"D:/unreal_project/Baiguizhen/Content/Input/DA_InputDataAsset.uasset" 4733
"/Game/Input/AbilityInput/IA_PowerAttack" 4734
"/Game/Input/AbilityInput/IA_Dash" 4735
"/Game/Input/AbilityInput/AbilityInputMapping" 4736
"/Game/Mesh_???/?????_Sphere" 4737
"/Game/Mesh_???/?????_Plane_054" 4738
"/Game/Mesh_???/?????_Plane_052" 4739
"/Game/Mesh_???/?????_Plane_046" 4740
"/Game/Mesh_???/?????_Plane_045" 4741
"/Game/Mesh_???/?????_Plane_044" 4742
"/Game/Mesh_???/?????_Plane_043" 4743
"/Game/Mesh_???/?????_Plane_037" 4744
"/Game/Mesh_???/?????_Plane_036" 4745
"/Game/Mesh_???/?????_Plane_035" 4746
"/Game/Mesh_???/?????_Plane_034" 4747
"/Game/Mesh_???/?????_Plane_033" 4748
"/Game/Mesh_???/?????_Plane_032" 4749
"/Game/Mesh_???/?????_Plane_011" 4750
"/Game/Mesh_???/?????_Plane_010" 4751
"/Game/Mesh_???/?????_Plane_009" 4752
"/Game/Mesh_???/?????_Plane_008" 4753
"/Game/Mesh_???/?????_Plane_007" 4754
"/Game/Mesh_???/?????_Plane_006" 4755
"/Game/Mesh_???/?????_Plane_005" 4756
"/Game/Mesh_???/?????_Plane_004" 4757
"/Game/Mesh_???/?????_Plane_003" 4758
"/Game/Mesh_???/?????_Plane_002" 4759
"D:/unreal_project/Baiguizhen/Content/Katana_Animations/Animations/Sequence/10_Drink_Potion/AS_Drink_Potion_Seq.uasset" 4760
"D:/unreal_project/Baiguizhen/Content/Katana_Animations/Animations/Sequence/01_Idle/AS_Idle_Seq1.uasset" 4761
"D:/unreal_project/Baiguizhen/Content/Katana_Animations/Animations/Sequence/05_Jump/01_Jump/02_Jump_F_0/AS_Jump_Start_F_0_Seq.uasset" 4762
"D:/unreal_project/Baiguizhen/Content/AttributeDataTableFold/PlayerAttributeDT.uasset" 4763
"D:/unreal_project/Baiguizhen/Content/Katana_Animations/Animations/Sequence/04_Run/11_Run_Fast/AS_Run_Fast_Loop_SeqAdditive.uasset" 4764
"D:/unreal_project/Baiguizhen/Content/Katana_Animations/Animations/Sequence/05_Jump/01_Jump/01_Jump_0/AS_Jump_End_0_Seq.uasset" 4765
"D:/unreal_project/Baiguizhen/Content/Character/BP_ActionPlayerController.uasset" 4766
"D:/unreal_project/Baiguizhen/Content/Katana_Animations/Animations/Sequence/09_Turn/01_Turn/AS_Turn_90_L_Seq.uasset" 4767
"/Game/Input/NormalInput/NormalInputMapping" 4768
"D:/unreal_project/Baiguizhen/Content/Katana_Animations/Animations/Sequence/09_Turn/01_Turn/AS_Turn_180_R_Seq.uasset" 4769
"D:/unreal_project/Baiguizhen/Content/Katana_Animations/Animations/Sequence/09_Turn/01_Turn/AS_Turn_90_R_Seq.uasset" 4770
"D:/unreal_project/Baiguizhen/Content/Katana_Animations/Animations/Sequence/09_Turn/01_Turn/AS_Turn_180_L_Seq.uasset" 4771
"D:/unreal_project/Baiguizhen/Content/Character/Anim/AnimNotify/AM_RotationDelta.uasset" 4772
"D:/unreal_project/Baiguizhen/Content/Katana_Animations/Animations/Sequence/05_Jump/01_Jump/01_Jump_0/AS_Jump_Loop_0_Seq.uasset" 4773
"D:/unreal_project/Baiguizhen/Content/Katana_Animations/Animations/Sequence/04_Run/11_Run_Fast/AS_Run_Start_Fast_B_R_Seq.uasset" 4774
"D:/unreal_project/Baiguizhen/Content/Input/NormalInput/Aim.uasset" 4775
"D:/unreal_project/Baiguizhen/Content/Katana_Animations/Animations/Sequence/04_Run/11_Run_Fast/AS_Run_Fast_Turn_R_Seq.uasset" 4776
"D:/unreal_project/Baiguizhen/Content/Katana_Animations/Animations/Sequence/04_Run/11_Run_Fast/AS_Run_Start_Fast_B_L_Seq.uasset" 4777
"D:/unreal_project/Baiguizhen/Content/Character/Anim/AnimNotify/TransationToLocomotion.uasset" 4778
"D:/unreal_project/Baiguizhen/Content/Katana_Animations/Animations/Sequence/04_Run/11_Run_Fast/AS_Run_Start_Fast_L_Seq.uasset" 4779
"D:/unreal_project/Baiguizhen/Content/Character/Anim/AnimNotify/ANS_TurnInRun.uasset" 4780
"D:/unreal_project/Baiguizhen/Content/Katana_Animations/Animations/Sequence/04_Run/11_Run_Fast/AS_Run_Start_Fast_R_Seq.uasset" 4781
"D:/unreal_project/Baiguizhen/Content/Character/Anim/UniformIndexable.uasset" 4782
"D:/unreal_project/Baiguizhen/Content/Katana_Animations/Animations/Sequence/01_Idle/AS_Idle_Seq.uasset" 4783
"D:/unreal_project/Baiguizhen/Content/Katana_Animations/Animations/Sequence/04_Run/11_Run_Fast/AS_Run_Fast_Turn_L_Seq.uasset" 4784
"D:/unreal_project/Baiguizhen/Content/Katana_Animations/Animations/Sequence/04_Run/11_Run_Fast/AS_Run_Fast_Stop_Seq.uasset" 4785
"D:/unreal_project/Baiguizhen/Content/Katana_Animations/Animations/Sequence/04_Run/11_Run_Fast/AS_Run_Fast_Start_Seq.uasset" 4786
"D:/unreal_project/Baiguizhen/Content/Katana_Animations/Animations/Sequence/04_Run/11_Run_Fast/AS_Run_Fast_Lean_R_Loop_Seq.uasset" 4787
"D:/unreal_project/Baiguizhen/Content/Katana_Animations/Animations/Sequence/04_Run/11_Run_Fast/AS_Run_Fast_Loop_Seq.uasset" 4788
"D:/unreal_project/Baiguizhen/Content/Katana_Animations/Animations/Sequence/04_Run/11_Run_Fast/AS_Run_Fast_Lean_L_Loop_Seq.uasset" 4789
"/Game/Input/DA_InputDataAsset" 4790
"/Game/Katana_Animations/Animations/Sequence/01_Idle/AS_Idle_Seq" 4791
"D:/unreal_project/Baiguizhen/Content/Character/Anim/ABP_ActionCharacter.uasset" 4792
"D:/unreal_project/Baiguizhen/Content/Character/Anim/CR_Mannequin_FootPlant.uasset" 4793
"D:/unreal_project/Baiguizhen/Content/Katana_Animations/Animations/Sequence/02_Attack/04_Combo_Attack_04/ShootMontage.uasset" 4794
"D:/unreal_project/Baiguizhen/Content/Katana_Animations/Animations/Sequence/02_Attack/04_Combo_Attack_04/AS_Combo_Attack_04_01_Seq.uasset" 4795
"D:/unreal_project/Baiguizhen/Content/Katana_Animations/Demo/Mannequin/Character/Mesh/UE4_Mannequin_Skeleton.uasset" 4796
"/Game/Katana_Animations/Animations/Sequence/04_Run/11_Run_Fast/AS_Run_Fast_Lean_L_Loop_Seq" 4797
"/Game/Katana_Animations/Animations/Sequence/04_Run/11_Run_Fast/AS_Run_Fast_Lean_R_Loop_Seq" 4798
"/Game/Katana_Animations/Animations/Sequence/04_Run/11_Run_Fast/AS_Run_Fast_Start_Seq" 4799
"/Game/Katana_Animations/Animations/Sequence/04_Run/11_Run_Fast/AS_Run_Fast_Stop_Seq" 4800
"/Game/Character/Anim/AnimNotify/TransationToLocomotion" 4801
"/Game/Character/Anim/AnimNotify/AM_RotationDelta" 4802
"/Game/Katana_Animations/Animations/Sequence/05_Jump/01_Jump/01_Jump_0/AS_Jump_End_0_Seq" 4803
"/Game/Katana_Animations/Animations/Sequence/05_Jump/01_Jump/01_Jump_0/AS_Jump_Loop_0_Seq" 4804
"/Game/Katana_Animations/Animations/Sequence/05_Jump/01_Jump/02_Jump_F_0/AS_Jump_Start_F_0_Seq" 4805
"/Game/Katana_Animations/Animations/Sequence/09_Turn/01_Turn/AS_Turn_180_L_Seq" 4806
"/Game/Katana_Animations/Animations/Sequence/09_Turn/01_Turn/AS_Turn_180_R_Seq" 4807
"/Game/Katana_Animations/Animations/Sequence/09_Turn/01_Turn/AS_Turn_90_L_Seq" 4808
"/Game/Katana_Animations/Animations/Sequence/09_Turn/01_Turn/AS_Turn_90_R_Seq" 4809
"/Game/Katana_Animations/Animations/Sequence/10_Drink_Potion/AS_Drink_Potion_Seq" 4810
"/Game/Katana_Animations/Animations/Sequence/04_Run/11_Run_Fast/AS_Run_Fast_Loop_SeqAdditive" 4811
"/Game/Katana_Animations/Animations/Sequence/01_Idle/AS_Idle_Seq1" 4812
"/Game/AttributeDataTableFold/PlayerAttributeDT" 4813
"/Game/Character/BP_ActionPlayerController" 4814
"D:/unreal_project/Baiguizhen/Content/Gameplay/CameraSystem/BP_ActionCameraManager.uasset" 4815
"D:/unreal_project/Baiguizhen/Content/Gameplay/CameraSystem/BP_CameraMontagePlayer.uasset" 4816
"D:/unreal_project/Baiguizhen/Content/Gameplay/CameraSystem/CameraMode/TestCameraMode.uasset" 4817
"D:/unreal_project/Baiguizhen/Content/Gameplay/CameraSystem/NewBlueprint.uasset" 4818
"D:/unreal_project/Baiguizhen/Content/Gameplay/CameraSystem/NewBlueprint2.uasset" 4819
"D:/unreal_project/Baiguizhen/Content/material/Material_inst.uasset" 4820
"D:/unreal_project/Baiguizhen/Content/Gameplay/CameraSystem/NewMaterial_Inst1.uasset" 4821
"D:/unreal_project/Baiguizhen/Content/material/???????.uasset" 4822
"D:/unreal_project/Baiguizhen/Content/Gameplay/CameraSystem/NewMaterial.uasset" 4823
"D:/unreal_project/Baiguizhen/Content/material/??????.uasset" 4824
"D:/unreal_project/Baiguizhen/Content/material/????.uasset" 4825
"../../../Engine/Content/Functions/Engine_MaterialFunctions01/Texturing/ComputeMipLevel.uasset" 4826
"../../../Engine/Content/Functions/Engine_MaterialFunctions02/Math/RGBtoHSV.uasset" 4827
"../../../Engine/Content/Functions/Engine_MaterialFunctions02/Utility/DebugFloat3Values.uasset" 4828
"../../../Engine/Content/Functions/Engine_MaterialFunctions02/Utility/DebugScalarValues.uasset" 4829
"../../../Engine/Content/Functions/Engine_MaterialFunctions02/ExampleContent/Textures/DebugNumberPeriod.uasset" 4830
"D:/unreal_project/Baiguizhen/Content/SkillExecutorFold/TipSkillFold/Shoot/SCA_shoot.uasset" 4831
"D:/unreal_project/Baiguizhen/Content/Katana_Animations/Animations/Sequence/02_Attack/17_Power_Attack/HoldTest_Montage1.uasset" 4832
"D:/unreal_project/Baiguizhen/Content/Katana_Animations/Animations/Sequence/02_Attack/17_Power_Attack/HoldTest.uasset" 4833
"D:/unreal_project/Baiguizhen/Content/SkillExecutorFold/Hold/Defense/DefenseLoop.uasset" 4834
"D:/unreal_project/Baiguizhen/Content/SkillExecutorFold/Hold/Defense/EndDefense.uasset" 4835
"D:/unreal_project/Baiguizhen/Content/SkillExecutorFold/SkillAssetSumGun.uasset" 4836
"D:/unreal_project/Baiguizhen/Content/SkillExecutorFold/SED_GunGround.uasset" 4837
"/Game/Katana_Animations/Animations/Sequence/02_Attack/04_Combo_Attack_04/AS_Combo_Attack_04_01_Seq" 4838
"D:/unreal_project/Baiguizhen/Content/SkillExecutorFold/Hold/HoldAbility.uasset" 4839
"D:/unreal_project/Baiguizhen/Content/Katana_Animations/Animations/Sequence/08_Hit/08_Block/BlockLoop.uasset" 4840
"D:/unreal_project/Baiguizhen/Content/Katana_Animations/Animations/Sequence/08_Hit/08_Block/BlockEnd.uasset" 4841
"D:/unreal_project/Baiguizhen/Content/Katana_Animations/Animations/Sequence/08_Hit/08_Block/AS_Block_End_Seq.uasset" 4842
"D:/unreal_project/Baiguizhen/Content/Character/Anim/AnimNotify/AN_AbiliTagadd.uasset" 4843
"D:/unreal_project/Baiguizhen/Content/Katana_Animations/Animations/Sequence/08_Hit/08_Block/AS_Block_Start_Seq.uasset" 4844
"D:/unreal_project/Baiguizhen/Content/SkillExecutorFold/Hold/Defense/StartDefense.uasset" 4845
"D:/unreal_project/Baiguizhen/Content/Katana_Animations/Animations/Sequence/02_Attack/01_Combo_Attack_01/AS_Combo_Attack_01_Seq.uasset" 4846
"D:/unreal_project/Baiguizhen/Content/Katana_Animations/Animations/Sequence/02_Attack/01_Combo_Attack_01/AS_Combo_Attack_01_Seq_Montage.uasset" 4847
"D:/unreal_project/Baiguizhen/Content/SkillExecutorFold/Hold/Attack1Ability.uasset" 4848
"D:/unreal_project/Baiguizhen/Content/Katana_Animations/Animations/Sequence/02_Attack/01_Combo_Attack_01/AS_Combo_Attack_02_Seq_Montage.uasset" 4849
"D:/unreal_project/Baiguizhen/Content/Katana_Animations/Animations/Sequence/08_Hit/08_Block/StartBlock.uasset" 4850
"D:/unreal_project/Baiguizhen/Content/Katana_Animations/Animations/Sequence/08_Hit/08_Block/AS_Block_Loop_Seq.uasset" 4851
"D:/unreal_project/Baiguizhen/Content/Katana_Animations/Animations/Sequence/02_Attack/01_Combo_Attack_01/AS_Combo_Attack_02_Seq.uasset" 4852
"/Game/Katana_Animations/Animations/Sequence/04_Run/11_Run_Fast/AS_Run_Fast_Turn_L_Seq" 4853
"/Game/Katana_Animations/Animations/Sequence/02_Attack/04_Combo_Attack_04/ShootMontage" 4854
"D:/unreal_project/Baiguizhen/Content/tetsunami-katana/source/Katana_Sketchfab_BlueWave_Katana_01a.uasset" 4855
"D:/unreal_project/Baiguizhen/Content/tetsunami-katana/source/Sword.uasset" 4856
"D:/unreal_project/Baiguizhen/Content/tetsunami-katana/textures/KatanaBlueWave_albedo.uasset" 4857
"D:/unreal_project/Baiguizhen/Content/tetsunami-katana/textures/KatanaBlueWave_AO.uasset" 4858
"D:/unreal_project/Baiguizhen/Content/tetsunami-katana/textures/KatanaBlueWave_metallic.uasset" 4859
"D:/unreal_project/Baiguizhen/Content/tetsunami-katana/textures/KatanaBlueWave_normal.uasset" 4860
"D:/unreal_project/Baiguizhen/Content/tetsunami-katana/textures/KatanaBlueWave_roughness.uasset" 4861
"D:/unreal_project/Baiguizhen/Content/SkillExecutorFold/Hold/Attack2Ability.uasset" 4862
"/Game/Katana_Animations/Animations/Sequence/02_Attack/01_Combo_Attack_01/AS_Combo_Attack_02_Seq_Montage" 4863
"D:/unreal_project/Baiguizhen/Content/SkillExecutorFold/Hold/Attack3Ability.uasset" 4864
"D:/unreal_project/Baiguizhen/Content/Katana_Animations/Animations/Sequence/02_Attack/01_Combo_Attack_01/AS_Combo_Attack_03_Seq1.uasset" 4865
"D:/unreal_project/Baiguizhen/Content/Katana_Animations/Animations/Sequence/02_Attack/01_Combo_Attack_01/AS_Combo_Attack_03_SeqModify.uasset" 4866
"D:/unreal_project/Baiguizhen/Content/SkillExecutorFold/Hold/FinishAbility.uasset" 4867
"D:/unreal_project/Baiguizhen/Content/SkillExecutorFold/Hold/Attack4Ability.uasset" 4868
"D:/unreal_project/Baiguizhen/Content/Katana_Animations/Animations/Sequence/02_Attack/01_Combo_Attack_01/AS_Combo_Attack_03_Seq_Montage.uasset" 4869
"D:/unreal_project/Baiguizhen/Content/Katana_Animations/Animations/Sequence/02_Attack/15_Dash_Air_Attack/AS_Dash_Air_Attack_Seq.uasset" 4870
"D:/unreal_project/Baiguizhen/Content/Katana_Animations/Animations/Sequence/02_Attack/07_Attack_Speed_Katana/01_Attack_Speed_Katana/AS_Attack_Speed_Katana_Loop_Seq.uasset" 4871
"D:/unreal_project/Baiguizhen/Content/Katana_Animations/Animations/Sequence/02_Attack/15_Dash_Air_Attack/AS_Dash_Air_Attack_Seq_Montage.uasset" 4872
"D:/unreal_project/Baiguizhen/Content/Katana_Animations/Animations/Sequence/02_Attack/07_Attack_Speed_Katana/01_Attack_Speed_Katana/AS_Attack_Speed_Katana_Loop_Seq_Montage.uasset" 4873
"/Game/Katana_Animations/Animations/Sequence/02_Attack/01_Combo_Attack_01/AS_Combo_Attack_01_Seq_Montage" 4874
"/Game/SkillExecutorFold/Hold/Defense/StartDefense" 4875
"/Game/SkillExecutorFold/Hold/Defense/EndDefense" 4876
"/Game/SkillExecutorFold/Hold/Defense/DefenseLoop" 4877
"/Game/SkillExecutorFold/Hold/HoldAbility" 4878
"/Game/SkillExecutorFold/SkillAssetSumGun" 4879
"D:/unreal_project/Baiguizhen/Content/Katana_Animations/Animations/Sequence/08_Hit/08_Block/AS_Parry_L_Seq.uasset" 4880
"D:/unreal_project/Baiguizhen/Content/Katana_Animations/Animations/Sequence/08_Hit/08_Block/AS_Parry_L_Seq_Montage.uasset" 4881
"D:/unreal_project/Baiguizhen/Content/SkillExecutorFold/TipSkillFold/NormalAttack/AttackRelax04.uasset" 4882
"D:/unreal_project/Baiguizhen/Content/Katana_Animations/Animations/Sequence/06_Dodge/01_Dodge/AS_Dodge_F_0_Seq.uasset" 4883
"D:/unreal_project/Baiguizhen/Content/Katana_Animations/Animations/Sequence/02_Attack/17_Power_Attack/Execute.uasset" 4884
"D:/unreal_project/Baiguizhen/Content/SkillExecutorFold/Multy/Execute.uasset" 4885
"D:/unreal_project/Baiguizhen/Content/Katana_Animations/Animations/Sequence/02_Attack/01_Combo_Attack_01/AS_Combo_Attack_04_Seq_Montage.uasset" 4886
"D:/unreal_project/Baiguizhen/Content/SkillExecutorFold/TipSkillFold/DefenseSuccess/SCA_DefenseSuccess.uasset" 4887
"D:/unreal_project/Baiguizhen/Content/Katana_Animations/Animations/Sequence/06_Dodge/01_Dodge/AS_Dodge_F_0_Seq_Montage.uasset" 4888
"D:/unreal_project/Baiguizhen/Content/Katana_Animations/Animations/Sequence/02_Attack/01_Combo_Attack_01/AS_Combo_Attack_04_Seq.uasset" 4889
"D:/unreal_project/Baiguizhen/Content/Katana_Animations/Animations/Sequence/02_Attack/17_Power_Attack/Execute_Montage.uasset" 4890
"D:/unreal_project/Baiguizhen/Content/SkillExecutorFold/TipSkillFold/Dash/SCA_Dash.uasset" 4891
"D:/unreal_project/Baiguizhen/Content/Katana_Animations/Animations/Sequence/02_Attack/17_Power_Attack/Finsh.uasset" 4892
"D:/unreal_project/Baiguizhen/Content/SkillExecutorFold/TipSkillFold/PowerAttack/SCA_PowerAttack.uasset" 4893
"D:/unreal_project/Baiguizhen/Content/Katana_Animations/Animations/Sequence/02_Attack/17_Power_Attack/Finsh_Montage.uasset" 4894
"D:/unreal_project/Baiguizhen/Content/SkillExecutorFold/TipSkillFold/PowerAttack/SCA_PowerAttackEnd.uasset" 4895
"D:/unreal_project/Baiguizhen/Content/Gameplay/CameraSystem/CameraMode/AimCameraMode.uasset" 4896
"D:/unreal_project/Baiguizhen/Content/SkillExecutorFold/SwordSkillAssetSum.uasset" 4897
"D:/unreal_project/Baiguizhen/Content/SkillExecutorFold/SkillAssetSumLink.uasset" 4898
"D:/unreal_project/Baiguizhen/Content/SkillExecutorFold/SED_SwordGround.uasset" 4899
"/Game/SkillExecutorFold/Hold/Attack1Ability" 4900
"/Game/Katana_Animations/Animations/Sequence/02_Attack/07_Attack_Speed_Katana/01_Attack_Speed_Katana/AS_Attack_Speed_Katana_Loop_Seq_Montage" 4901
"/Game/SkillExecutorFold/Hold/Attack3Ability" 4902
"/Game/SkillExecutorFold/Hold/Attack2Ability" 4903
"/Game/SkillExecutorFold/Multy/Execute" 4904
"/Game/SkillExecutorFold/SkillAssetSumLink" 4905
"D:/unreal_project/Baiguizhen/Content/Katana_Animations/Demo/Mannequin/Character/Textures/UE4_LOGO_CARD.uasset" 4906
"D:/unreal_project/Baiguizhen/Content/Katana_Animations/Demo/Mannequin/Character/Textures/UE4_Mannequin__normals.uasset" 4907
"D:/unreal_project/Baiguizhen/Content/Katana_Animations/Demo/Mannequin/Character/Textures/UE4_Mannequin_MAT_MASKA.uasset" 4908
"D:/unreal_project/Baiguizhen/Content/Katana_Animations/Demo/Mannequin/Character/Materials/MaterialLayers/ML_Plastic_Shiny_Beige.uasset" 4909
"D:/unreal_project/Baiguizhen/Content/Katana_Animations/Demo/Mannequin/Character/Materials/MaterialLayers/T_ML_Rubber_Blue_01_D.uasset" 4910
"D:/unreal_project/Baiguizhen/Content/Katana_Animations/Demo/Mannequin/Character/Materials/MaterialLayers/ML_GlossyBlack_Latex_UE4.uasset" 4911
"D:/unreal_project/Baiguizhen/Content/Katana_Animations/Demo/Mannequin/Character/Materials/MaterialLayers/T_ML_Aluminum01_N.uasset" 4912
"D:/unreal_project/Baiguizhen/Content/Katana_Animations/Demo/Mannequin/Character/Materials/MaterialLayers/ML_Plastic_Shiny_Beige_LOGO.uasset" 4913
"D:/unreal_project/Baiguizhen/Content/Katana_Animations/Demo/Mannequin/Character/Materials/MaterialLayers/T_ML_Rubber_Blue_01_N.uasset" 4914
"D:/unreal_project/Baiguizhen/Content/Katana_Animations/Demo/Mannequin/Character/Materials/MaterialLayers/ML_SoftMetal_UE4.uasset" 4915
"D:/unreal_project/Baiguizhen/Content/Katana_Animations/Demo/Mannequin/Character/Materials/MaterialLayers/T_ML_Aluminum01.uasset" 4916
"D:/unreal_project/Baiguizhen/Content/Character/BP_XActionCharacter.uasset" 4917
"D:/unreal_project/Baiguizhen/Content/Character/GE_HurtTest.uasset" 4918
"D:/unreal_project/Baiguizhen/Content/Katana_Animations/Demo/Mannequin/Character/Mesh/SK_Mannequin.uasset" 4919
"D:/unreal_project/Baiguizhen/Content/tetsunami-katana/source/Katana_Sketchfab_Scabbard_01b.uasset" 4920
"D:/unreal_project/Baiguizhen/Content/Katana_Animations/Demo/Mannequin/Character/Materials/M_UE4Man_Body.uasset" 4921
"D:/unreal_project/Baiguizhen/Content/Katana_Animations/Demo/Mannequin/Character/Materials/M_UE4Man_ChestLogo.uasset" 4922
"D:/unreal_project/Baiguizhen/Content/Katana_Animations/Demo/Mannequin/Character/Mesh/SK_Mannequin_PhysicsAsset.uasset" 4923
"../../../Engine/Content/Functions/MaterialLayerFunctions/MatLayerBlend_NormalBlend.uasset" 4924
"../../../Engine/Content/Functions/MaterialLayerFunctions/MatLayerBlend_Simple.uasset" 4925
"D:/unreal_project/Baiguizhen/Content/Katana_Animations/Demo/Mannequin/Character/Textures/UE4Man_Logo_N.uasset" 4926
"D:/unreal_project/Baiguizhen/Content/UltraDynamicSky/Blueprints/Tools/Static_Clouds_Authoring_Tool.uasset" 4927
"D:/unreal_project/Baiguizhen/Content/UltraDynamicSky/Blueprints/System/Editor_UI/Static_Clouds_Capture.uasset" 4928
"D:/unreal_project/Baiguizhen/Content/level/???.umap" 4929
"D:/unreal_project/Baiguizhen/Content/Character/BP_XActionPlayerMode.uasset" 4930
"D:/unreal_project/Baiguizhen/Content/UltraDynamicSky/Blueprints/Mini_Controls.uasset" 4931
"D:/unreal_project/Baiguizhen/Content/UltraDynamicSky/Textures/Tools/Static_Clouds_Authoring_Target.uasset" 4932
"D:/unreal_project/Baiguizhen/Content/UltraDynamicSky/Textures/Icons/MiniControls_Icon.uasset" 4933
"D:/unreal_project/Baiguizhen/Content/UltraDynamicSky/Textures/Icons/StaticCloudsAuthoringTool_Icon.uasset" 4934
"D:/unreal_project/Baiguizhen/Content/UltraDynamicSky/Materials/Tools/Static_Clouds_Cubemap_Transform.uasset" 4935
"D:/unreal_project/Baiguizhen/Content/UltraDynamicSky/Blueprints/System/Editor_UI/ToolBarMenu/UDS_Toolbar_Utility_Button.uasset" 4936
"D:/unreal_project/Baiguizhen/Content/UltraDynamicSky/Materials/Tools/Static_Clouds_Tool_Composite.uasset" 4937
"D:/unreal_project/Baiguizhen/Content/UltraDynamicSky/Blueprints/System/Editor_UI/ToolBarMenu/UDS_Toolbar_Menu.uasset" 4938
"D:/unreal_project/Baiguizhen/Content/UltraDynamicSky/Blueprints/System/Editor_UI/UDS_Editor_Tick_Handler.uasset" 4939
"../../../Engine/Content/Functions/Engine_MaterialFunctions01/Coordinates/VirtualPlaneCoordinates.uasset" 4940
"D:/unreal_project/Baiguizhen/Content/UltraDynamicSky/Blueprints/System/Editor_UI/Cloud_Painter/Cloud_Painter_Settings.uasset" 4941
"D:/unreal_project/Baiguizhen/Content/UltraDynamicSky/Textures/Icons/Erase_CloudPaint_Icon.uasset" 4942
"D:/unreal_project/Baiguizhen/Content/UltraDynamicSky/Blueprints/System/Editor_UI/Cloud_Painter/Cloud_Painter_Draw_Panel_Mat.uasset" 4943
"D:/unreal_project/Baiguizhen/Content/UltraDynamicSky/Blueprints/System/Editor_UI/Cloud_Painter/Cloud_Painter_Capture_Post_Mat.uasset" 4944
"D:/unreal_project/Baiguizhen/Content/UltraDynamicSky/Blueprints/System/Editor_UI/Cloud_Painter/Cloud_Painter_Brush_Mat_Cursor.uasset" 4945
"D:/unreal_project/Baiguizhen/Content/UltraDynamicSky/Blueprints/System/Editor_UI/Cloud_Painter/Cloud_Painter_BrushFrame.uasset" 4946
"D:/unreal_project/Baiguizhen/Content/UltraDynamicSky/Textures/Icons/Lock_Icon.uasset" 4947
"D:/unreal_project/Baiguizhen/Content/UltraDynamicSky/Blueprints/Volumetric_Cloud_Painter.uasset" 4948
"D:/unreal_project/Baiguizhen/Content/UltraDynamicSky/Blueprints/System/Editor_UI/Cloud_Painter/Cloud_Painter_Brush_Mat.uasset" 4949
"../../../Engine/Content/EngineSounds/Submixes/MasterEQEffectPreset.uasset" 4950
"../../../Engine/Content/EngineSounds/Submixes/MasterReverbEffectPreset.uasset" 4951
"../../../Engine/Content/EngineSounds/Submixes/MasterReverbSubmixDefault.uasset" 4952
"../../../Engine/Content/EngineSounds/Submixes/MasterSubmixDefault.uasset" 4953
"../../../Engine/Content/EngineSounds/Submixes/MasterEQSubmixDefault.uasset" 4954
"D:/unreal_project/Baiguizhen/Content/UltraDynamicSky/Materials/Material_Instances/UDS_B.uasset" 4955
"/Game/UltraDynamicSky/Textures/Icons/Erase_CloudPaint_Icon" 4956
"D:/unreal_project/Baiguizhen/Content/UltraDynamicSky/Materials/Material_Instances/UDS_C.uasset" 4957
"D:/unreal_project/Baiguizhen/Content/UltraDynamicSky/Materials/Material_Instances/UDS_S.uasset" 4958
"D:/unreal_project/Baiguizhen/Content/UltraDynamicSky/Materials/Material_Instances/UDS_DO.uasset" 4959
"/Game/UltraDynamicSky/Blueprints/System/Editor_UI/Cloud_Painter/Cloud_Painter_Draw_Panel_Mat" 4960
"/Game/UltraDynamicSky/Blueprints/System/Editor_UI/Cloud_Painter/Cloud_Painter_Settings" 4961
"/Game/UltraDynamicSky/Blueprints/System/Editor_UI/UDS_Editor_Tick_Handler" 4962
"/Game/UltraDynamicSky/Blueprints/Tools/Static_Clouds_Authoring_Tool" 4963
"/Game/UltraDynamicSky/Blueprints/Mini_Controls" 4964
"/Game/level/???" 4965
"/Engine/EngineSounds/Submixes/MasterEQEffectPreset" 4966
"/Engine/EngineSounds/Submixes/MasterReverbEffectPreset" 4967
"/Game/UltraDynamicSky/Blueprints/System/Editor_UI/Cloud_Painter/Cloud_Painter_Brush_Mat" 4968
"D:/unreal_project/Baiguizhen/Content/UltraDynamicSky/Materials/Material_Instances/UDS_CD.uasset" 4969
"D:/unreal_project/Baiguizhen/Content/UltraDynamicSky/Materials/Material_Instances/UDS_D.uasset" 4970
"D:/unreal_project/Baiguizhen/Content/UltraDynamicSky/Materials/Material_Instances/UDS_CS.uasset" 4971
"D:/unreal_project/Baiguizhen/Content/UltraDynamicSky/Materials/Material_Instances/UDS_CADO.uasset" 4972
"D:/unreal_project/Baiguizhen/Content/UltraDynamicSky/Materials/Material_Instances/UDS_CDO.uasset" 4973
"D:/unreal_project/Baiguizhen/Content/UltraDynamicSky/Materials/Material_Instances/UDS_ADO.uasset" 4974
"D:/unreal_project/Baiguizhen/Content/UltraDynamicSky/Materials/Material_Instances/UDS_CA.uasset" 4975
"D:/unreal_project/Baiguizhen/Content/UltraDynamicSky/Materials/Material_Instances/UDS_AS.uasset" 4976
"D:/unreal_project/Baiguizhen/Content/UltraDynamicSky/Materials/Material_Instances/UDS_AD.uasset" 4977
"D:/unreal_project/Baiguizhen/Content/UltraDynamicSky/Materials/Material_Instances/UDS_CAS.uasset" 4978
"D:/unreal_project/Baiguizhen/Content/UltraDynamicSky/Materials/Material_Instances/UDS_CAD.uasset" 4979
"D:/unreal_project/Baiguizhen/Content/UltraDynamicSky/Materials/Material_Instances/UDS_A.uasset" 4980
"/Game/UltraDynamicSky/Blueprints/System/Editor_UI/Cloud_Painter/Cloud_Painter_Brush_Mat_Cursor" 4981
"/Game/UltraDynamicSky/Blueprints/System/Editor_UI/Cloud_Painter/Cloud_Painter_Capture_Post_Mat" 4982
"/Game/UltraDynamicSky/Materials/Material_Instances/UDS_DO" 4983
"/Game/UltraDynamicSky/Materials/Material_Instances/UDS_S" 4984
"D:/unreal_project/Baiguizhen/Content/UltraDynamicSky/Materials/Material_Instances/UDS_KCAS.uasset" 4985
"D:/unreal_project/Baiguizhen/Content/UltraDynamicSky/Materials/Material_Instances/UDS_KC.uasset" 4986
"D:/unreal_project/Baiguizhen/Content/UltraDynamicSky/Materials/Material_Instances/UDS_KAS.uasset" 4987
"D:/unreal_project/Baiguizhen/Content/UltraDynamicSky/Materials/Material_Instances/UDS_KD.uasset" 4988
"D:/unreal_project/Baiguizhen/Content/UltraDynamicSky/Materials/Material_Instances/UDS_KDO.uasset" 4989
"D:/unreal_project/Baiguizhen/Content/UltraDynamicSky/Materials/Material_Instances/UDS_KS.uasset" 4990
"/Game/UltraDynamicSky/Materials/Material_Instances/UDS_C" 4991
"/Engine/EngineSounds/Submixes/MasterReverbSubmixDefault" 4992
"/Game/UltraDynamicSky/Blueprints/Volumetric_Cloud_Painter" 4993
"/Game/UltraDynamicSky/Materials/Material_Instances/UDS_KD" 4994
"D:/unreal_project/Baiguizhen/Content/UltraDynamicSky/Materials/Material_Instances/UDS_KCDO.uasset" 4995
"D:/unreal_project/Baiguizhen/Content/UltraDynamicSky/Materials/Material_Instances/UDS_KCD.uasset" 4996
"D:/unreal_project/Baiguizhen/Content/UltraDynamicSky/Materials/Material_Instances/UDS_KCS.uasset" 4997
"D:/unreal_project/Baiguizhen/Content/UltraDynamicSky/Materials/Material_Instances/UDS_KCA.uasset" 4998
"D:/unreal_project/Baiguizhen/Content/UltraDynamicSky/Materials/Material_Instances/UDS_KCADO.uasset" 4999
"D:/unreal_project/Baiguizhen/Content/UltraDynamicSky/Materials/Material_Instances/UDS_KADO.uasset" 5000
"D:/unreal_project/Baiguizhen/Content/UltraDynamicSky/Materials/Material_Instances/UDS_KCAD.uasset" 5001
"D:/unreal_project/Baiguizhen/Content/UltraDynamicSky/Materials/Material_Instances/UDS_KAD.uasset" 5002
"D:/unreal_project/Baiguizhen/Content/UltraDynamicSky/Materials/Material_Instances/UDS_PC.uasset" 5003
"D:/unreal_project/Baiguizhen/Content/UltraDynamicSky/Materials/Material_Instances/UDS_KA.uasset" 5004
"D:/unreal_project/Baiguizhen/Content/UltraDynamicSky/Materials/Material_Instances/UDS_P.uasset" 5005
"/Game/UltraDynamicSky/Materials/Material_Instances/UDS_KDO" 5006
"/Game/UltraDynamicSky/Materials/Material_Instances/UDS_KS" 5007
"/Game/UltraDynamicSky/Materials/Material_Instances/UDS_KC" 5008
"/Game/UltraDynamicSky/Materials/Material_Instances/UDS_KAS" 5009
"/Game/UltraDynamicSky/Materials/Material_Instances/UDS_KCAS" 5010
"/Game/UltraDynamicSky/Materials/Material_Instances/UDS_AS" 5011
"/Game/UltraDynamicSky/Materials/Material_Instances/UDS_CAS" 5012
"/Game/UltraDynamicSky/Materials/Material_Instances/UDS_A" 5013
"/Game/UltraDynamicSky/Materials/Material_Instances/UDS_AD" 5014
"/Game/UltraDynamicSky/Materials/Material_Instances/UDS_ADO" 5015
"/Game/UltraDynamicSky/Materials/Material_Instances/UDS_CA" 5016
"/Game/UltraDynamicSky/Materials/Material_Instances/UDS_CAD" 5017
"/Game/UltraDynamicSky/Materials/Material_Instances/UDS_CADO" 5018
"/Game/UltraDynamicSky/Materials/Material_Instances/UDS_CD" 5019
"/Game/UltraDynamicSky/Materials/Material_Instances/UDS_CDO" 5020
"/Game/UltraDynamicSky/Materials/Material_Instances/UDS_CS" 5021
"/Game/UltraDynamicSky/Materials/Material_Instances/UDS_D" 5022
"/Game/UltraDynamicSky/Materials/Material_Instances/UDS_P" 5023
"/Game/UltraDynamicSky/Materials/Material_Instances/UDS_PC" 5024
"/Game/UltraDynamicSky/Materials/Material_Instances/UDS_KA" 5025
"/Game/UltraDynamicSky/Materials/Material_Instances/UDS_KAD" 5026
"/Game/UltraDynamicSky/Materials/Material_Instances/UDS_KADO" 5027
"/Game/UltraDynamicSky/Materials/Material_Instances/UDS_KCA" 5028
"/Game/UltraDynamicSky/Materials/Material_Instances/UDS_KCAD" 5029
"/Game/UltraDynamicSky/Materials/Material_Instances/UDS_KCADO" 5030
"/Game/UltraDynamicSky/Materials/Material_Instances/UDS_KCD" 5031
"/Game/UltraDynamicSky/Materials/Material_Instances/UDS_KCDO" 5032
"/Game/UltraDynamicSky/Materials/Material_Instances/UDS_KCS" 5033
"../../../Engine/Plugins/FX/Niagara/Content/DynamicInputs/Clamp/Float/RemapRange.uasset" 5034
"../../../Engine/Plugins/FX/Niagara/Content/DynamicInputs/UniformRange/V2/RandomRangeVector.uasset" 5035
"../../../Engine/Plugins/FX/Niagara/Content/DynamicInputs/Bool/v2/SetBoolByFloatComparison.uasset" 5036
"../../../Engine/Plugins/FX/Niagara/Content/Enums/ENiagaraBooleanLogicOps.uasset" 5037
"D:/unreal_project/Baiguizhen/Content/UltraDynamicSky/Particles/Obscured_Lightning_Emitter.uasset" 5038
"D:/unreal_project/Baiguizhen/Content/UltraDynamicSky/Materials/Material_Functions/RadialGradientBasic.uasset" 5039
"D:/unreal_project/Baiguizhen/Content/UltraDynamicSky/Textures/Weather/ObscuredLightningSheet.uasset" 5040
"../../../Engine/Plugins/FX/Niagara/Content/DynamicInputs/Bool/Boolean_AndOperation.uasset" 5041
"../../../Engine/Plugins/FX/Niagara/Content/DynamicInputs/Clamp/ClampFloat.uasset" 5042
"D:/unreal_project/Baiguizhen/Content/UltraDynamicSky/Materials/Weather/LightningFlare_ParticleMat.uasset" 5043
"../../../Engine/Plugins/FX/Niagara/Content/DynamicInputs/Helpers/NormalizeVector.uasset" 5044
"D:/unreal_project/Baiguizhen/Content/UltraDynamicSky/Materials/Weather/Cloud_Altitude_Mask.uasset" 5045
"D:/unreal_project/Baiguizhen/Content/UltraDynamicSky/Materials/Weather/Lightning_Glow.uasset" 5046
"D:/unreal_project/Baiguizhen/Content/UltraDynamicSky/Materials/Weather/Hide_Weather_Particle_With_Local_Cloud_Coverage.uasset" 5047
"../../../Engine/Plugins/FX/Niagara/Content/DynamicInputs/LinearColor/MakeLinearColorFromVectorAndFloat.uasset" 5048
"../../../Engine/Plugins/FX/Niagara/Content/DynamicInputs/LinearColor/MultiplyLinearColor.uasset" 5049
"../../../Engine/Plugins/FX/Niagara/Content/DynamicInputs/Math/Floor_Float.uasset" 5050
"../../../Engine/Plugins/FX/Niagara/Content/DynamicInputs/LinearColor/MakeVector4_FromLinearColor.uasset" 5051
"../../../Engine/Plugins/FX/Niagara/Content/DynamicInputs/Multiply/Multiply_Vector2D.uasset" 5052
"../../../Engine/Plugins/FX/Niagara/Content/DynamicInputs/Power/Power.uasset" 5053
"../../../Engine/Plugins/FX/Niagara/Content/Functions/LinearColor/RGBToHSV.uasset" 5054
"../../../Engine/Plugins/FX/Niagara/Content/Enums/ENiagaraVector4_Channels.uasset" 5055
"../../../Engine/Plugins/FX/Niagara/Content/Enums/ENiagaraFloatFromLinearColorOptions.uasset" 5056
"../../../Engine/Plugins/FX/Niagara/Content/DynamicInputs/TypeConversions/MakeCustomFloatFromBool.uasset" 5057
"../../../Engine/Plugins/FX/Niagara/Content/DynamicInputs/Subtract/Subtract_Position.uasset" 5058
"D:/unreal_project/Baiguizhen/Content/UltraDynamicSky/Materials/Weather/Lightning_Rainfall_Particle.uasset" 5059
"../../../Engine/Plugins/FX/Niagara/Content/DynamicInputs/TypeConversions/MakeVectorFromLinearColorRGB.uasset" 5060
"../../../Engine/Plugins/FX/Niagara/Content/DynamicInputs/TypeConversions/MakeFloatFromLinearColor.uasset" 5061
"../../../Engine/Plugins/FX/Niagara/Content/DynamicInputs/UniformRange/V2/RandomRangeFloat.uasset" 5062
"../../../Engine/Plugins/FX/Niagara/Content/DynamicInputs/Lerp/Lerp_Vector.uasset" 5063
"../../../Engine/Plugins/FX/Niagara/Content/Functions/Rotation/RotateVector2D.uasset" 5064
"../../../Engine/Plugins/FX/Niagara/Content/Functions/ChannelMasks/SelectV4Channel.uasset" 5065
"/Niagara/DynamicInputs/TypeConversions/MakeFloatFromLinearColor" 5066
"../../Plugins/FX/Niagara/Content/Enums/ENiagaraLinearColor_Channels.uasset" 5067
"/Niagara/Functions/Rotation/RotateVector2D" 5068
"/Niagara/DynamicInputs/UniformRange/V2/RandomRangeFloat" 5069
"/Niagara/DynamicInputs/TypeConversions/MakeVectorFromLinearColorRGB" 5070
"/Niagara/DynamicInputs/UniformRange/V2/RandomRangeVector" 5071
"/Niagara/DynamicInputs/Bool/v2/SetBoolByFloatComparison" 5072
"../../Plugins/FX/Niagara/Content/Enums/ENiagaraBooleanLogicOps_v2.uasset" 5073
"/Niagara/DynamicInputs/TypeConversions/MakeCustomFloatFromBool" 5074
"/Niagara/DynamicInputs/Subtract/Subtract_Position" 5075
"/Niagara/DynamicInputs/Power/Power" 5076
"/Niagara/DynamicInputs/Multiply/Multiply_Vector2D" 5077
"/Niagara/DynamicInputs/Math/Floor_Float" 5078
"/Niagara/DynamicInputs/LinearColor/MultiplyLinearColor" 5079
"/Niagara/DynamicInputs/LinearColor/MakeVector4_FromLinearColor" 5080
"/Niagara/DynamicInputs/LinearColor/MakeLinearColorFromVectorAndFloat" 5081
"/Niagara/DynamicInputs/Lerp/Lerp_Vector" 5082
"/Niagara/DynamicInputs/Helpers/NormalizeVector" 5083
"../../Plugins/FX/Niagara/Content/Functions/DirectionAndLengthSafe.uasset" 5084
"/Niagara/DynamicInputs/Clamp/ClampFloat" 5085
"/Game/UltraDynamicSky/Particles/Obscured_Lightning_Emitter" 5086
"../../Plugins/FX/Niagara/Content/DynamicInputs/Multiply/Multiply_Float.uasset" 5087
"../../Plugins/FX/Niagara/Content/DynamicInputs/Multiply/Multiply_VectorByFloat.uasset" 5088
"../../Plugins/FX/Niagara/Content/Modules/Emitter/SpawnRate.uasset" 5089
"../../Plugins/FX/Niagara/Content/Modules/Solvers/SolveForcesAndVelocity.uasset" 5090
"../../Plugins/FX/Niagara/Content/Modules/Spawn/Location/V2/ShapeLocation.uasset" 5091
"../../Plugins/FX/Niagara/Content/Modules/Spawn/Velocity/AddVelocity.uasset" 5092
"../../Plugins/FX/Niagara/Content/Enums/Angles/ENiagara_AngleInput.uasset" 5093
"../../Plugins/FX/Niagara/Content/Enums/ENiagara_AttributeSamplingApplyOutput.uasset" 5094
"../../Plugins/FX/Niagara/Content/Enums/ENiagaraShapeTorusMode.uasset" 5095
"../../Plugins/FX/Niagara/Content/Enums/ENiagaraSphereDistributionMode.uasset" 5096
"../../Plugins/FX/Niagara/Content/Enums/ENiagaraTorusDistributionMode.uasset" 5097
"../../Plugins/FX/Niagara/Content/Enums/Location/ENiagara_BoxPlaneMode.uasset" 5098
"../../Plugins/FX/Niagara/Content/Enums/Location/ENiagara_ConeMode.uasset" 5099
"../../Plugins/FX/Niagara/Content/Enums/Location/ENiagara_CylinderMode.uasset" 5100
"../../Plugins/FX/Niagara/Content/Enums/Location/ENiagara_LocationShapes.uasset" 5101
"../../Plugins/FX/Niagara/Content/Enums/Location/ENiagaraRingDiscMode.uasset" 5102
"../../Plugins/FX/Niagara/Content/Enums/Transforms/ENiagara_OffsetMode.uasset" 5103
"../../Plugins/FX/Niagara/Content/Enums/Transforms/ENiagara_RotationMode.uasset" 5104
"../../Plugins/FX/Niagara/Content/Enums/Transforms/ENiagara_ScaleMode.uasset" 5105
"../../Plugins/FX/Niagara/Content/Enums/Transforms/ENiagara_TransformOrder.uasset" 5106
"../../Plugins/FX/Niagara/Content/Enums/Transforms/ENiagara_TransformType.uasset" 5107
"../../Plugins/FX/Niagara/Content/Enums/Utility/ENiagara_VelocityMode.uasset" 5108
"../../Plugins/FX/Niagara/Content/Functions/RandomRangeFloat.uasset" 5109
"../../Plugins/FX/Niagara/Content/Functions/Drag/DragVelocity.uasset" 5110
"../../Plugins/FX/Niagara/Content/Functions/Math/CentimeterMeterConversion.uasset" 5111
"../../Plugins/FX/Niagara/Content/Functions/Rotation/MultiplyVectorWithQuaternion.uasset" 5112
"../../Plugins/FX/Niagara/Content/Modules/Solvers/ApplyRotationVector.uasset" 5113
"../../Plugins/FX/Niagara/Content/Icons/Modules/T_Icon_Solver_LimitAccel.uasset" 5114
"../../Plugins/FX/Niagara/Content/Icons/Modules/T_Icon_Solver_LimitSpeed.uasset" 5115
"../../Plugins/FX/Niagara/Content/Icons/Modules/T_Icon_Solver_RotationalSolve.uasset" 5116
"../../Plugins/FX/Niagara/Content/Functions/Localspace/TransformPosition.uasset" 5117
"../../Plugins/FX/Niagara/Content/Functions/Math/CalculateRandomPointInConeSphereIntersection.uasset" 5118
"../../Plugins/FX/Niagara/Content/Functions/NormalizedExecutionIndex.uasset" 5119
"../../Plugins/FX/Niagara/Content/Functions/ParametricTorus.uasset" 5120
"../../Plugins/FX/Niagara/Content/Functions/ParametricTorusKnot.uasset" 5121
"../../Plugins/FX/Niagara/Content/Functions/PolarToCartesianCoordinates.uasset" 5122
"../../Plugins/FX/Niagara/Content/Functions/RandomPointInBox.uasset" 5123
"../../Plugins/FX/Niagara/Content/Functions/Rotation/AngleUnitConverter.uasset" 5124
"../../Plugins/FX/Niagara/Content/Functions/Rotation/TransformStack/TransformStack_Rotation.uasset" 5125
"../../Plugins/FX/Niagara/Content/Functions/SphericalToCartesianCoordinates.uasset" 5126
"../../Plugins/FX/Niagara/Content/Functions/V2/RemapRange.uasset" 5127
"../../Plugins/FX/Niagara/Content/Enums/ENiagaraExpansionMode.uasset" 5128
"../../Plugins/FX/Niagara/Content/Functions/Rotation/AxisAngleToQuaternion.uasset" 5129
"../../Plugins/FX/Niagara/Content/Functions/Rotation/FindQuatBetween.uasset" 5130
"../../Plugins/FX/Niagara/Content/Functions/Rotation/InvertQuaternion.uasset" 5131
"../../Plugins/FX/Niagara/Content/Functions/Rotation/MakeQuaternionFrom3BasisVectors.uasset" 5132
"../../Plugins/FX/Niagara/Content/Functions/Rotation/MultiplyQuaternion.uasset" 5133
"../../Plugins/FX/Niagara/Content/Functions/Rotation/XYZRotationToQuaternion.uasset" 5134
"../../Plugins/FX/Niagara/Content/Functions/V2/CalculateRandomUnitVector.uasset" 5135
"../../Plugins/FX/Niagara/Content/Functions/V2/DistanceBasedFalloff.uasset" 5136
"../../Plugins/FX/Niagara/Content/Functions/GetRandomInfo.uasset" 5137
"../../Plugins/FX/Niagara/Content/Functions/IsolateLongestVectorComponent.uasset" 5138
"../../Plugins/FX/Niagara/Content/Functions/Rotation/MatrixToQuaternion.uasset" 5139
"../../Plugins/FX/Niagara/Content/Functions/NormalizeDistanceRange.uasset" 5140
"/Niagara/DynamicInputs/Clamp/Float/RemapRange" 5141
"../../../Engine/Content/Functions/Engine_MaterialFunctions02/ScreenResolution.uasset" 5142
"../../../Engine/Content/Functions/Engine_MaterialFunctions02/Utility/DepthFromWorldPosition.uasset" 5143
"../../../Engine/Content/Functions/Engine_MaterialFunctions02/Utility/FOV.uasset" 5144
"../../../Engine/Content/Functions/Engine_MaterialFunctions02/Math/ManualWorldToScreenUVsTransform.uasset" 5145
"D:/unreal_project/Baiguizhen/Content/UltraDynamicSky/Materials/Material_Functions/RainSplash_Particle_Sprite.uasset" 5146
"D:/unreal_project/Baiguizhen/Content/UltraDynamicSky/Particles/Obscured_Lightning.uasset" 5147
"D:/unreal_project/Baiguizhen/Content/UltraDynamicSky/Textures/Weather/Splash_Animation.uasset" 5148
"D:/unreal_project/Baiguizhen/Content/UltraDynamicSky/Particles/Rain_Drop_Decals.uasset" 5149
"../../../Engine/Plugins/FX/Niagara/Content/DynamicInputs/Random/V2/RandomBool.uasset" 5150
"D:/unreal_project/Baiguizhen/Content/UltraDynamicSky/Materials/Weather/Rain_Spot_Decal.uasset" 5151
"D:/unreal_project/Baiguizhen/Content/UltraDynamicSky/Materials/Weather/Rain_Ripple_Decal.uasset" 5152
"D:/unreal_project/Baiguizhen/Content/UltraDynamicSky/Materials/Weather/Splash_ParticleMat.uasset" 5153
"../../../Engine/Plugins/FX/Niagara/Content/Functions/DeriveThirdOrthogonalVector.uasset" 5154
"../../../Engine/Plugins/FX/Niagara/Content/Modules/Spawn/Location/RotateAroundPoint.uasset" 5155
"D:/unreal_project/Baiguizhen/Content/UltraDynamicSky/Materials/Weather/Splash_Droplet_Particle.uasset" 5156
"D:/unreal_project/Baiguizhen/Content/UltraDynamicSky/Materials/Material_Functions/Rain_Splash_Droplet_Sprite.uasset" 5157
"../../../Engine/Plugins/FX/Niagara/Content/DynamicInputs/UniformRange/UniformRangedInt.uasset" 5158
"D:/unreal_project/Baiguizhen/Content/UltraDynamicSky/Particles/Rain_Splash_Droplets.uasset" 5159
"../../../Engine/Plugins/FX/Niagara/Content/Functions/GBuffer/WorldPositionToScreenUV.uasset" 5160
"D:/unreal_project/Baiguizhen/Content/UltraDynamicSky/Particles/Rain_Sprite_Appearance.uasset" 5161
"D:/unreal_project/Baiguizhen/Content/UltraDynamicSky/Particles/Rain_Splashes.uasset" 5162
"../../../Engine/Plugins/FX/Niagara/Content/Enums/SpriteRenderer/ENiagara_ScaleSpriteSize.uasset" 5163
"D:/unreal_project/Baiguizhen/Content/UltraDynamicSky/Particles/Rain_Update_Parameters.uasset" 5164
"../../../Engine/Plugins/FX/Niagara/Content/Modules/Update/Size/ScaleSpriteSize.uasset" 5165
"../../../Engine/Plugins/FX/Niagara/Content/DynamicInputs/Vectors/Position/AddVectorToPosition.uasset" 5166
"D:/unreal_project/Baiguizhen/Content/UltraDynamicSky/Materials/Weather/Fog_ParticleMat.uasset" 5167
"D:/unreal_project/Baiguizhen/Content/UltraDynamicSky/Particles/Move_With_Velocity_Buffer.uasset" 5168
"D:/unreal_project/Baiguizhen/Content/UltraDynamicSky/Particles/Fog_Particle_Dynamic_Parameters.uasset" 5169
"/Niagara/Modules/Spawn/Location/RotateAroundPoint" 5170
"D:/unreal_project/Baiguizhen/Content/UltraDynamicSky/Particles/GPU_WeatherParticles.uasset" 5171
"D:/unreal_project/Baiguizhen/Content/UltraDynamicSky/Particles/Weather_Particle_Alpha_Scale.uasset" 5172
"D:/unreal_project/Baiguizhen/Content/UltraDynamicSky/Materials/Weather/Limit_Weather_Particle_Ambient.uasset" 5173
"D:/unreal_project/Baiguizhen/Content/UltraDynamicSky/Materials/Weather/WeatherParticle_DepthTest.uasset" 5174
"/Game/UltraDynamicSky/Materials/Weather/Splash_Droplet_Particle" 5175
"D:/unreal_project/Baiguizhen/Content/UltraDynamicSky/Textures/Weather/RainSnow_Sheet.uasset" 5176
"/Niagara/DynamicInputs/Random/V2/RandomBool" 5177
"../../Plugins/FX/Niagara/Content/Functions/RandomRangeInteger.uasset" 5178
"/Game/UltraDynamicSky/Materials/Weather/Splash_ParticleMat" 5179
"/Game/UltraDynamicSky/Materials/Weather/Rain_Spot_Decal" 5180
"/Game/UltraDynamicSky/Materials/Weather/Rain_Ripple_Decal" 5181
"../../../Engine/Content/Functions/Engine_MaterialFunctions01/Coordinates/PixelInWorldUnits.uasset" 5182
"../../../Engine/Plugins/FX/Niagara/Content/Modules/Update/Lifetime/KillParticles.uasset" 5183
"../../../Engine/Plugins/FX/Niagara/Content/DynamicInputs/UniformRange/V2/RandomRangeInt.uasset" 5184
"../../../Engine/Plugins/FX/Niagara/Content/DynamicInputs/Vectors/Position/LerpPosition.uasset" 5185
"../../../Engine/Content/Functions/Engine_MaterialFunctions01/Coordinates/WorldUnitsInPixel.uasset" 5186
"/Game/UltraDynamicSky/Materials/Weather/WeatherParticle_DepthTest" 5187
"D:/unreal_project/Baiguizhen/Content/UltraDynamicSky/Materials/Weather/RainParticle_Attributes.uasset" 5188
"D:/unreal_project/Baiguizhen/Content/UltraDynamicSky/Materials/Weather/Weather_Particle_DOF.uasset" 5189
"D:/unreal_project/Baiguizhen/Content/UltraDynamicSky/Materials/Weather/Rain_ParticleMat.uasset" 5190
"D:/unreal_project/Baiguizhen/Content/UltraDynamicSky/Particles/Weather_Particles.uasset" 5191
"D:/unreal_project/Baiguizhen/Content/UltraDynamicSky/Particles/Set_Weather_Sprite_Velocity.uasset" 5192
"D:/unreal_project/Baiguizhen/Content/UltraDynamicSky/Particles/Scale_Weather_Spawn_Count.uasset" 5193
"D:/unreal_project/Baiguizhen/Content/UltraDynamicSky/Particles/Kill_Particles_Outside_Area.uasset" 5194
"D:/unreal_project/Baiguizhen/Content/UltraDynamicSky/Particles/Get_Weather_Spawn_Origin.uasset" 5195
"D:/unreal_project/Baiguizhen/Content/UltraDynamicSky/Particles/Get_Camera_Variables.uasset" 5196
"D:/unreal_project/Baiguizhen/Content/UltraDynamicSky/Particles/Generate_Particle_Position.uasset" 5197
"/Game/UltraDynamicSky/Materials/Weather/Limit_Weather_Particle_Ambient" 5198
"/Game/UltraDynamicSky/Particles/Weather_Particle_Alpha_Scale" 5199
"/Niagara/DynamicInputs/Vectors/Position/AddVectorToPosition" 5200
"/Niagara/Modules/Update/Size/ScaleSpriteSize" 5201
"/Game/UltraDynamicSky/Materials/Weather/Fog_ParticleMat" 5202
"/Game/UltraDynamicSky/Particles/Fog_Particle_Dynamic_Parameters" 5203
"/Game/UltraDynamicSky/Particles/Move_With_Velocity_Buffer" 5204
"/Game/UltraDynamicSky/Particles/Rain_Update_Parameters" 5205
"/Game/UltraDynamicSky/Particles/Rain_Sprite_Appearance" 5206
"/Game/UltraDynamicSky/Particles/Rain_Splash_Droplets" 5207
"D:/unreal_project/Baiguizhen/Content/UltraDynamicSky/Particles/Camera_Particle_Depth.uasset" 5208
"D:/unreal_project/Baiguizhen/Content/UltraDynamicSky/Particles/Visibility_by_Camera_Distance.uasset" 5209
"../../Plugins/FX/Niagara/Content/DynamicInputs/Multiply/Multiply_Vector.uasset" 5210
"../../Plugins/FX/Niagara/Content/DynamicInputs/TypeConversions/VectorFromFloat.uasset" 5211
"../../Plugins/FX/Niagara/Content/Modules/Solvers/ApplyInitialForces.uasset" 5212
"../../Plugins/FX/Niagara/Content/Modules/Update/Forces/GravityForce.uasset" 5213
"/Game/UltraDynamicSky/Particles/Rain_Splashes" 5214
"../../Plugins/FX/Niagara/Content/Modules/Update/SubUV/V2/SubUVAnimation.uasset" 5215
"../../Plugins/FX/Niagara/Content/Enums/ENiagara_SubUVLookupMode.uasset" 5216
"../../Plugins/FX/Niagara/Content/Functions/Helpers/SetBoolByTimer.uasset" 5217
"../../Plugins/FX/Niagara/Content/Enums/ENiagara_SubUVLookupModeV2.uasset" 5218
"../../Plugins/FX/Niagara/Content/Enums/ENiagara_WrapClamp.uasset" 5219
"../../Plugins/FX/Niagara/Content/Enums/ENiagaraMeshOrSprite.uasset" 5220
"../../Plugins/FX/Niagara/Content/Enums/SpriteRenderer/ENiagara_AutomaticManual.uasset" 5221
"../../Plugins/FX/Niagara/Content/Enums/SpriteRenderer/ENiagara_FPSPlayrate.uasset" 5222
"/Game/UltraDynamicSky/Particles/Rain_Drop_Decals" 5223
"../../Plugins/FX/Niagara/Content/DynamicInputs/Add/Add_Vector.uasset" 5224
"/Game/UltraDynamicSky/Particles/Obscured_Lightning" 5225
"../../../Engine/Plugins/FX/Niagara/Content/Functions/V2/CalculateRandomPointInSphere.uasset" 5226
"../../../Engine/Plugins/FX/Niagara/Content/DynamicInputs/Divide/Divide_Vector.uasset" 5227
"../../../Engine/Plugins/FX/Niagara/Content/Functions/ProjectVectorOnPlane.uasset" 5228
"../../../Engine/Plugins/FX/Niagara/Content/DynamicInputs/Math/Max_Float.uasset" 5229
"../../../Engine/Plugins/FX/Niagara/Content/Functions/Localspace/PositionToVector.uasset" 5230
"../../../Engine/Plugins/FX/Niagara/Content/Functions/Intersections/SphereCast_GlobalDistanceField.uasset" 5231
"/Game/UltraDynamicSky/Particles/Get_Camera_Variables" 5232
"../../../Engine/Plugins/FX/Niagara/Content/DynamicInputs/Vectors/Position/DistanceBetweenPositions.uasset" 5233
"D:/unreal_project/Baiguizhen/Content/UltraDynamicSky/Materials/VolumetricCloud_LightRay.uasset" 5234
"D:/unreal_project/Baiguizhen/Content/UltraDynamicSky/Textures/Sky/LightRay_Card.uasset" 5235
"D:/unreal_project/Baiguizhen/Content/UltraDynamicSky/Particles/Determine_Specific_Velocity.uasset" 5236
"D:/unreal_project/Baiguizhen/Content/UltraDynamicSky/Particles/Pin_to_Depth.uasset" 5237
"D:/unreal_project/Baiguizhen/Content/UltraDynamicSky/Particles/Check_Distance_Field_Behind.uasset" 5238
"D:/unreal_project/Baiguizhen/Content/UltraDynamicSky/Particles/Kill_Particles_Inside_DistanceFields.uasset" 5239
"D:/unreal_project/Baiguizhen/Content/UltraDynamicSky/Particles/Rain.uasset" 5240
"D:/unreal_project/Baiguizhen/Content/UltraDynamicSky/Particles/Set_Weather_Bounds.uasset" 5241
"D:/unreal_project/Baiguizhen/Content/UltraDynamicSky/Particles/Rain_DF.uasset" 5242
"/Game/UltraDynamicSky/Particles/Get_Weather_Spawn_Origin" 5243
"/Game/UltraDynamicSky/Particles/Kill_Particles_Outside_Area" 5244
"/Game/UltraDynamicSky/Particles/Scale_Weather_Spawn_Count" 5245
"/Niagara/Modules/Update/Lifetime/KillParticles" 5246
"/Niagara/DynamicInputs/Vectors/Position/LerpPosition" 5247
"/Niagara/DynamicInputs/UniformRange/V2/RandomRangeInt" 5248
"/Game/UltraDynamicSky/Particles/Set_Weather_Sprite_Velocity" 5249
"/Game/UltraDynamicSky/Materials/Weather/Rain_ParticleMat" 5250
"/Game/UltraDynamicSky/Particles/Generate_Particle_Position" 5251
"../../../Engine/Plugins/FX/Niagara/Content/Functions/RandomUnitVector.uasset" 5252
"../../../Engine/Plugins/FX/Niagara/Content/Functions/RandomVector.uasset" 5253
"../../../Engine/Plugins/FX/Niagara/Content/DynamicInputs/Math/Abs_Float.uasset" 5254
"../../../Engine/Plugins/FX/Niagara/Content/DynamicInputs/TypeConversions/MakeVector.uasset" 5255
"../../../Engine/Plugins/FX/Niagara/Content/DynamicInputs/TypeConversions/MakeVector2D.uasset" 5256
"../../../Engine/Plugins/FX/Niagara/Content/Modules/Spawn/Location/V2/GridLocation.uasset" 5257
"../../../Engine/Plugins/FX/Niagara/Content/Modules/Spawn/Location/SpawnParticlesInGrid.uasset" 5258
"/Niagara/Functions/V2/CalculateRandomPointInSphere" 5259
"../../../Engine/Plugins/FX/Niagara/Content/Enums/Transforms/ENiagara_LWCConvertVecToPos.uasset" 5260
"../../../Engine/Plugins/FX/Niagara/Content/Functions/Math/GetMatrixScale.uasset" 5261
"../../../Engine/Plugins/FX/Niagara/Content/DynamicInputs/Transforms/ConvertPositionToVector.uasset" 5262
"../../../Engine/Plugins/FX/Niagara/Content/DynamicInputs/Transforms/ConvertVectorToPosition.uasset" 5263
"../../../Engine/Plugins/FX/Niagara/Content/Functions/MakeTranslationMatrix.uasset" 5264
"../../../Engine/Plugins/FX/Niagara/Content/Functions/Localspace/VectorToPosition.uasset" 5265
"../../../Engine/Plugins/FX/Niagara/Content/Enums/Transforms/ENiagara_LWCConvertPosToVec.uasset" 5266
"/Game/UltraDynamicSky/Particles/GPU_WeatherParticles" 5267
"/Niagara/DynamicInputs/Math/Max_Float" 5268
"/Game/UltraDynamicSky/Particles/Weather_Particles" 5269
"/Niagara/DynamicInputs/Vectors/Position/DistanceBetweenPositions" 5270
"/Game/UltraDynamicSky/Materials/VolumetricCloud_LightRay" 5271
"/Game/UltraDynamicSky/Particles/Rain_DF" 5272
"/Game/UltraDynamicSky/Particles/Rain" 5273
"../../../Engine/Plugins/FX/Niagara/Content/Functions/Math/CalculateLinePlaneIntersection.uasset" 5274
"../../../Engine/Plugins/FX/Niagara/Content/Enums/ENiagaraGridPlacementType.uasset" 5275
"D:/unreal_project/Baiguizhen/Content/UltraDynamicSky/Particles/VolumetricCloud_LightRays.uasset" 5276
"../../../Engine/Plugins/Interchange/Assets/Content/gltf/MaterialBodies/MF_ClearCoat_Body.uasset" 5277
"/Niagara/Enums/Transforms/ENiagara_LWCConvertVecToPos" 5278
"../../../Engine/Plugins/Interchange/Assets/Content/gltf/Textures/T_Generic_N.uasset" 5279
"../../../Engine/Plugins/Interchange/Assets/Content/gltf/MaterialFunctions/MF_Clearcoat.uasset" 5280
"../../../Engine/Plugins/Interchange/Assets/Content/gltf/MaterialFunctions/MF_Emissive.uasset" 5281
"../../../Engine/Plugins/Interchange/Assets/Content/gltf/Textures/T_Anisotropy_Direction_Linear.uasset" 5282
"../../../Engine/Plugins/Interchange/Assets/Content/gltf/MaterialFunctions/MF_SpecularAnisotropy.uasset" 5283
"../../../Engine/Plugins/Interchange/Assets/Content/gltf/MaterialFunctions/MF_Occlusion.uasset" 5284
"../../../Engine/Plugins/Interchange/Assets/Content/gltf/MaterialFunctions/MF_ScaleNormal.uasset" 5285
"../../../Engine/Content/Functions/Engine_MaterialFunctions01/Texturing/FlattenNormal.uasset" 5286
"../../../Engine/Plugins/Interchange/Assets/Content/gltf/MaterialFunctions/MF_RotateNormals_TS.uasset" 5287
"../../../Engine/Plugins/Interchange/Assets/Content/gltf/MaterialFunctions/MF_Normals.uasset" 5288
"../../../Engine/Plugins/Interchange/Assets/Content/gltf/MaterialFunctions/MF_Specular.uasset" 5289
"../../../Engine/Plugins/Interchange/Assets/Content/gltf/Textures/T_White_Linear.uasset" 5290
"/Niagara/Enums/Transforms/ENiagara_LWCConvertPosToVec" 5291
"../../../Engine/Plugins/Interchange/Assets/Content/gltf/MaterialFunctions/MF_MetallicRoughness.uasset" 5292
"../../../Engine/Plugins/Interchange/Assets/Content/Functions/MF_IridescenceNoLUT.uasset" 5293
"/Niagara/DynamicInputs/TypeConversions/MakeVector2D" 5294
"/Niagara/DynamicInputs/TypeConversions/MakeVector" 5295
"/Niagara/DynamicInputs/Transforms/ConvertVectorToPosition" 5296
"/Niagara/DynamicInputs/Transforms/ConvertPositionToVector" 5297
"/Niagara/DynamicInputs/Math/Abs_Float" 5298
"/Niagara/Modules/Spawn/Location/SpawnParticlesInGrid" 5299
"/Niagara/Functions/RandomVector" 5300
"/Niagara/Functions/MakeTranslationMatrix" 5301
"/Niagara/Functions/Math/GetMatrixScale" 5302
"/InterchangeAssets/Functions/MF_IridescenceNoLUT" 5303
"../../../Engine/Plugins/Interchange/Assets/Content/Functions/MF_Iridescence.uasset" 5304
"../../../Engine/Plugins/Interchange/Assets/Content/gltf/Textures/T_White_srgb.uasset" 5305
"../../../Engine/Content/Functions/Engine_MaterialFunctions03/Math/RemapValueRange.uasset" 5306
"../../../Engine/Plugins/Interchange/Assets/Content/gltf/MaterialFunctions/MF_RotateV2.uasset" 5307
"../../../Engine/Plugins/Interchange/Assets/Content/gltf/MaterialFunctions/MF_IOR.uasset" 5308
"../../../Engine/Plugins/Interchange/Assets/Content/gltf/MaterialInstances/MI_ClearCoat_Blend.uasset" 5309
"../../../Engine/Plugins/Interchange/Assets/Content/gltf/MaterialFunctions/MF_BaseColor.uasset" 5310
"../../../Engine/Plugins/Interchange/Assets/Content/gltf/MaterialFunctions/MF_TransformUVs.uasset" 5311
"../../../Engine/Plugins/Interchange/Assets/Content/gltf/MaterialInstances/MI_ClearCoat_Mask.uasset" 5312
"../../../Engine/Plugins/Interchange/Assets/Content/gltf/MaterialFunctions/MF_Iridescence.uasset" 5313
"../../../Engine/Plugins/Interchange/Assets/Content/Utilities/New_LUT.uasset" 5314
"../../../Engine/Plugins/Interchange/Assets/Content/gltf/MaterialInstances/MI_ClearCoat_Opaque.uasset" 5315
"../../../Engine/Plugins/Interchange/Assets/Content/gltf/M_ClearCoat.uasset" 5316
"/InterchangeAssets/gltf/MaterialFunctions/MF_MetallicRoughness" 5317
"/InterchangeAssets/gltf/MaterialFunctions/MF_Normals" 5318
"/Niagara/Modules/Spawn/Location/V2/GridLocation" 5319
"/InterchangeAssets/gltf/MaterialFunctions/MF_Occlusion" 5320
"/InterchangeAssets/gltf/MaterialFunctions/MF_SpecularAnisotropy" 5321
"/InterchangeAssets/gltf/MaterialFunctions/MF_Clearcoat" 5322
"/Game/UltraDynamicSky/Particles/VolumetricCloud_LightRays" 5323
"/InterchangeAssets/gltf/MaterialInstances/MI_ClearCoat_Blend" 5324
"../../../Engine/Plugins/Interchange/Assets/Content/gltf/MaterialBodies/MF_Sheen_Body.uasset" 5325
"../../../Engine/Plugins/Interchange/Assets/Content/gltf/MaterialInstances/MI_Default_Blend.uasset" 5326
"../../../Engine/Plugins/Interchange/Assets/Content/gltf/M_Default.uasset" 5327
"../../../Engine/Plugins/Interchange/Assets/Content/gltf/MaterialInstances/MI_ClearCoat_Mask_DS.uasset" 5328
"../../../Engine/Plugins/Interchange/Assets/Content/gltf/MaterialInstances/MI_Default_Opaque_DS.uasset" 5329
"../../../Engine/Plugins/Interchange/Assets/Content/gltf/MaterialFunctions/MF_Sheen.uasset" 5330
"../../../Engine/Plugins/Interchange/Assets/Content/gltf/MaterialInstances/MI_Default_Mask.uasset" 5331
"../../../Engine/Plugins/Interchange/Assets/Content/gltf/MaterialInstances/MI_Default_Opaque.uasset" 5332
"../../../Engine/Plugins/Interchange/Assets/Content/gltf/MaterialBodies/MF_Default_Body.uasset" 5333
"../../../Engine/Plugins/Interchange/Assets/Content/gltf/MaterialInstances/MI_ClearCoat_Opaque_DS.uasset" 5334
"../../../Engine/Plugins/Interchange/Assets/Content/gltf/MaterialInstances/MI_ClearCoat_Blend_DS.uasset" 5335
"../../../Engine/Plugins/Interchange/Assets/Content/gltf/MaterialInstances/MI_Default_Blend_DS.uasset" 5336
"../../../Engine/Plugins/Interchange/Assets/Content/gltf/MaterialInstances/MI_Default_Mask_DS.uasset" 5337
"../../../Engine/Plugins/Interchange/Assets/Content/gltf/M_Sheen.uasset" 5338
"../../../Engine/Plugins/Interchange/Assets/Content/gltf/MaterialInstances/MI_Sheen_Mask.uasset" 5339
"../../../Engine/Plugins/Interchange/Assets/Content/gltf/MaterialInstances/MI_Sheen_Opaque.uasset" 5340
"/InterchangeAssets/gltf/MaterialInstances/MI_ClearCoat_Mask" 5341
"/InterchangeAssets/gltf/MaterialInstances/MI_ClearCoat_Opaque" 5342
"/InterchangeAssets/gltf/MaterialInstances/MI_Sheen_Mask" 5343
"../../../Engine/Plugins/Interchange/Assets/Content/gltf/MaterialInstances/MI_Sheen_Mask_DS.uasset" 5344
"../../../Engine/Plugins/Interchange/Assets/Content/gltf/MaterialFunctions/MF_PerceivedBrightness.uasset" 5345
"../../../Engine/Plugins/Interchange/Assets/Content/gltf/MaterialInstances/MI_Transmission.uasset" 5346
"../../../Engine/Plugins/Interchange/Assets/Content/gltf/M_Transmission.uasset" 5347
"../../../Engine/Plugins/Interchange/Assets/Content/gltf/MaterialFunctions/MF_Transmission.uasset" 5348
"../../../Engine/Plugins/Interchange/Assets/Content/gltf/MaterialFunctions/MF_Temporal_Blur.uasset" 5349
"../../../Engine/Plugins/Interchange/Assets/Content/gltf/MaterialInstances/MI_Sheen_Blend.uasset" 5350
"../../../Engine/Plugins/Interchange/Assets/Content/gltf/MaterialFunctions/MF_SpecGlossToMetalRoughness.uasset" 5351
"../../../Engine/Plugins/Interchange/Assets/Content/gltf/MaterialFunctions/MF_Fresnel_DS.uasset" 5352
"../../../Engine/Plugins/Interchange/Assets/Content/gltf/MaterialInstances/MI_Sheen_Opaque_DS.uasset" 5353
"../../../Engine/Plugins/Interchange/Assets/Content/gltf/MaterialInstances/MI_Transmission_DS.uasset" 5354
"../../../Engine/Plugins/Interchange/Assets/Content/gltf/MaterialInstances/MI_Sheen_Blend_DS.uasset" 5355
"../../../Engine/Plugins/Interchange/Assets/Content/gltf/MaterialBodies/MF_Transmission_Body.uasset" 5356
"../../../Engine/Plugins/Interchange/Assets/Content/gltf/MaterialFunctions/MF_MaxComponentValue.uasset" 5357
"../../../Engine/Plugins/Interchange/Assets/Content/gltf/MaterialFunctions/MF_DiffuseSpecGloss.uasset" 5358
"../../../Engine/Plugins/Interchange/Assets/Content/gltf/MaterialBodies/MF_SpecularGlossiness_Body.uasset" 5359
"/InterchangeAssets/gltf/MaterialInstances/MI_Sheen_Opaque" 5360
"/InterchangeAssets/gltf/MaterialInstances/MI_Default_Blend_DS" 5361
"/InterchangeAssets/gltf/MaterialInstances/MI_Default_Mask_DS" 5362
"/InterchangeAssets/gltf/MaterialInstances/MI_Default_Opaque_DS" 5363
"/InterchangeAssets/gltf/MaterialInstances/MI_Default_Blend" 5364
"/InterchangeAssets/gltf/MaterialInstances/MI_Default_Mask" 5365
"/InterchangeAssets/gltf/MaterialInstances/MI_Default_Opaque" 5366
"/InterchangeAssets/gltf/MaterialInstances/MI_ClearCoat_Blend_DS" 5367
"/InterchangeAssets/gltf/MaterialInstances/MI_ClearCoat_Mask_DS" 5368
"/InterchangeAssets/gltf/MaterialInstances/MI_ClearCoat_Opaque_DS" 5369
"../../../Engine/Plugins/Interchange/Assets/Shaders/ThinFilmFunctions.usf" 5370
"../../../Engine/Plugins/Interchange/Assets/Content/gltf/MaterialInstances/MI_SpecularGlossiness_Opaque.uasset" 5371
"../../../Engine/Plugins/Interchange/Assets/Content/gltf/M_SpecularGlossiness.uasset" 5372
"D:/unreal_project/Baiguizhen/Content/UltraDynamicSky/Materials/Weather/Dust_Spot_ParticleMat.uasset" 5373
"../../../Engine/Plugins/Interchange/Assets/Content/gltf/MaterialInstances/MI_SpecularGlossiness_Mask.uasset" 5374
"../../../Engine/Content/Functions/Engine_MaterialFunctions02/Math/AddComponents.uasset" 5375
"../../../Engine/Plugins/Interchange/Assets/Content/gltf/MaterialInstances/MI_SpecularGlossiness_Opaque_DS.uasset" 5376
"D:/unreal_project/Baiguizhen/Content/UltraDynamicSky/Particles/Dust_Card_Appearance.uasset" 5377
"D:/unreal_project/Baiguizhen/Content/UltraDynamicSky/Textures/Weather/Dust_Alpha.uasset" 5378
"D:/unreal_project/Baiguizhen/Content/UltraDynamicSky/Materials/Weather/Dust_ParticleMat.uasset" 5379
"D:/unreal_project/Baiguizhen/Content/UltraDynamicSky/Particles/Dust_Spot_Appearance.uasset" 5380
"../../../Engine/Plugins/Interchange/Assets/Content/gltf/MaterialInstances/MI_SpecularGlossiness_Mask_DS.uasset" 5381
"../../../Engine/Plugins/Interchange/Assets/Content/gltf/MaterialInstances/MI_SpecularGlossiness_Blend_DS.uasset" 5382
"D:/unreal_project/Baiguizhen/Content/UltraDynamicSky/Particles/Dust_Update_Parameters.uasset" 5383
"D:/unreal_project/Baiguizhen/Content/UltraDynamicSky/Particles/Dust.uasset" 5384
"../../../Engine/Plugins/Interchange/Assets/Content/gltf/MaterialInstances/MI_SpecularGlossiness_Blend.uasset" 5385
"D:/unreal_project/Baiguizhen/Content/UltraDynamicSky/Materials/Weather/Stuck_Snow_Decal_Mat.uasset" 5386
"/InterchangeAssets/gltf/MaterialFunctions/MF_DiffuseSpecGloss" 5387
"/InterchangeAssets/gltf/MaterialFunctions/MF_MaxComponentValue" 5388
"/InterchangeAssets/gltf/MaterialInstances/MI_Transmission_DS" 5389
"/InterchangeAssets/gltf/MaterialInstances/MI_Transmission" 5390
"/InterchangeAssets/gltf/MaterialInstances/MI_Sheen_Blend_DS" 5391
"/InterchangeAssets/gltf/MaterialInstances/MI_Sheen_Mask_DS" 5392
"/InterchangeAssets/gltf/MaterialInstances/MI_Sheen_Opaque_DS" 5393
"/InterchangeAssets/gltf/MaterialInstances/MI_Sheen_Blend" 5394
"../../../Engine/Plugins/FX/Niagara/Content/Enums/ENiagaraArraySamplingMode.uasset" 5395
"../../../Engine/Plugins/FX/Niagara/Content/DynamicInputs/UniformRange/UniformAOrBFloat.uasset" 5396
"../../../Engine/Plugins/FX/Niagara/Content/DynamicInputs/Vectors/FindQuatBetweenTwoVectors.uasset" 5397
"../../../Engine/Plugins/FX/Niagara/Content/Modules/Update/Orientation/SpriteRotationRate.uasset" 5398
"../../../Engine/Plugins/FX/Niagara/Content/DynamicInputs/Arrays/SelectFloatFromArray.uasset" 5399
"/Game/UltraDynamicSky/Particles/Dust_Card_Appearance" 5400
"D:/unreal_project/Baiguizhen/Content/UltraDynamicSky/Textures/Weather/Debris_Twigs_and_Leaves.uasset" 5401
"D:/unreal_project/Baiguizhen/Content/UltraDynamicSky/Materials/Weather/Snow_ParticleMat.uasset" 5402
"D:/unreal_project/Baiguizhen/Content/UltraDynamicSky/Materials/Weather/SnowParticle_Attributes.uasset" 5403
"D:/unreal_project/Baiguizhen/Content/UltraDynamicSky/Particles/Snow_Sprite_Appearance.uasset" 5404
"D:/unreal_project/Baiguizhen/Content/UltraDynamicSky/Materials/Weather/Wind_Debris.uasset" 5405
"D:/unreal_project/Baiguizhen/Content/UltraDynamicSky/Particles/Snow.uasset" 5406
"D:/unreal_project/Baiguizhen/Content/UltraDynamicSky/Particles/Snow_Twirl.uasset" 5407
"D:/unreal_project/Baiguizhen/Content/UltraDynamicSky/Particles/Wind_Debris.uasset" 5408
"/Game/UltraDynamicSky/Materials/Weather/Dust_ParticleMat" 5409
"/Game/UltraDynamicSky/Materials/Weather/Dust_Spot_ParticleMat" 5410
"/InterchangeAssets/gltf/MaterialInstances/MI_SpecularGlossiness_Blend_DS" 5411
"/InterchangeAssets/gltf/MaterialInstances/MI_SpecularGlossiness_Mask_DS" 5412
"/InterchangeAssets/gltf/MaterialInstances/MI_SpecularGlossiness_Opaque_DS" 5413
"/InterchangeAssets/gltf/MaterialInstances/MI_SpecularGlossiness_Blend" 5414
"/InterchangeAssets/gltf/MaterialInstances/MI_SpecularGlossiness_Mask" 5415
"/InterchangeAssets/gltf/MaterialInstances/MI_SpecularGlossiness_Opaque" 5416
"/Game/UltraDynamicSky/Materials/Weather/Stuck_Snow_Decal_Mat" 5417
"/Game/UltraDynamicSky/Particles/Dust" 5418
"/Engine/EditorResources/EmptyActor" 5419
"../../../Engine/Content/EditorResources/EmptyActor.uasset" 5420
"/Engine/EditorResources/AudioIcons/S_AudioComponent_AutoActivate" 5421
"../../../Engine/Content/EditorResources/AudioIcons/S_AudioComponent_AutoActivate.uasset" 5422
"/Game/UltraDynamicSky/Materials/Weather/Splash_ParticleMat_Translucent" 5423
"D:/unreal_project/Baiguizhen/Content/UltraDynamicSky/Materials/Weather/Splash_ParticleMat_Translucent.uasset" 5424
"/Game/UltraDynamicSky/Materials/Weather/Splash_Droplet_Particle_Translucent" 5425
"D:/unreal_project/Baiguizhen/Content/UltraDynamicSky/Materials/Weather/Splash_Droplet_Particle_Translucent.uasset" 5426
"/Game/UltraDynamicSky/Materials/Weather/Rain_ParticleMat_ADOF" 5427
"D:/unreal_project/Baiguizhen/Content/UltraDynamicSky/Materials/Weather/Rain_ParticleMat_ADOF.uasset" 5428
"/Game/UltraDynamicSky/Materials/Weather/Snow_ParticleMat_ADOF" 5429
"D:/unreal_project/Baiguizhen/Content/UltraDynamicSky/Materials/Weather/Snow_ParticleMat_ADOF.uasset" 5430
"/Game/UltraDynamicSky/Materials/Weather/Snow_ParticleMat" 5431
"/Game/UltraDynamicSky/Particles/Snow" 5432
"../../Plugins/FX/Niagara/Content/DynamicInputs/UniformRange/UniformAOrBFloat.uasset" 5433
"../../Plugins/FX/Niagara/Content/DynamicInputs/Vectors/FindQuatBetweenTwoVectors.uasset" 5434
"../../Plugins/FX/Niagara/Content/DynamicInputs/Arrays/SelectFloatFromArray.uasset" 5435
"/Game/UltraDynamicSky/Particles/Lightning_Strike" 5436
"D:/unreal_project/Baiguizhen/Content/UltraDynamicSky/Particles/Lightning_Strike.uasset" 5437
"D:/unreal_project/Baiguizhen/Content/UltraDynamicSky/Materials/Weather/Lightning_Light_Rays_Card.uasset" 5438
"D:/unreal_project/Baiguizhen/Content/UltraDynamicSky/Materials/Weather/LightningBolt_ParticleMat.uasset" 5439
"../../Plugins/FX/Niagara/Content/DynamicInputs/Lerp/Lerp_Vector2.uasset" 5440
"../../Plugins/FX/Niagara/Content/DynamicInputs/Random/V2/RandomVector.uasset" 5441
"../../Plugins/FX/Niagara/Content/DynamicInputs/TypeConversions/MakeVector4_FromFloat.uasset" 5442
"../../Plugins/FX/Niagara/Content/DynamicInputs/TypeConversions/VectorLength.uasset" 5443
"../../Plugins/FX/Niagara/Content/DynamicInputs/Vectors/Position/ReturnCameraPosition.uasset" 5444
"../../Plugins/FX/Niagara/Content/Functions/DirectionAndLength.uasset" 5445
"../../../Engine/Content/Functions/Engine_MaterialFunctions02/Utility/VectorToRadialValue.uasset" 5446
"D:/unreal_project/Baiguizhen/Content/UltraDynamicSky/Textures/Weather/Lightning_Bolt.uasset" 5447
"../../Plugins/FX/Niagara/Content/Functions/Camera/GetCameraPropertiesGPU.uasset" 5448
"/Game/UltraDynamicSky/Textures/Sky/FlatCubemap" 5449
"D:/unreal_project/Baiguizhen/Content/UltraDynamicSky/Textures/Sky/FlatCubemap.uasset" 5450
"../../../Engine/Plugins/FX/Niagara/Content/Modules/ExportParticleData/ExportParticleDataToBlueprint.uasset" 5451
"D:/unreal_project/Baiguizhen/Content/UltraDynamicSky/Materials/Material_Instances/Volumetric_Clouds_2L.uasset" 5452
"D:/unreal_project/Baiguizhen/Content/UltraDynamicSky/Textures/Weather/Rainbow_gradient.uasset" 5453
"D:/unreal_project/Baiguizhen/Content/UltraDynamicSky/Materials/Material_Instances/Volumetric_Clouds_2L_S.uasset" 5454
"D:/unreal_project/Baiguizhen/Content/UltraDynamicSky/Materials/Material_Instances/Volumetric_Cloud_Shadows_Caustics.uasset" 5455
"D:/unreal_project/Baiguizhen/Content/UltraDynamicSky/Textures/Space/Planets_Moons/Deform_Noise.uasset" 5456
"D:/unreal_project/Baiguizhen/Content/UltraDynamicSky/Particles/DF_Occlusion_Test.uasset" 5457
"../../../Engine/Content/EngineMaterials/FlatNormal.uasset" 5458
"D:/unreal_project/Baiguizhen/Content/UltraDynamicSky/Particles/Snow_DF.uasset" 5459
"D:/unreal_project/Baiguizhen/Content/UltraDynamicSky/Particles/Wind_Debris_DF.uasset" 5460
"D:/unreal_project/Baiguizhen/Content/UltraDynamicSky/Particles/Dust_DF.uasset" 5461
"D:/unreal_project/Baiguizhen/Content/UltraDynamicSky/Materials/Weather/Rainbow_Mat_Volumetric.uasset" 5462
"D:/unreal_project/Baiguizhen/Content/UltraDynamicSky/Materials/Weather/Rainbow_Mat.uasset" 5463
"D:/unreal_project/Baiguizhen/Content/UltraDynamicSky/Materials/Space/Space_Planet_Mat.uasset" 5464
"../../../Engine/Content/Functions/Engine_MaterialFunctions01/Volumetrics/BeersLaw.uasset" 5465
"../../../Engine/Plugins/Interchange/Assets/Content/Functions/MX_Transmission.uasset" 5466
"D:/unreal_project/Baiguizhen/Content/UltraDynamicSky/Materials/Space/Instances/Space_Planet_Default.uasset" 5467
"D:/unreal_project/Baiguizhen/Content/UltraDynamicSky/Materials/Space/Instances/Space_Planet_N.uasset" 5468
"D:/unreal_project/Baiguizhen/Content/UltraDynamicSky/Materials/Space/Instances/Space_Planet_A.uasset" 5469
"D:/unreal_project/Baiguizhen/Content/UltraDynamicSky/Materials/Space/Instances/Space_Planet_NA.uasset" 5470
"/Game/UltraDynamicSky/Particles/Wind_Debris" 5471
"../../../Engine/Plugins/Interchange/Assets/Content/Functions/MF_OrenNayerView.uasset" 5472
"../../../Engine/Content/Functions/Substrate/MF_SchlickInternal.uasset" 5473
"../../../Engine/Plugins/Interchange/Assets/Content/gltf/MaterialInstances/MI_Unlit_Opaque.uasset" 5474
"/Game/UltraDynamicSky/Materials/Weather/Rainbow_Mat" 5475
"../../../Engine/Plugins/Interchange/Assets/Content/Functions/MX_StandardSurface.uasset" 5476
"../../../Engine/Plugins/Interchange/Assets/Content/Functions/MX_OpenPBR_Translucent.uasset" 5477
"../../../Engine/Plugins/Interchange/Assets/Content/gltf/MaterialBodies/MF_Unlit_Body.uasset" 5478
"../../../Engine/Plugins/Interchange/Assets/Content/Functions/MX_TransmissionSurface.uasset" 5479
"../../../Engine/Plugins/Interchange/Assets/Content/gltf/M_Unlit.uasset" 5480
"/Game/UltraDynamicSky/Particles/Snow_DF" 5481
"/Game/UltraDynamicSky/Particles/Dust_DF" 5482
"/Game/UltraDynamicSky/Materials/Material_Instances/Volumetric_Clouds_2L_S" 5483
"/Game/UltraDynamicSky/Materials/Material_Instances/Volumetric_Clouds_2L" 5484
"/Game/UltraDynamicSky/Particles/DF_Occlusion_Test" 5485
"/InterchangeAssets/Functions/MX_Transmission" 5486
"/Game/UltraDynamicSky/Materials/Space/Instances/Space_Planet_A" 5487
"/Game/UltraDynamicSky/Materials/Space/Instances/Space_Planet_N" 5488
"/Game/UltraDynamicSky/Materials/Space/Instances/Space_Planet_NA" 5489
"/Game/UltraDynamicSky/Particles/Wind_Debris_DF" 5490
"/Game/UltraDynamicSky/Materials/Material_Instances/Volumetric_Cloud_Shadows_Caustics" 5491
"/Game/UltraDynamicSky/Materials/Weather/Rainbow_Mat_Volumetric" 5492
"../../../Engine/Plugins/Interchange/Assets/Content/gltf/MaterialInstances/MI_Unlit_Blend.uasset" 5493
"../../../Engine/Plugins/Interchange/Assets/Content/gltf/MaterialInstances/MI_Unlit_Blend_DS.uasset" 5494
"../../../Engine/Plugins/Interchange/Assets/Content/gltf/MaterialInstances/MI_Unlit_Opaque_DS.uasset" 5495
"../../../Engine/Plugins/Interchange/Assets/Content/gltf/MaterialInstances/MI_Unlit_Mask_DS.uasset" 5496
"../../../Engine/Plugins/Interchange/Assets/Content/gltf/MaterialInstances/MI_Unlit_Mask.uasset" 5497
"D:/unreal_project/Baiguizhen/Content/UltraDynamicSky/Materials/Material_Functions/Lens_Flare_Element.uasset" 5498
"D:/unreal_project/Baiguizhen/Content/UltraDynamicSky/Materials/Lens_Flare.uasset" 5499
"D:/unreal_project/Baiguizhen/Content/UltraDynamicSky/Materials/Material_Instances/Lens_Flares/35mm_Prime.uasset" 5500
"D:/unreal_project/Baiguizhen/Content/UltraDynamicSky/Textures/LensFlares/Flare_Line.uasset" 5501
"D:/unreal_project/Baiguizhen/Content/UltraDynamicSky/Textures/LensFlares/Prime_Flare.uasset" 5502
"D:/unreal_project/Baiguizhen/Content/UltraDynamicSky/Textures/LensFlares/Rainbow_Ring.uasset" 5503
"D:/unreal_project/Baiguizhen/Content/UltraDynamicSky/Textures/LensFlares/Circle_Bokeh.uasset" 5504
"D:/unreal_project/Baiguizhen/Content/UltraDynamicSky/Textures/LensFlares/Star_Flare.uasset" 5505
"D:/unreal_project/Baiguizhen/Content/UltraDynamicSky/Textures/LensFlares/Rough_Abberated_Bokeh.uasset" 5506
"D:/unreal_project/Baiguizhen/Content/UltraDynamicSky/Textures/LensFlares/Anamorphic_Flare.uasset" 5507
"D:/unreal_project/Baiguizhen/Content/UltraDynamicSky/Textures/LensFlares/Anamorphic_Streak.uasset" 5508
"D:/unreal_project/Baiguizhen/Content/UltraDynamicSky/Textures/LensFlares/Soft_Abberation.uasset" 5509
"D:/unreal_project/Baiguizhen/Content/UltraDynamicSky/Materials/Material_Instances/Lens_Flares/Anamorphic.uasset" 5510
"D:/unreal_project/Baiguizhen/Content/UltraDynamicSky/Materials/Material_Instances/Lens_Flares/Zoom_Chromatic.uasset" 5511
"/InterchangeAssets/gltf/MaterialInstances/MI_Unlit_Opaque" 5512
"/InterchangeAssets/Functions/MX_OpenPBR_Translucent" 5513
"D:/unreal_project/Baiguizhen/Content/UltraDynamicSky/Materials/Material_Functions/2D_Cloud_Shadows_MF.uasset" 5514
"D:/unreal_project/Baiguizhen/Content/UltraDynamicSky/Materials/2D_Cloud_Shadows.uasset" 5515
"D:/unreal_project/Baiguizhen/Content/UltraDynamicSky/Materials/Material_Instances/2D_Cloud_Shadows_Caustics.uasset" 5516
"D:/unreal_project/Baiguizhen/Content/UltraDynamicSky/Materials/Global_Volumetric_Fog.uasset" 5517
"D:/unreal_project/Baiguizhen/Content/UltraDynamicSky/Materials/Material_Instances/Global_Volumetric_Fog_w_Ground_Fog.uasset" 5518
"/Game/UltraDynamicSky/Materials/Material_Instances/Lens_Flares/Zoom_Chromatic" 5519
"/Game/UltraDynamicSky/Materials/Material_Instances/Lens_Flares/Anamorphic" 5520
"/Game/UltraDynamicSky/Materials/Material_Instances/Lens_Flares/35mm_Prime" 5521
"/InterchangeAssets/gltf/MaterialInstances/MI_Unlit_Blend_DS" 5522
"/InterchangeAssets/gltf/MaterialInstances/MI_Unlit_Mask_DS" 5523
"/InterchangeAssets/gltf/MaterialInstances/MI_Unlit_Opaque_DS" 5524
"/InterchangeAssets/gltf/MaterialInstances/MI_Unlit_Blend" 5525
"/InterchangeAssets/gltf/MaterialInstances/MI_Unlit_Mask" 5526
"../../../Engine/Content/Functions/Engine_MaterialFunctions02/Texturing/ScreenAlignedUVs.uasset" 5527
"D:/unreal_project/Baiguizhen/Content/UltraDynamicSky/Materials/Weather/Heat_Distortion.uasset" 5528
"D:/unreal_project/Baiguizhen/Content/UltraDynamicSky/Textures/Weather/WaterDroplets_Small.uasset" 5529
"D:/unreal_project/Baiguizhen/Content/UltraDynamicSky/Materials/Material_Functions/Screen_Droplet_Sample.uasset" 5530
"D:/unreal_project/Baiguizhen/Content/UltraDynamicSky/Textures/Weather/Drips_Vertical_Mask.uasset" 5531
"D:/unreal_project/Baiguizhen/Content/UltraDynamicSky/Materials/Material_Functions/Heat_Distortion_Sample.uasset" 5532
"D:/unreal_project/Baiguizhen/Content/UltraDynamicSky/Materials/Weather/Screen_Droplets.uasset" 5533
"D:/unreal_project/Baiguizhen/Content/UltraDynamicSky/Materials/Inside_Clouds_Fog_Particle.uasset" 5534
"D:/unreal_project/Baiguizhen/Content/UltraDynamicSky/Materials/Cloud_Fog_PostProcess.uasset" 5535
"/Game/UltraDynamicSky/Materials/Material_Instances/Global_Volumetric_Fog_w_Ground_Fog" 5536
"/Game/UltraDynamicSky/Materials/Material_Instances/2D_Cloud_Shadows_Caustics" 5537
"/Game/UltraDynamicSky/Materials/Weather/Screen_Droplets" 5538
"/Game/UltraDynamicSky/Materials/Weather/Heat_Distortion" 5539
"/Game/UltraDynamicSky/Materials/Inside_Clouds_Fog_Particle" 5540
"/Game/UltraDynamicSky/Materials/Cloud_Fog_PostProcess" 5541
"D:/unreal_project/Baiguizhen/Content/UltraDynamicSky/Materials/Material_Instances/Water_Caustics_LightFunction.uasset" 5542
"../../../Engine/Content/EngineMaterials/DefaultNormal.uasset" 5543
"D:/unreal_project/Baiguizhen/Content/UltraDynamicSky/Materials/Space/Nebula_Layer.uasset" 5544
"D:/unreal_project/Baiguizhen/Content/UltraDynamicSky/Materials/Weather/Screen_Frost.uasset" 5545
"../../../Engine/Plugins/Interchange/Assets/Content/Functions/MX_OpenPBR_Opaque.uasset" 5546
"/Game/UltraDynamicSky/Materials/Material_Instances/Water_Caustics_LightFunction" 5547
"/InterchangeAssets/Functions/MX_OpenPBR_Opaque" 5548
"/Game/UltraDynamicSky/Materials/Weather/Screen_Frost" 5549
"/Game/UltraDynamicSky/Materials/Space/Nebula_Layer" 5550
"../../../Engine/Plugins/Animation/ControlRig/Content/Controls/ControlRig_Arrow2_3mm.uasset" 5551
"../../../Engine/Plugins/Animation/ControlRig/Content/Controls/ControlRig_Arrow2_1mm.uasset" 5552
"../../../Engine/Plugins/Animation/ControlRig/Content/Controls/ControlRig_Arrow2_solid.uasset" 5553
"../../../Engine/Plugins/Animation/ControlRig/Content/Controls/ControlRig_Sphere_solid.uasset" 5554
"../../../Engine/Plugins/Animation/ControlRig/Content/Controls/ControlRig_Arrow4_1mm.uasset" 5555
"../../../Engine/Plugins/Animation/ControlRig/Content/Controls/ControlRig_Arrow4_solid.uasset" 5556
"../../../Engine/Plugins/Animation/ControlRig/Content/Controls/ControlRig_Arrow_1mm.uasset" 5557
"../../../Engine/Plugins/Animation/ControlRig/Content/Controls/ControlRig_Arrow4_3mm.uasset" 5558
"../../../Engine/Plugins/Animation/ControlRig/Content/Controls/ControlRig_Arrow_3mm.uasset" 5559
"../../../Engine/Plugins/Animation/ControlRig/Content/Controls/ControlRig_Arrow_solid.uasset" 5560
"../../../Engine/Plugins/Animation/ControlRig/Content/Controls/ControlRig_Box_1mm.uasset" 5561
"../../../Engine/Plugins/Animation/ControlRig/Content/Controls/ControlRig_Box_solid.uasset" 5562
"../../../Engine/Plugins/Animation/ControlRig/Content/Controls/ControlRig_Box_3mm.uasset" 5563
"../../../Engine/Plugins/Animation/ControlRig/Content/Controls/ControlRig_Circle_1mm.uasset" 5564
"../../../Engine/Plugins/Animation/ControlRig/Content/Controls/ControlRig_Circle_3mm.uasset" 5565
"../../../Engine/Plugins/Animation/ControlRig/Content/Controls/ControlRig_Circle_solid.uasset" 5566
"../../../Engine/Plugins/Animation/ControlRig/Content/Controls/ControlRig_Diamond_1mm.uasset" 5567
"../../../Engine/Plugins/Animation/ControlRig/Content/Controls/ControlRig_Diamond_3mm.uasset" 5568
"../../../Engine/Plugins/Animation/ControlRig/Content/Controls/ControlRig_Diamond_solid.uasset" 5569
"../../../Engine/Plugins/Animation/ControlRig/Content/Controls/ControlRig_HalfCircle_3mm.uasset" 5570
"../../../Engine/Plugins/Animation/ControlRig/Content/Controls/ControlRig_HalfCircle_1mm.uasset" 5571
"../../../Engine/Plugins/Animation/ControlRig/Content/Controls/ControlRig_HalfCircle_solid.uasset" 5572
"../../../Engine/Plugins/Animation/ControlRig/Content/Controls/ControlRig_Hexagon_1mm.uasset" 5573
"../../../Engine/Plugins/Animation/ControlRig/Content/Controls/ControlRig_Hexagon_3mm.uasset" 5574
"../../../Engine/Plugins/Animation/ControlRig/Content/Controls/ControlRig_Hexagon_solid.uasset" 5575
"../../../Engine/Plugins/Animation/ControlRig/Content/Controls/ControlRig_Octagon_1mm.uasset" 5576
"../../../Engine/Plugins/Animation/ControlRig/Content/Controls/ControlRig_Octagon_3mm.uasset" 5577
"../../../Engine/Plugins/Animation/ControlRig/Content/Controls/ControlRig_Octagon_solid.uasset" 5578
"../../../Engine/Plugins/Animation/ControlRig/Content/Controls/ControlRig_Pyramid_1mm.uasset" 5579
"../../../Engine/Plugins/Animation/ControlRig/Content/Controls/ControlRig_Pyramid_3mm.uasset" 5580
"../../../Engine/Plugins/Animation/ControlRig/Content/Controls/ControlRig_Pyramid_solid.uasset" 5581
"../../../Engine/Plugins/Animation/ControlRig/Content/Controls/ControlRig_QuarterCircle_1mm.uasset" 5582
"/ControlRig/Controls/ControlRig_Octagon_solid" 5583
"/ControlRig/Controls/ControlRig_Hexagon_3mm" 5584
"/ControlRig/Controls/ControlRig_Hexagon_1mm" 5585
"/ControlRig/Controls/ControlRig_HalfCircle_solid" 5586
"/ControlRig/Controls/ControlRig_HalfCircle_3mm" 5587
"/ControlRig/Controls/ControlRig_HalfCircle_1mm" 5588
"/ControlRig/Controls/ControlRig_Diamond_solid" 5589
"/ControlRig/Controls/ControlRig_Diamond_3mm" 5590
"/ControlRig/Controls/ControlRig_Diamond_1mm" 5591
"/ControlRig/Controls/ControlRig_Circle_solid" 5592
"/ControlRig/Controls/ControlRig_Circle_3mm" 5593
"/ControlRig/Controls/ControlRig_Arrow_3mm" 5594
"/ControlRig/Controls/ControlRig_Arrow_1mm" 5595
"/ControlRig/Controls/ControlRig_Arrow4_solid" 5596
"/ControlRig/Controls/ControlRig_Arrow4_3mm" 5597
"/ControlRig/Controls/ControlRig_Arrow2_solid" 5598
"/ControlRig/Controls/ControlRig_Arrow2_3mm" 5599
"/ControlRig/Controls/ControlRig_Arrow2_1mm" 5600
"/ControlRig/Controls/ControlRig_Sphere_solid" 5601
"/ControlRig/Controls/ControlRig_Arrow4_1mm" 5602
"/ControlRig/Controls/ControlRig_QuarterCircle_1mm" 5603
"/ControlRig/Controls/ControlRig_Pyramid_solid" 5604
"/ControlRig/Controls/ControlRig_Pyramid_3mm" 5605
"/ControlRig/Controls/ControlRig_Pyramid_1mm" 5606
"/ControlRig/Controls/ControlRig_Octagon_3mm" 5607
"/ControlRig/Controls/ControlRig_Octagon_1mm" 5608
"/ControlRig/Controls/ControlRig_Hexagon_solid" 5609
"/ControlRig/Controls/ControlRig_Circle_1mm" 5610
"/ControlRig/Controls/ControlRig_Box_solid" 5611
"/ControlRig/Controls/ControlRig_Box_3mm" 5612
"/ControlRig/Controls/ControlRig_Box_1mm" 5613
"/ControlRig/Controls/ControlRig_Arrow_solid" 5614
"../../../Engine/Plugins/Animation/ControlRig/Content/Controls/ControlRig_QuarterCircle_3mm.uasset" 5615
"../../../Engine/Plugins/Animation/ControlRig/Content/Controls/ControlRig_QuarterCircle_solid.uasset" 5616
"../../../Engine/Plugins/Animation/ControlRig/Content/Controls/ControlRig_RoundedSquare_1mm.uasset" 5617
"../../../Engine/Plugins/Animation/ControlRig/Content/Controls/ControlRig_RoundedSquare_3mm.uasset" 5618
"../../../Engine/Plugins/Animation/ControlRig/Content/Controls/ControlRig_RoundedSquare_solid.uasset" 5619
"../../../Engine/Plugins/Animation/ControlRig/Content/Controls/ControlRig_RoundedTriangle_1mm.uasset" 5620
"../../../Engine/Plugins/Animation/ControlRig/Content/Controls/ControlRig_RoundedTriangle_solid.uasset" 5621
"../../../Engine/Plugins/Animation/ControlRig/Content/Controls/ControlRig_Sphere_1mm.uasset" 5622
"../../../Engine/Plugins/Animation/ControlRig/Content/Controls/ControlRig_RoundedTriangle_3mm.uasset" 5623
"../../../Engine/Plugins/Animation/ControlRig/Content/Controls/ControlRig_Sphere_3mm.uasset" 5624
"../../../Engine/Plugins/Animation/ControlRig/Content/Controls/ControlRig_Square_1mm.uasset" 5625
"../../../Engine/Plugins/Animation/ControlRig/Content/Controls/ControlRig_Square_3mm.uasset" 5626
"../../../Engine/Plugins/Animation/ControlRig/Content/Controls/ControlRig_Square_solid.uasset" 5627
"../../../Engine/Plugins/Animation/ControlRig/Content/Controls/ControlRig_Star4_1mm.uasset" 5628
"../../../Engine/Plugins/Animation/ControlRig/Content/Controls/ControlRig_Star4_3mm.uasset" 5629
"../../../Engine/Plugins/Animation/ControlRig/Content/Controls/ControlRig_Star4_solid.uasset" 5630
"../../../Engine/Plugins/Animation/ControlRig/Content/Controls/ControlRig_Triangle_1mm.uasset" 5631
"../../../Engine/Plugins/Animation/ControlRig/Content/Controls/ControlRig_Triangle_solid.uasset" 5632
"../../../Engine/Plugins/Animation/ControlRig/Content/Controls/ControlRig_Triangle_3mm.uasset" 5633
"../../../Engine/Plugins/Animation/ControlRig/Content/Controls/ControlRig_Wedge_1mm.uasset" 5634
"../../../Engine/Plugins/Animation/ControlRig/Content/Controls/ControlRig_Wedge_solid.uasset" 5635
"../../../Engine/Plugins/Animation/ControlRig/Content/Controls/ControlRig_Wedge_3mm.uasset" 5636
"../../../Engine/Content/Maps/Entry.umap" 5637
"../../../Engine/Content/Maps/Entry_BuiltData.uasset" 5638
"/Engine/Maps/Entry" 5639
"/ControlRig/Controls/ControlRig_Wedge_solid" 5640
"/ControlRig/Controls/ControlRig_Wedge_3mm" 5641
"/ControlRig/Controls/ControlRig_Wedge_1mm" 5642
"/ControlRig/Controls/ControlRig_Triangle_solid" 5643
"/ControlRig/Controls/ControlRig_Triangle_3mm" 5644
"/ControlRig/Controls/ControlRig_Triangle_1mm" 5645
"/ControlRig/Controls/ControlRig_Star4_solid" 5646
"/ControlRig/Controls/ControlRig_Star4_3mm" 5647
"/ControlRig/Controls/ControlRig_Star4_1mm" 5648
"/ControlRig/Controls/ControlRig_Square_solid" 5649
"/ControlRig/Controls/ControlRig_Square_3mm" 5650
"/ControlRig/Controls/ControlRig_Square_1mm" 5651
"/ControlRig/Controls/ControlRig_Sphere_3mm" 5652
"/ControlRig/Controls/ControlRig_Sphere_1mm" 5653
"/ControlRig/Controls/ControlRig_RoundedTriangle_solid" 5654
"/ControlRig/Controls/ControlRig_RoundedTriangle_3mm" 5655
"/ControlRig/Controls/ControlRig_RoundedTriangle_1mm" 5656
"/ControlRig/Controls/ControlRig_RoundedSquare_solid" 5657
"/ControlRig/Controls/ControlRig_RoundedSquare_3mm" 5658
"/ControlRig/Controls/ControlRig_RoundedSquare_1mm" 5659
"/ControlRig/Controls/ControlRig_QuarterCircle_solid" 5660
"/ControlRig/Controls/ControlRig_QuarterCircle_3mm" 5661
"D:/unreal_project/Baiguizhen/Content/UltraDynamicSky/Materials/Material_Functions/PathTracer_Fog_Density.uasset" 5662
"D:/unreal_project/Baiguizhen/Content/UltraDynamicSky/Materials/PathTracer_ExpHeightFog.uasset" 5663
"D:/unreal_project/Baiguizhen/Content/UltraDynamicSky/Materials/Volumetric_Aurora.uasset" 5664
"/Game/UltraDynamicSky/Materials/PathTracer_ExpHeightFog" 5665
"../../../Engine/Content/EditorMaterials/PreviewShadowIndicatorMaterial.uasset" 5666
"../../../Engine/Content/EditorMaterials/PreviewShadowIndicator.uasset" 5667
"/Game/UltraDynamicSky/Materials/Volumetric_Aurora" 5668
"../../../Engine/Content/EngineMaterials/Substrate/GLints/dict_16_192_64_0p5_0p02_0000_0001.uasset" 5669
"../../../Engine/Content/EngineMaterials/Substrate/GLints/dict_16_192_64_0p5_0p02_0000_0006.uasset" 5670
"../../../Engine/Content/EngineMaterials/Substrate/GLints/dict_16_192_64_0p5_0p02_0000_0000.uasset" 5671
"../../../Engine/Content/EngineMaterials/Substrate/GLints/dict_16_192_64_0p5_0p02_0000_0007.uasset" 5672
"../../../Engine/Content/EngineMaterials/Substrate/GLints/dict_16_192_64_0p5_0p02_0000_0008.uasset" 5673
"../../../Engine/Content/EngineMaterials/Substrate/GLints/dict_16_192_64_0p5_0p02_0000_0009.uasset" 5674
"../../../Engine/Content/EngineMaterials/Substrate/GLints/dict_16_192_64_0p5_0p02_0000_0005.uasset" 5675
"../../../Engine/Content/EngineMaterials/Substrate/GLints/dict_16_192_64_0p5_0p02_0000_0002.uasset" 5676
"../../../Engine/Content/EngineMaterials/Substrate/GLints/dict_16_192_64_0p5_0p02_0000_0004.uasset" 5677
"../../../Engine/Content/EngineMaterials/Substrate/GLints/dict_16_192_64_0p5_0p02_0000_0003.uasset" 5678
"../../../Engine/Content/EngineMaterials/Substrate/GLints/dict_16_192_64_0p5_0p02_0000_0010.uasset" 5679
"../../../Engine/Content/EngineMaterials/Substrate/GLints/dict_16_192_64_0p5_0p02_0000_0011.uasset" 5680
"../../../Engine/Content/EngineMaterials/Substrate/GLints/dict_16_192_64_0p5_0p02_0000_0012.uasset" 5681
"../../../Engine/Content/EngineMaterials/Substrate/GLints/dict_16_192_64_0p5_0p02_0000_0013.uasset" 5682
"../../../Engine/Content/EngineMaterials/Substrate/GLints/dict_16_192_64_0p5_0p02_0000_0014.uasset" 5683
"../../../Engine/Content/EngineMaterials/Substrate/GLints/dict_16_192_64_0p5_0p02_0000_0015.uasset" 5684
"../../../Engine/Content/EngineMaterials/Substrate/GLints/dict_16_192_64_0p5_0p02_0001_0000.uasset" 5685
"../../../Engine/Content/EngineMaterials/Substrate/GLints/dict_16_192_64_0p5_0p02_0001_0001.uasset" 5686
"../../../Engine/Content/EngineMaterials/Substrate/GLints/dict_16_192_64_0p5_0p02_0001_0002.uasset" 5687
"../../../Engine/Content/EngineMaterials/Substrate/GLints/dict_16_192_64_0p5_0p02_0001_0003.uasset" 5688
"../../../Engine/Content/EngineMaterials/Substrate/GLints/dict_16_192_64_0p5_0p02_0001_0004.uasset" 5689
"../../../Engine/Content/EngineMaterials/Substrate/GLints/dict_16_192_64_0p5_0p02_0001_0005.uasset" 5690
"../../../Engine/Content/EngineMaterials/Substrate/GLints/dict_16_192_64_0p5_0p02_0001_0006.uasset" 5691
"../../../Engine/Content/EngineMaterials/Substrate/GLints/dict_16_192_64_0p5_0p02_0001_0007.uasset" 5692
"../../../Engine/Content/EngineMaterials/Substrate/GLints/dict_16_192_64_0p5_0p02_0001_0009.uasset" 5693
"../../../Engine/Content/EngineMaterials/Substrate/GLints/dict_16_192_64_0p5_0p02_0001_0008.uasset" 5694
"../../../Engine/Content/EngineMaterials/Substrate/GLints/dict_16_192_64_0p5_0p02_0001_0010.uasset" 5695
"../../../Engine/Content/EngineMaterials/Substrate/GLints/dict_16_192_64_0p5_0p02_0001_0011.uasset" 5696
"../../../Engine/Content/EngineMaterials/Substrate/GLints/dict_16_192_64_0p5_0p02_0001_0012.uasset" 5697
"../../../Engine/Content/EngineMaterials/Substrate/GLints/dict_16_192_64_0p5_0p02_0001_0013.uasset" 5698
"/Engine/EditorMaterials/PreviewShadowIndicatorMaterial" 5699
"../../../Engine/Content/EngineMaterials/Substrate/GLints/dict_16_192_64_0p5_0p02_0001_0014.uasset" 5700
"../../../Engine/Content/EngineMaterials/Substrate/GLints/dict_16_192_64_0p5_0p02_0001_0015.uasset" 5701
"/Engine/EngineMaterials/Substrate/GLints/dict_16_192_64_0p5_0p02_0001_0013" 5702
"/Engine/EngineMaterials/Substrate/GLints/dict_16_192_64_0p5_0p02_0001_0012" 5703
"/Engine/EngineMaterials/Substrate/GLints/dict_16_192_64_0p5_0p02_0001_0011" 5704
"/Engine/EngineMaterials/Substrate/GLints/dict_16_192_64_0p5_0p02_0001_0010" 5705
"/Engine/EngineMaterials/Substrate/GLints/dict_16_192_64_0p5_0p02_0001_0009" 5706
"/Engine/EngineMaterials/Substrate/GLints/dict_16_192_64_0p5_0p02_0001_0008" 5707
"/Engine/EngineMaterials/Substrate/GLints/dict_16_192_64_0p5_0p02_0001_0007" 5708
"/Engine/EngineMaterials/Substrate/GLints/dict_16_192_64_0p5_0p02_0001_0006" 5709
"/Engine/EngineMaterials/Substrate/GLints/dict_16_192_64_0p5_0p02_0001_0005" 5710
"/Engine/EngineMaterials/Substrate/GLints/dict_16_192_64_0p5_0p02_0001_0004" 5711
"/Engine/EngineMaterials/Substrate/GLints/dict_16_192_64_0p5_0p02_0001_0003" 5712
"/Engine/EngineMaterials/Substrate/GLints/dict_16_192_64_0p5_0p02_0001_0002" 5713
"/Engine/EngineMaterials/Substrate/GLints/dict_16_192_64_0p5_0p02_0001_0001" 5714
"/Engine/EngineMaterials/Substrate/GLints/dict_16_192_64_0p5_0p02_0001_0000" 5715
"/Engine/EngineMaterials/Substrate/GLints/dict_16_192_64_0p5_0p02_0000_0015" 5716
"/Engine/EngineMaterials/Substrate/GLints/dict_16_192_64_0p5_0p02_0000_0014" 5717
"/Engine/EngineMaterials/Substrate/GLints/dict_16_192_64_0p5_0p02_0000_0013" 5718
"/Engine/EngineMaterials/Substrate/GLints/dict_16_192_64_0p5_0p02_0000_0012" 5719
"/Engine/EngineMaterials/Substrate/GLints/dict_16_192_64_0p5_0p02_0000_0011" 5720
"/Engine/EngineMaterials/Substrate/GLints/dict_16_192_64_0p5_0p02_0000_0010" 5721
"/Engine/EngineMaterials/Substrate/GLints/dict_16_192_64_0p5_0p02_0000_0009" 5722
"/Engine/EngineMaterials/Substrate/GLints/dict_16_192_64_0p5_0p02_0000_0008" 5723
"/Engine/EngineMaterials/Substrate/GLints/dict_16_192_64_0p5_0p02_0000_0007" 5724
"/Engine/EngineMaterials/Substrate/GLints/dict_16_192_64_0p5_0p02_0000_0006" 5725
"/Engine/EngineMaterials/Substrate/GLints/dict_16_192_64_0p5_0p02_0000_0005" 5726
"/Engine/EngineMaterials/Substrate/GLints/dict_16_192_64_0p5_0p02_0000_0004" 5727
"/Engine/EngineMaterials/Substrate/GLints/dict_16_192_64_0p5_0p02_0000_0003" 5728
"/Engine/EngineMaterials/Substrate/GLints/dict_16_192_64_0p5_0p02_0000_0002" 5729
"/Engine/EngineMaterials/Substrate/GLints/dict_16_192_64_0p5_0p02_0000_0001" 5730
"/Engine/EngineMaterials/Substrate/GLints/dict_16_192_64_0p5_0p02_0000_0000" 5731
"../../../Engine/Content/EngineMaterials/Substrate/GLints/dict_16_192_64_0p5_0p02_0002_0006.uasset" 5732
"../../../Engine/Content/EngineMaterials/Substrate/GLints/dict_16_192_64_0p5_0p02_0002_0004.uasset" 5733
"../../../Engine/Content/EngineMaterials/Substrate/GLints/dict_16_192_64_0p5_0p02_0002_0009.uasset" 5734
"../../../Engine/Content/EngineMaterials/Substrate/GLints/dict_16_192_64_0p5_0p02_0002_0007.uasset" 5735
"../../../Engine/Content/EngineMaterials/Substrate/GLints/dict_16_192_64_0p5_0p02_0002_0010.uasset" 5736
"../../../Engine/Content/EngineMaterials/Substrate/GLints/dict_16_192_64_0p5_0p02_0002_0003.uasset" 5737
"../../../Engine/Content/EngineMaterials/Substrate/GLints/dict_16_192_64_0p5_0p02_0002_0012.uasset" 5738
"../../../Engine/Content/EngineMaterials/Substrate/GLints/dict_16_192_64_0p5_0p02_0002_0008.uasset" 5739
"../../../Engine/Content/EngineMaterials/Substrate/GLints/dict_16_192_64_0p5_0p02_0002_0000.uasset" 5740
"../../../Engine/Content/EngineMaterials/Substrate/GLints/dict_16_192_64_0p5_0p02_0002_0001.uasset" 5741
"/Engine/EngineMaterials/Substrate/GLints/dict_16_192_64_0p5_0p02_0001_0015" 5742
"../../../Engine/Content/EngineMaterials/Substrate/GLints/dict_16_192_64_0p5_0p02_0002_0005.uasset" 5743
"../../../Engine/Content/EngineMaterials/Substrate/GLints/dict_16_192_64_0p5_0p02_0002_0002.uasset" 5744
"../../../Engine/Content/EngineMaterials/Substrate/GLints/dict_16_192_64_0p5_0p02_0002_0011.uasset" 5745
"../../../Engine/Content/EngineMaterials/Substrate/GLints/dict_16_192_64_0p5_0p02_0002_0013.uasset" 5746
"../../../Engine/Content/EngineMaterials/Substrate/GLints/dict_16_192_64_0p5_0p02_0002_0014.uasset" 5747
"../../../Engine/Content/EngineMaterials/Substrate/GLints/dict_16_192_64_0p5_0p02_0003_0001.uasset" 5748
"../../../Engine/Content/EngineMaterials/Substrate/GLints/dict_16_192_64_0p5_0p02_0003_0000.uasset" 5749
"../../../Engine/Content/EngineMaterials/Substrate/GLints/dict_16_192_64_0p5_0p02_0003_0005.uasset" 5750
"../../../Engine/Content/EngineMaterials/Substrate/GLints/dict_16_192_64_0p5_0p02_0003_0003.uasset" 5751
"../../../Engine/Content/EngineMaterials/Substrate/GLints/dict_16_192_64_0p5_0p02_0003_0002.uasset" 5752
"../../../Engine/Content/EngineMaterials/Substrate/GLints/dict_16_192_64_0p5_0p02_0002_0015.uasset" 5753
"../../../Engine/Content/EngineMaterials/Substrate/GLints/dict_16_192_64_0p5_0p02_0003_0006.uasset" 5754
"../../../Engine/Content/EngineMaterials/Substrate/GLints/dict_16_192_64_0p5_0p02_0003_0007.uasset" 5755
"../../../Engine/Content/EngineMaterials/Substrate/GLints/dict_16_192_64_0p5_0p02_0003_0004.uasset" 5756
"../../../Engine/Content/EngineMaterials/Substrate/GLints/dict_16_192_64_0p5_0p02_0003_0008.uasset" 5757
"../../../Engine/Content/EngineMaterials/Substrate/GLints/dict_16_192_64_0p5_0p02_0003_0009.uasset" 5758
"/Engine/EngineMaterials/Substrate/GLints/dict_16_192_64_0p5_0p02_0001_0014" 5759
"../../../Engine/Content/EngineMaterials/Substrate/GLints/dict_16_192_64_0p5_0p02_0003_0013.uasset" 5760
"../../../Engine/Content/EngineMaterials/Substrate/GLints/dict_16_192_64_0p5_0p02_0003_0012.uasset" 5761
"../../../Engine/Content/EngineMaterials/Substrate/GLints/dict_16_192_64_0p5_0p02_0003_0011.uasset" 5762
"../../../Engine/Content/EngineMaterials/Substrate/GLints/dict_16_192_64_0p5_0p02_0003_0010.uasset" 5763
"../../../Engine/Content/EngineMaterials/Substrate/GLints/dict_16_192_64_0p5_0p02_0003_0014.uasset" 5764
"../../../Engine/Content/EngineMaterials/Substrate/GLints/dict_16_192_64_0p5_0p02_0003_0015.uasset" 5765
"/Engine/EngineMaterials/Substrate/GLints/dict_16_192_64_0p5_0p02_0003_0013" 5766
"/Engine/EngineMaterials/Substrate/GLints/dict_16_192_64_0p5_0p02_0003_0012" 5767
"/Engine/EngineMaterials/Substrate/GLints/dict_16_192_64_0p5_0p02_0003_0011" 5768
"/Engine/EngineMaterials/Substrate/GLints/dict_16_192_64_0p5_0p02_0003_0009" 5769
"/Engine/EngineMaterials/Substrate/GLints/dict_16_192_64_0p5_0p02_0003_0008" 5770
"/Engine/EngineMaterials/Substrate/GLints/dict_16_192_64_0p5_0p02_0003_0007" 5771
"/Engine/EngineMaterials/Substrate/GLints/dict_16_192_64_0p5_0p02_0003_0006" 5772
"/Engine/EngineMaterials/Substrate/GLints/dict_16_192_64_0p5_0p02_0003_0005" 5773
"/Engine/EngineMaterials/Substrate/GLints/dict_16_192_64_0p5_0p02_0003_0004" 5774
"/Engine/EngineMaterials/Substrate/GLints/dict_16_192_64_0p5_0p02_0003_0003" 5775
"/Engine/EngineMaterials/Substrate/GLints/dict_16_192_64_0p5_0p02_0003_0002" 5776
"/Engine/EngineMaterials/Substrate/GLints/dict_16_192_64_0p5_0p02_0003_0001" 5777
"/Engine/EngineMaterials/Substrate/GLints/dict_16_192_64_0p5_0p02_0003_0000" 5778
"/Engine/EngineMaterials/Substrate/GLints/dict_16_192_64_0p5_0p02_0002_0015" 5779
"/Engine/EngineMaterials/Substrate/GLints/dict_16_192_64_0p5_0p02_0002_0014" 5780
"/Engine/EngineMaterials/Substrate/GLints/dict_16_192_64_0p5_0p02_0002_0013" 5781
"/Engine/EngineMaterials/Substrate/GLints/dict_16_192_64_0p5_0p02_0002_0012" 5782
"/Engine/EngineMaterials/Substrate/GLints/dict_16_192_64_0p5_0p02_0002_0011" 5783
"/Engine/EngineMaterials/Substrate/GLints/dict_16_192_64_0p5_0p02_0002_0010" 5784
"/Engine/EngineMaterials/Substrate/GLints/dict_16_192_64_0p5_0p02_0002_0009" 5785
"/Engine/EngineMaterials/Substrate/GLints/dict_16_192_64_0p5_0p02_0002_0008" 5786
"/Engine/EngineMaterials/Substrate/GLints/dict_16_192_64_0p5_0p02_0002_0007" 5787
"/Engine/EngineMaterials/Substrate/GLints/dict_16_192_64_0p5_0p02_0002_0006" 5788
"/Engine/EngineMaterials/Substrate/GLints/dict_16_192_64_0p5_0p02_0002_0005" 5789
"/Engine/EngineMaterials/Substrate/GLints/dict_16_192_64_0p5_0p02_0002_0004" 5790
"/Engine/EngineMaterials/Substrate/GLints/dict_16_192_64_0p5_0p02_0002_0003" 5791
"/Engine/EngineMaterials/Substrate/GLints/dict_16_192_64_0p5_0p02_0002_0002" 5792
"/Engine/EngineMaterials/Substrate/GLints/dict_16_192_64_0p5_0p02_0002_0001" 5793
"/Engine/EngineMaterials/Substrate/GLints/dict_16_192_64_0p5_0p02_0002_0000" 5794
"../../../Engine/Content/EngineMaterials/Substrate/GLints/dict_16_192_64_0p5_0p02_0004_0003.uasset" 5795
"../../../Engine/Content/EngineMaterials/Substrate/GLints/dict_16_192_64_0p5_0p02_0004_0001.uasset" 5796
"../../../Engine/Content/EngineMaterials/Substrate/GLints/dict_16_192_64_0p5_0p02_0004_0004.uasset" 5797
"../../../Engine/Content/EngineMaterials/Substrate/GLints/dict_16_192_64_0p5_0p02_0004_0006.uasset" 5798
"../../../Engine/Content/EngineMaterials/Substrate/GLints/dict_16_192_64_0p5_0p02_0004_0000.uasset" 5799
"../../../Engine/Content/EngineMaterials/Substrate/GLints/dict_16_192_64_0p5_0p02_0004_0007.uasset" 5800
"../../../Engine/Content/EngineMaterials/Substrate/GLints/dict_16_192_64_0p5_0p02_0004_0005.uasset" 5801
"../../../Engine/Content/EngineMaterials/Substrate/GLints/dict_16_192_64_0p5_0p02_0004_0011.uasset" 5802
"../../../Engine/Content/EngineMaterials/Substrate/GLints/dict_16_192_64_0p5_0p02_0004_0013.uasset" 5803
"../../../Engine/Content/EngineMaterials/Substrate/GLints/dict_16_192_64_0p5_0p02_0004_0012.uasset" 5804
"../../../Engine/Content/EngineMaterials/Substrate/GLints/dict_16_192_64_0p5_0p02_0004_0008.uasset" 5805
"../../../Engine/Content/EngineMaterials/Substrate/GLints/dict_16_192_64_0p5_0p02_0004_0002.uasset" 5806
"../../../Engine/Content/EngineMaterials/Substrate/GLints/dict_16_192_64_0p5_0p02_0004_0009.uasset" 5807
"../../../Engine/Content/EngineMaterials/Substrate/GLints/dict_16_192_64_0p5_0p02_0004_0010.uasset" 5808
"/Engine/EngineMaterials/Substrate/GLints/dict_16_192_64_0p5_0p02_0003_0010" 5809
"../../../Engine/Content/EngineMaterials/Substrate/GLints/dict_16_192_64_0p5_0p02_0004_0015.uasset" 5810
"../../../Engine/Content/EngineMaterials/Substrate/GLints/dict_16_192_64_0p5_0p02_0005_0000.uasset" 5811
"../../../Engine/Content/EngineMaterials/Substrate/GLints/dict_16_192_64_0p5_0p02_0005_0002.uasset" 5812
"../../../Engine/Content/EngineMaterials/Substrate/GLints/dict_16_192_64_0p5_0p02_0004_0014.uasset" 5813
"../../../Engine/Content/EngineMaterials/Substrate/GLints/dict_16_192_64_0p5_0p02_0005_0003.uasset" 5814
"../../../Engine/Content/EngineMaterials/Substrate/GLints/dict_16_192_64_0p5_0p02_0005_0004.uasset" 5815
"../../../Engine/Content/EngineMaterials/Substrate/GLints/dict_16_192_64_0p5_0p02_0005_0005.uasset" 5816
"../../../Engine/Content/EngineMaterials/Substrate/GLints/dict_16_192_64_0p5_0p02_0005_0006.uasset" 5817
"../../../Engine/Content/EngineMaterials/Substrate/GLints/dict_16_192_64_0p5_0p02_0005_0007.uasset" 5818
"../../../Engine/Content/EngineMaterials/Substrate/GLints/dict_16_192_64_0p5_0p02_0005_0001.uasset" 5819
"../../../Engine/Content/EngineMaterials/Substrate/GLints/dict_16_192_64_0p5_0p02_0005_0008.uasset" 5820
"../../../Engine/Content/EngineMaterials/Substrate/GLints/dict_16_192_64_0p5_0p02_0005_0009.uasset" 5821
"../../../Engine/Content/EngineMaterials/Substrate/GLints/dict_16_192_64_0p5_0p02_0005_0010.uasset" 5822
"../../../Engine/Content/EngineMaterials/Substrate/GLints/dict_16_192_64_0p5_0p02_0005_0011.uasset" 5823
"../../../Engine/Content/EngineMaterials/Substrate/GLints/dict_16_192_64_0p5_0p02_0005_0012.uasset" 5824
"/Engine/EngineMaterials/Substrate/GLints/dict_16_192_64_0p5_0p02_0003_0015" 5825
"/Engine/EngineMaterials/Substrate/GLints/dict_16_192_64_0p5_0p02_0003_0014" 5826
"../../../Engine/Content/EngineMaterials/Substrate/GLints/dict_16_192_64_0p5_0p02_0005_0013.uasset" 5827
"../../../Engine/Content/EngineMaterials/Substrate/GLints/dict_16_192_64_0p5_0p02_0005_0015.uasset" 5828
"../../../Engine/Content/EngineMaterials/Substrate/GLints/dict_16_192_64_0p5_0p02_0005_0014.uasset" 5829
"/Engine/EngineMaterials/Substrate/GLints/dict_16_192_64_0p5_0p02_0005_0012" 5830
"/Engine/EngineMaterials/Substrate/GLints/dict_16_192_64_0p5_0p02_0005_0011" 5831
"/Engine/EngineMaterials/Substrate/GLints/dict_16_192_64_0p5_0p02_0005_0010" 5832
"/Engine/EngineMaterials/Substrate/GLints/dict_16_192_64_0p5_0p02_0005_0009" 5833
"/Engine/EngineMaterials/Substrate/GLints/dict_16_192_64_0p5_0p02_0005_0008" 5834
"/Engine/EngineMaterials/Substrate/GLints/dict_16_192_64_0p5_0p02_0005_0007" 5835
"/Engine/EngineMaterials/Substrate/GLints/dict_16_192_64_0p5_0p02_0005_0006" 5836
"/Engine/EngineMaterials/Substrate/GLints/dict_16_192_64_0p5_0p02_0005_0005" 5837
"/Engine/EngineMaterials/Substrate/GLints/dict_16_192_64_0p5_0p02_0005_0004" 5838
"/Engine/EngineMaterials/Substrate/GLints/dict_16_192_64_0p5_0p02_0005_0003" 5839
"/Engine/EngineMaterials/Substrate/GLints/dict_16_192_64_0p5_0p02_0005_0002" 5840
"/Engine/EngineMaterials/Substrate/GLints/dict_16_192_64_0p5_0p02_0005_0001" 5841
"/Engine/EngineMaterials/Substrate/GLints/dict_16_192_64_0p5_0p02_0005_0000" 5842
"/Engine/EngineMaterials/Substrate/GLints/dict_16_192_64_0p5_0p02_0004_0015" 5843
"/Engine/EngineMaterials/Substrate/GLints/dict_16_192_64_0p5_0p02_0004_0014" 5844
"/Engine/EngineMaterials/Substrate/GLints/dict_16_192_64_0p5_0p02_0004_0013" 5845
"/Engine/EngineMaterials/Substrate/GLints/dict_16_192_64_0p5_0p02_0004_0012" 5846
"/Engine/EngineMaterials/Substrate/GLints/dict_16_192_64_0p5_0p02_0004_0011" 5847
"/Engine/EngineMaterials/Substrate/GLints/dict_16_192_64_0p5_0p02_0004_0010" 5848
"/Engine/EngineMaterials/Substrate/GLints/dict_16_192_64_0p5_0p02_0004_0009" 5849
"/Engine/EngineMaterials/Substrate/GLints/dict_16_192_64_0p5_0p02_0004_0008" 5850
"/Engine/EngineMaterials/Substrate/GLints/dict_16_192_64_0p5_0p02_0004_0007" 5851
"/Engine/EngineMaterials/Substrate/GLints/dict_16_192_64_0p5_0p02_0004_0006" 5852
"/Engine/EngineMaterials/Substrate/GLints/dict_16_192_64_0p5_0p02_0004_0005" 5853
"/Engine/EngineMaterials/Substrate/GLints/dict_16_192_64_0p5_0p02_0004_0004" 5854
"/Engine/EngineMaterials/Substrate/GLints/dict_16_192_64_0p5_0p02_0004_0003" 5855
"/Engine/EngineMaterials/Substrate/GLints/dict_16_192_64_0p5_0p02_0004_0002" 5856
"/Engine/EngineMaterials/Substrate/GLints/dict_16_192_64_0p5_0p02_0004_0001" 5857
"/Engine/EngineMaterials/Substrate/GLints/dict_16_192_64_0p5_0p02_0004_0000" 5858
"../../../Engine/Content/EngineMaterials/Substrate/GLints/dict_16_192_64_0p5_0p02_0006_0002.uasset" 5859
"../../../Engine/Content/EngineMaterials/Substrate/GLints/dict_16_192_64_0p5_0p02_0006_0003.uasset" 5860
"../../../Engine/Content/EngineMaterials/Substrate/GLints/dict_16_192_64_0p5_0p02_0006_0010.uasset" 5861
"../../../Engine/Content/EngineMaterials/Substrate/GLints/dict_16_192_64_0p5_0p02_0006_0012.uasset" 5862
"../../../Engine/Content/EngineMaterials/Substrate/GLints/dict_16_192_64_0p5_0p02_0006_0004.uasset" 5863
"../../../Engine/Content/EngineMaterials/Substrate/GLints/dict_16_192_64_0p5_0p02_0006_0007.uasset" 5864
"../../../Engine/Content/EngineMaterials/Substrate/GLints/dict_16_192_64_0p5_0p02_0006_0008.uasset" 5865
"../../../Engine/Content/EngineMaterials/Substrate/GLints/dict_16_192_64_0p5_0p02_0006_0006.uasset" 5866
"../../../Engine/Content/EngineMaterials/Substrate/GLints/dict_16_192_64_0p5_0p02_0006_0009.uasset" 5867
"../../../Engine/Content/EngineMaterials/Substrate/GLints/dict_16_192_64_0p5_0p02_0006_0011.uasset" 5868
"../../../Engine/Content/EngineMaterials/Substrate/GLints/dict_16_192_64_0p5_0p02_0006_0000.uasset" 5869
"../../../Engine/Content/EngineMaterials/Substrate/GLints/dict_16_192_64_0p5_0p02_0006_0001.uasset" 5870
"../../../Engine/Content/EngineMaterials/Substrate/GLints/dict_16_192_64_0p5_0p02_0006_0013.uasset" 5871
"../../../Engine/Content/EngineMaterials/Substrate/GLints/dict_16_192_64_0p5_0p02_0006_0005.uasset" 5872
"/Engine/EngineMaterials/Substrate/GLints/dict_16_192_64_0p5_0p02_0005_0015" 5873
"../../../Engine/Content/EngineMaterials/Substrate/GLints/dict_16_192_64_0p5_0p02_0006_0015.uasset" 5874
"../../../Engine/Content/EngineMaterials/Substrate/GLints/dict_16_192_64_0p5_0p02_0007_0003.uasset" 5875
"../../../Engine/Content/EngineMaterials/Substrate/GLints/dict_16_192_64_0p5_0p02_0007_0001.uasset" 5876
"../../../Engine/Content/EngineMaterials/Substrate/GLints/dict_16_192_64_0p5_0p02_0007_0006.uasset" 5877
"../../../Engine/Content/EngineMaterials/Substrate/GLints/dict_16_192_64_0p5_0p02_0007_0005.uasset" 5878
"../../../Engine/Content/EngineMaterials/Substrate/GLints/dict_16_192_64_0p5_0p02_0007_0000.uasset" 5879
"../../../Engine/Content/EngineMaterials/Substrate/GLints/dict_16_192_64_0p5_0p02_0007_0008.uasset" 5880
"../../../Engine/Content/EngineMaterials/Substrate/GLints/dict_16_192_64_0p5_0p02_0007_0007.uasset" 5881
"../../../Engine/Content/EngineMaterials/Substrate/GLints/dict_16_192_64_0p5_0p02_0007_0009.uasset" 5882
"../../../Engine/Content/EngineMaterials/Substrate/GLints/dict_16_192_64_0p5_0p02_0006_0014.uasset" 5883
"../../../Engine/Content/EngineMaterials/Substrate/GLints/dict_16_192_64_0p5_0p02_0007_0002.uasset" 5884
"../../../Engine/Content/EngineMaterials/Substrate/GLints/dict_16_192_64_0p5_0p02_0007_0010.uasset" 5885
"../../../Engine/Content/EngineMaterials/Substrate/GLints/dict_16_192_64_0p5_0p02_0007_0004.uasset" 5886
"../../../Engine/Content/EngineMaterials/Substrate/GLints/dict_16_192_64_0p5_0p02_0007_0011.uasset" 5887
"../../../Engine/Content/EngineMaterials/Substrate/GLints/dict_16_192_64_0p5_0p02_0007_0012.uasset" 5888
"/Engine/EngineMaterials/Substrate/GLints/dict_16_192_64_0p5_0p02_0005_0014" 5889
"/Engine/EngineMaterials/Substrate/GLints/dict_16_192_64_0p5_0p02_0005_0013" 5890
"../../../Engine/Content/EngineMaterials/Substrate/GLints/dict_16_192_64_0p5_0p02_0007_0013.uasset" 5891
"../../../Engine/Content/EngineMaterials/Substrate/GLints/dict_16_192_64_0p5_0p02_0007_0015.uasset" 5892
"../../../Engine/Content/EngineMaterials/Substrate/GLints/dict_16_192_64_0p5_0p02_0007_0014.uasset" 5893
"/Engine/EngineMaterials/Substrate/GLints/dict_16_192_64_0p5_0p02_0007_0012" 5894
"/Engine/EngineMaterials/Substrate/GLints/dict_16_192_64_0p5_0p02_0007_0011" 5895
"/Engine/EngineMaterials/Substrate/GLints/dict_16_192_64_0p5_0p02_0007_0010" 5896
"/Engine/EngineMaterials/Substrate/GLints/dict_16_192_64_0p5_0p02_0007_0009" 5897
"/Engine/EngineMaterials/Substrate/GLints/dict_16_192_64_0p5_0p02_0007_0008" 5898
"/Engine/EngineMaterials/Substrate/GLints/dict_16_192_64_0p5_0p02_0007_0007" 5899
"/Engine/EngineMaterials/Substrate/GLints/dict_16_192_64_0p5_0p02_0007_0006" 5900
"/Engine/EngineMaterials/Substrate/GLints/dict_16_192_64_0p5_0p02_0007_0005" 5901
"/Engine/EngineMaterials/Substrate/GLints/dict_16_192_64_0p5_0p02_0007_0004" 5902
"/Engine/EngineMaterials/Substrate/GLints/dict_16_192_64_0p5_0p02_0007_0003" 5903
"/Engine/EngineMaterials/Substrate/GLints/dict_16_192_64_0p5_0p02_0007_0002" 5904
"/Engine/EngineMaterials/Substrate/GLints/dict_16_192_64_0p5_0p02_0007_0001" 5905
"/Engine/EngineMaterials/Substrate/GLints/dict_16_192_64_0p5_0p02_0007_0000" 5906
"/Engine/EngineMaterials/Substrate/GLints/dict_16_192_64_0p5_0p02_0006_0015" 5907
"/Engine/EngineMaterials/Substrate/GLints/dict_16_192_64_0p5_0p02_0006_0014" 5908
"/Engine/EngineMaterials/Substrate/GLints/dict_16_192_64_0p5_0p02_0006_0013" 5909
"/Engine/EngineMaterials/Substrate/GLints/dict_16_192_64_0p5_0p02_0006_0012" 5910
"/Engine/EngineMaterials/Substrate/GLints/dict_16_192_64_0p5_0p02_0006_0011" 5911
"/Engine/EngineMaterials/Substrate/GLints/dict_16_192_64_0p5_0p02_0006_0010" 5912
"/Engine/EngineMaterials/Substrate/GLints/dict_16_192_64_0p5_0p02_0006_0009" 5913
"/Engine/EngineMaterials/Substrate/GLints/dict_16_192_64_0p5_0p02_0006_0008" 5914
"/Engine/EngineMaterials/Substrate/GLints/dict_16_192_64_0p5_0p02_0006_0007" 5915
"/Engine/EngineMaterials/Substrate/GLints/dict_16_192_64_0p5_0p02_0006_0006" 5916
"/Engine/EngineMaterials/Substrate/GLints/dict_16_192_64_0p5_0p02_0006_0005" 5917
"/Engine/EngineMaterials/Substrate/GLints/dict_16_192_64_0p5_0p02_0006_0004" 5918
"/Engine/EngineMaterials/Substrate/GLints/dict_16_192_64_0p5_0p02_0006_0003" 5919
"/Engine/EngineMaterials/Substrate/GLints/dict_16_192_64_0p5_0p02_0006_0002" 5920
"/Engine/EngineMaterials/Substrate/GLints/dict_16_192_64_0p5_0p02_0006_0001" 5921
"/Engine/EngineMaterials/Substrate/GLints/dict_16_192_64_0p5_0p02_0006_0000" 5922
"../../../Engine/Content/EngineMaterials/Substrate/GLints/dict_16_192_64_0p5_0p02_0008_0002.uasset" 5923
"../../../Engine/Content/EngineMaterials/Substrate/GLints/dict_16_192_64_0p5_0p02_0008_0001.uasset" 5924
"../../../Engine/Content/EngineMaterials/Substrate/GLints/dict_16_192_64_0p5_0p02_0008_0006.uasset" 5925
"../../../Engine/Content/EngineMaterials/Substrate/GLints/dict_16_192_64_0p5_0p02_0008_0008.uasset" 5926
"../../../Engine/Content/EngineMaterials/Substrate/GLints/dict_16_192_64_0p5_0p02_0008_0000.uasset" 5927
"/Engine/EngineMaterials/Substrate/GLints/dict_16_192_64_0p5_0p02_0007_0015" 5928
"../../../Engine/Content/EngineMaterials/Substrate/GLints/dict_16_192_64_0p5_0p02_0008_0013.uasset" 5929
"../../../Engine/Content/EngineMaterials/Substrate/GLints/dict_16_192_64_0p5_0p02_0008_0005.uasset" 5930
"../../../Engine/Content/EngineMaterials/Substrate/GLints/dict_16_192_64_0p5_0p02_0008_0010.uasset" 5931
"../../../Engine/Content/EngineMaterials/Substrate/GLints/dict_16_192_64_0p5_0p02_0008_0009.uasset" 5932
"../../../Engine/Content/EngineMaterials/Substrate/GLints/dict_16_192_64_0p5_0p02_0008_0007.uasset" 5933
"../../../Engine/Content/EngineMaterials/Substrate/GLints/dict_16_192_64_0p5_0p02_0008_0011.uasset" 5934
"../../../Engine/Content/EngineMaterials/Substrate/GLints/dict_16_192_64_0p5_0p02_0008_0012.uasset" 5935
"../../../Engine/Content/EngineMaterials/Substrate/GLints/dict_16_192_64_0p5_0p02_0008_0003.uasset" 5936
"../../../Engine/Content/EngineMaterials/Substrate/GLints/dict_16_192_64_0p5_0p02_0008_0004.uasset" 5937
"/Engine/EngineMaterials/Substrate/GLints/dict_16_192_64_0p5_0p02_0007_0014" 5938
"../../../Engine/Content/EngineMaterials/Substrate/GLints/dict_16_192_64_0p5_0p02_0008_0014.uasset" 5939
"/Engine/EngineMaterials/Substrate/GLints/dict_16_192_64_0p5_0p02_0007_0013" 5940
"../../../Engine/Content/EngineMaterials/Substrate/GLints/dict_16_192_64_0p5_0p02_0008_0015.uasset" 5941
"../../../Engine/Content/EngineMaterials/Substrate/GLints/dict_16_192_64_0p5_0p02_0009_0000.uasset" 5942
"../../../Engine/Content/EngineMaterials/Substrate/GLints/dict_16_192_64_0p5_0p02_0009_0002.uasset" 5943
"../../../Engine/Content/EngineMaterials/Substrate/GLints/dict_16_192_64_0p5_0p02_0009_0001.uasset" 5944
"../../../Engine/Content/EngineMaterials/Substrate/GLints/dict_16_192_64_0p5_0p02_0009_0004.uasset" 5945
"../../../Engine/Content/EngineMaterials/Substrate/GLints/dict_16_192_64_0p5_0p02_0009_0003.uasset" 5946
"../../../Engine/Content/EngineMaterials/Substrate/GLints/dict_16_192_64_0p5_0p02_0009_0005.uasset" 5947
"../../../Engine/Content/EngineMaterials/Substrate/GLints/dict_16_192_64_0p5_0p02_0009_0006.uasset" 5948
"../../../Engine/Content/EngineMaterials/Substrate/GLints/dict_16_192_64_0p5_0p02_0009_0008.uasset" 5949
"../../../Engine/Content/EngineMaterials/Substrate/GLints/dict_16_192_64_0p5_0p02_0009_0007.uasset" 5950
"../../../Engine/Content/EngineMaterials/Substrate/GLints/dict_16_192_64_0p5_0p02_0009_0009.uasset" 5951
"../../../Engine/Content/EngineMaterials/Substrate/GLints/dict_16_192_64_0p5_0p02_0009_0010.uasset" 5952
"/Engine/EngineMaterials/Substrate/GLints/dict_16_192_64_0p5_0p02_0009_0004" 5953
"../../../Engine/Content/EngineMaterials/Substrate/GLints/dict_16_192_64_0p5_0p02_0009_0012.uasset" 5954
"../../../Engine/Content/EngineMaterials/Substrate/GLints/dict_16_192_64_0p5_0p02_0009_0013.uasset" 5955
"../../../Engine/Content/EngineMaterials/Substrate/GLints/dict_16_192_64_0p5_0p02_0009_0014.uasset" 5956
"../../../Engine/Content/EngineMaterials/Substrate/GLints/dict_16_192_64_0p5_0p02_0009_0011.uasset" 5957
"../../../Engine/Content/EngineMaterials/Substrate/GLints/dict_16_192_64_0p5_0p02_0009_0015.uasset" 5958
"/Engine/EngineMaterials/Substrate/GLints/dict_16_192_64_0p5_0p02_0008_0013" 5959
"/Engine/EngineMaterials/Substrate/GLints/dict_16_192_64_0p5_0p02_0008_0012" 5960
"/Engine/EngineMaterials/Substrate/GLints/dict_16_192_64_0p5_0p02_0008_0011" 5961
"/Engine/EngineMaterials/Substrate/GLints/dict_16_192_64_0p5_0p02_0008_0010" 5962
"/Engine/EngineMaterials/Substrate/GLints/dict_16_192_64_0p5_0p02_0008_0009" 5963
"/Engine/EngineMaterials/Substrate/GLints/dict_16_192_64_0p5_0p02_0008_0008" 5964
"/Engine/EngineMaterials/Substrate/GLints/dict_16_192_64_0p5_0p02_0008_0007" 5965
"/Engine/EngineMaterials/Substrate/GLints/dict_16_192_64_0p5_0p02_0008_0006" 5966
"/Engine/EngineMaterials/Substrate/GLints/dict_16_192_64_0p5_0p02_0008_0005" 5967
"/Engine/EngineMaterials/Substrate/GLints/dict_16_192_64_0p5_0p02_0008_0003" 5968
"/Engine/EngineMaterials/Substrate/GLints/dict_16_192_64_0p5_0p02_0008_0002" 5969
"/Engine/EngineMaterials/Substrate/GLints/dict_16_192_64_0p5_0p02_0008_0001" 5970
"/Engine/EngineMaterials/Substrate/GLints/dict_16_192_64_0p5_0p02_0008_0000" 5971
"../../../Engine/Content/EngineMaterials/Substrate/GLints/dict_16_192_64_0p5_0p02_0010_0001.uasset" 5972
"../../../Engine/Content/EngineMaterials/Substrate/GLints/dict_16_192_64_0p5_0p02_0010_0006.uasset" 5973
"../../../Engine/Content/EngineMaterials/Substrate/GLints/dict_16_192_64_0p5_0p02_0010_0002.uasset" 5974
"../../../Engine/Content/EngineMaterials/Substrate/GLints/dict_16_192_64_0p5_0p02_0010_0012.uasset" 5975
"/Engine/EngineMaterials/Substrate/GLints/dict_16_192_64_0p5_0p02_0009_0012" 5976
"../../../Engine/Content/EngineMaterials/Substrate/GLints/dict_16_192_64_0p5_0p02_0010_0013.uasset" 5977
"../../../Engine/Content/EngineMaterials/Substrate/GLints/dict_16_192_64_0p5_0p02_0010_0004.uasset" 5978
"../../../Engine/Content/EngineMaterials/Substrate/GLints/dict_16_192_64_0p5_0p02_0010_0003.uasset" 5979
"../../../Engine/Content/EngineMaterials/Substrate/GLints/dict_16_192_64_0p5_0p02_0010_0005.uasset" 5980
"../../../Engine/Content/EngineMaterials/Substrate/GLints/dict_16_192_64_0p5_0p02_0010_0000.uasset" 5981
"../../../Engine/Content/EngineMaterials/Substrate/GLints/dict_16_192_64_0p5_0p02_0010_0009.uasset" 5982
"../../../Engine/Content/EngineMaterials/Substrate/GLints/dict_16_192_64_0p5_0p02_0010_0011.uasset" 5983
"../../../Engine/Content/EngineMaterials/Substrate/GLints/dict_16_192_64_0p5_0p02_0010_0007.uasset" 5984
"/Engine/EngineMaterials/Substrate/GLints/dict_16_192_64_0p5_0p02_0009_0011" 5985
"../../../Engine/Content/EngineMaterials/Substrate/GLints/dict_16_192_64_0p5_0p02_0010_0008.uasset" 5986
"../../../Engine/Content/EngineMaterials/Substrate/GLints/dict_16_192_64_0p5_0p02_0010_0010.uasset" 5987
"/Engine/EngineMaterials/Substrate/GLints/dict_16_192_64_0p5_0p02_0009_0010" 5988
"/Engine/EngineMaterials/Substrate/GLints/dict_16_192_64_0p5_0p02_0009_0015" 5989
"/Engine/EngineMaterials/Substrate/GLints/dict_16_192_64_0p5_0p02_0009_0009" 5990
"/Engine/EngineMaterials/Substrate/GLints/dict_16_192_64_0p5_0p02_0009_0008" 5991
"/Engine/EngineMaterials/Substrate/GLints/dict_16_192_64_0p5_0p02_0009_0007" 5992
"/Engine/EngineMaterials/Substrate/GLints/dict_16_192_64_0p5_0p02_0009_0006" 5993
"/Engine/EngineMaterials/Substrate/GLints/dict_16_192_64_0p5_0p02_0009_0005" 5994
"/Engine/EngineMaterials/Substrate/GLints/dict_16_192_64_0p5_0p02_0009_0003" 5995
"/Engine/EngineMaterials/Substrate/GLints/dict_16_192_64_0p5_0p02_0009_0002" 5996
"/Engine/EngineMaterials/Substrate/GLints/dict_16_192_64_0p5_0p02_0009_0001" 5997
"/Engine/EngineMaterials/Substrate/GLints/dict_16_192_64_0p5_0p02_0009_0000" 5998
"/Engine/EngineMaterials/Substrate/GLints/dict_16_192_64_0p5_0p02_0008_0015" 5999
"/Engine/EngineMaterials/Substrate/GLints/dict_16_192_64_0p5_0p02_0008_0014" 6000
"/Engine/EngineMaterials/Substrate/GLints/dict_16_192_64_0p5_0p02_0008_0004" 6001
"/Engine/EngineMaterials/Substrate/GLints/dict_16_192_64_0p5_0p02_0009_0014" 6002
"/Engine/EngineMaterials/Substrate/GLints/dict_16_192_64_0p5_0p02_0009_0013" 6003
"../../../Engine/Content/EngineMaterials/Substrate/GLints/dict_16_192_64_0p5_0p02_0011_0001.uasset" 6004
"../../../Engine/Content/EngineMaterials/Substrate/GLints/dict_16_192_64_0p5_0p02_0011_0003.uasset" 6005
"../../../Engine/Content/EngineMaterials/Substrate/GLints/dict_16_192_64_0p5_0p02_0011_0005.uasset" 6006
"../../../Engine/Content/EngineMaterials/Substrate/GLints/dict_16_192_64_0p5_0p02_0011_0010.uasset" 6007
"../../../Engine/Content/EngineMaterials/Substrate/GLints/dict_16_192_64_0p5_0p02_0010_0014.uasset" 6008
"/Engine/EngineMaterials/Substrate/GLints/dict_16_192_64_0p5_0p02_0010_0013" 6009
"../../../Engine/Content/EngineMaterials/Substrate/GLints/dict_16_192_64_0p5_0p02_0010_0015.uasset" 6010
"../../../Engine/Content/EngineMaterials/Substrate/GLints/dict_16_192_64_0p5_0p02_0011_0004.uasset" 6011
"../../../Engine/Content/EngineMaterials/Substrate/GLints/dict_16_192_64_0p5_0p02_0011_0007.uasset" 6012
"../../../Engine/Content/EngineMaterials/Substrate/GLints/dict_16_192_64_0p5_0p02_0011_0006.uasset" 6013
"../../../Engine/Content/EngineMaterials/Substrate/GLints/dict_16_192_64_0p5_0p02_0011_0002.uasset" 6014
"../../../Engine/Content/EngineMaterials/Substrate/GLints/dict_16_192_64_0p5_0p02_0011_0011.uasset" 6015
"../../../Engine/Content/EngineMaterials/Substrate/GLints/dict_16_192_64_0p5_0p02_0011_0009.uasset" 6016
"../../../Engine/Content/EngineMaterials/Substrate/GLints/dict_16_192_64_0p5_0p02_0011_0008.uasset" 6017
"../../../Engine/Content/EngineMaterials/Substrate/GLints/dict_16_192_64_0p5_0p02_0011_0000.uasset" 6018
"../../../Engine/Content/EngineMaterials/Substrate/GLints/dict_16_192_64_0p5_0p02_0011_0012.uasset" 6019
"../../../Engine/Content/EngineMaterials/Substrate/GLints/dict_16_192_64_0p5_0p02_0011_0015.uasset" 6020
"/Engine/EngineMaterials/Substrate/GLints/dict_16_192_64_0p5_0p02_0010_0012" 6021
"../../../Engine/Content/EngineMaterials/Substrate/GLints/dict_16_192_64_0p5_0p02_0011_0014.uasset" 6022
"../../../Engine/Content/EngineMaterials/Substrate/GLints/dict_16_192_64_0p5_0p02_0011_0013.uasset" 6023
"/Engine/EngineMaterials/Substrate/GLints/dict_16_192_64_0p5_0p02_0010_0011" 6024
"/Engine/EngineMaterials/Substrate/GLints/dict_16_192_64_0p5_0p02_0010_0010" 6025
"/Engine/EngineMaterials/Substrate/GLints/dict_16_192_64_0p5_0p02_0010_0009" 6026
"/Engine/EngineMaterials/Substrate/GLints/dict_16_192_64_0p5_0p02_0010_0008" 6027
"/Engine/EngineMaterials/Substrate/GLints/dict_16_192_64_0p5_0p02_0010_0007" 6028
"/Engine/EngineMaterials/Substrate/GLints/dict_16_192_64_0p5_0p02_0010_0006" 6029
"/Engine/EngineMaterials/Substrate/GLints/dict_16_192_64_0p5_0p02_0010_0005" 6030
"/Engine/EngineMaterials/Substrate/GLints/dict_16_192_64_0p5_0p02_0010_0004" 6031
"/Engine/EngineMaterials/Substrate/GLints/dict_16_192_64_0p5_0p02_0010_0003" 6032
"/Engine/EngineMaterials/Substrate/GLints/dict_16_192_64_0p5_0p02_0010_0002" 6033
"/Engine/EngineMaterials/Substrate/GLints/dict_16_192_64_0p5_0p02_0010_0001" 6034
"/Engine/EngineMaterials/Substrate/GLints/dict_16_192_64_0p5_0p02_0010_0000" 6035
"../../../Engine/Content/EngineMaterials/Substrate/GLints/dict_16_192_64_0p5_0p02_0012_0000.uasset" 6036
"../../../Engine/Content/EngineMaterials/Substrate/GLints/dict_16_192_64_0p5_0p02_0012_0004.uasset" 6037
"../../../Engine/Content/EngineMaterials/Substrate/GLints/dict_16_192_64_0p5_0p02_0012_0009.uasset" 6038
"../../../Engine/Content/EngineMaterials/Substrate/GLints/dict_16_192_64_0p5_0p02_0012_0002.uasset" 6039
"../../../Engine/Content/EngineMaterials/Substrate/GLints/dict_16_192_64_0p5_0p02_0012_0005.uasset" 6040
"/Engine/EngineMaterials/Substrate/GLints/dict_16_192_64_0p5_0p02_0011_0015" 6041
"../../../Engine/Content/EngineMaterials/Substrate/GLints/dict_16_192_64_0p5_0p02_0012_0006.uasset" 6042
"../../../Engine/Content/EngineMaterials/Substrate/GLints/dict_16_192_64_0p5_0p02_0012_0011.uasset" 6043
"../../../Engine/Content/EngineMaterials/Substrate/GLints/dict_16_192_64_0p5_0p02_0012_0012.uasset" 6044
"../../../Engine/Content/EngineMaterials/Substrate/GLints/dict_16_192_64_0p5_0p02_0012_0010.uasset" 6045
"../../../Engine/Content/EngineMaterials/Substrate/GLints/dict_16_192_64_0p5_0p02_0012_0007.uasset" 6046
"../../../Engine/Content/EngineMaterials/Substrate/GLints/dict_16_192_64_0p5_0p02_0012_0003.uasset" 6047
"../../../Engine/Content/EngineMaterials/Substrate/GLints/dict_16_192_64_0p5_0p02_0012_0001.uasset" 6048
"../../../Engine/Content/EngineMaterials/Substrate/GLints/dict_16_192_64_0p5_0p02_0012_0008.uasset" 6049
"../../../Engine/Content/EngineMaterials/Substrate/GLints/dict_16_192_64_0p5_0p02_0012_0013.uasset" 6050
"/Engine/EngineMaterials/Substrate/GLints/dict_16_192_64_0p5_0p02_0011_0014" 6051
"/Engine/EngineMaterials/Substrate/GLints/dict_16_192_64_0p5_0p02_0011_0013" 6052
"/Engine/EngineMaterials/Substrate/GLints/dict_16_192_64_0p5_0p02_0011_0012" 6053
"/Engine/EngineMaterials/Substrate/GLints/dict_16_192_64_0p5_0p02_0011_0011" 6054
"/Engine/EngineMaterials/Substrate/GLints/dict_16_192_64_0p5_0p02_0011_0010" 6055
"/Engine/EngineMaterials/Substrate/GLints/dict_16_192_64_0p5_0p02_0011_0009" 6056
"/Engine/EngineMaterials/Substrate/GLints/dict_16_192_64_0p5_0p02_0011_0008" 6057
"/Engine/EngineMaterials/Substrate/GLints/dict_16_192_64_0p5_0p02_0011_0007" 6058
"/Engine/EngineMaterials/Substrate/GLints/dict_16_192_64_0p5_0p02_0011_0006" 6059
"/Engine/EngineMaterials/Substrate/GLints/dict_16_192_64_0p5_0p02_0011_0005" 6060
"/Engine/EngineMaterials/Substrate/GLints/dict_16_192_64_0p5_0p02_0011_0004" 6061
"/Engine/EngineMaterials/Substrate/GLints/dict_16_192_64_0p5_0p02_0011_0003" 6062
"/Engine/EngineMaterials/Substrate/GLints/dict_16_192_64_0p5_0p02_0011_0002" 6063
"/Engine/EngineMaterials/Substrate/GLints/dict_16_192_64_0p5_0p02_0011_0001" 6064
"/Engine/EngineMaterials/Substrate/GLints/dict_16_192_64_0p5_0p02_0011_0000" 6065
"/Engine/EngineMaterials/Substrate/GLints/dict_16_192_64_0p5_0p02_0010_0015" 6066
"/Engine/EngineMaterials/Substrate/GLints/dict_16_192_64_0p5_0p02_0010_0014" 6067
"../../../Engine/Content/EngineMaterials/Substrate/GLints/dict_16_192_64_0p5_0p02_0013_0000.uasset" 6068
"../../../Engine/Content/EngineMaterials/Substrate/GLints/dict_16_192_64_0p5_0p02_0013_0001.uasset" 6069
"../../../Engine/Content/EngineMaterials/Substrate/GLints/dict_16_192_64_0p5_0p02_0013_0006.uasset" 6070
"../../../Engine/Content/EngineMaterials/Substrate/GLints/dict_16_192_64_0p5_0p02_0013_0004.uasset" 6071
"../../../Engine/Content/EngineMaterials/Substrate/GLints/dict_16_192_64_0p5_0p02_0013_0008.uasset" 6072
"../../../Engine/Content/EngineMaterials/Substrate/GLints/dict_16_192_64_0p5_0p02_0013_0002.uasset" 6073
"../../../Engine/Content/EngineMaterials/Substrate/GLints/dict_16_192_64_0p5_0p02_0013_0010.uasset" 6074
"/Engine/EngineMaterials/Substrate/GLints/dict_16_192_64_0p5_0p02_0012_0013" 6075
"../../../Engine/Content/EngineMaterials/Substrate/GLints/dict_16_192_64_0p5_0p02_0013_0011.uasset" 6076
"../../../Engine/Content/EngineMaterials/Substrate/GLints/dict_16_192_64_0p5_0p02_0013_0003.uasset" 6077
"../../../Engine/Content/EngineMaterials/Substrate/GLints/dict_16_192_64_0p5_0p02_0012_0015.uasset" 6078
"../../../Engine/Content/EngineMaterials/Substrate/GLints/dict_16_192_64_0p5_0p02_0013_0013.uasset" 6079
"../../../Engine/Content/EngineMaterials/Substrate/GLints/dict_16_192_64_0p5_0p02_0013_0012.uasset" 6080
"../../../Engine/Content/EngineMaterials/Substrate/GLints/dict_16_192_64_0p5_0p02_0013_0007.uasset" 6081
"../../../Engine/Content/EngineMaterials/Substrate/GLints/dict_16_192_64_0p5_0p02_0013_0015.uasset" 6082
"../../../Engine/Content/EngineMaterials/Substrate/GLints/dict_16_192_64_0p5_0p02_0012_0014.uasset" 6083
"../../../Engine/Content/EngineMaterials/Substrate/GLints/dict_16_192_64_0p5_0p02_0013_0005.uasset" 6084
"../../../Engine/Content/EngineMaterials/Substrate/GLints/dict_16_192_64_0p5_0p02_0013_0009.uasset" 6085
"../../../Engine/Content/EngineMaterials/Substrate/GLints/dict_16_192_64_0p5_0p02_0013_0014.uasset" 6086
"/Engine/EngineMaterials/Substrate/GLints/dict_16_192_64_0p5_0p02_0012_0012" 6087
"/Engine/EngineMaterials/Substrate/GLints/dict_16_192_64_0p5_0p02_0012_0011" 6088
"/Engine/EngineMaterials/Substrate/GLints/dict_16_192_64_0p5_0p02_0012_0010" 6089
"/Engine/EngineMaterials/Substrate/GLints/dict_16_192_64_0p5_0p02_0012_0009" 6090
"/Engine/EngineMaterials/Substrate/GLints/dict_16_192_64_0p5_0p02_0012_0008" 6091
"/Engine/EngineMaterials/Substrate/GLints/dict_16_192_64_0p5_0p02_0012_0007" 6092
"/Engine/EngineMaterials/Substrate/GLints/dict_16_192_64_0p5_0p02_0012_0006" 6093
"/Engine/EngineMaterials/Substrate/GLints/dict_16_192_64_0p5_0p02_0012_0005" 6094
"/Engine/EngineMaterials/Substrate/GLints/dict_16_192_64_0p5_0p02_0012_0004" 6095
"/Engine/EngineMaterials/Substrate/GLints/dict_16_192_64_0p5_0p02_0012_0003" 6096
"/Engine/EngineMaterials/Substrate/GLints/dict_16_192_64_0p5_0p02_0012_0002" 6097
"/Engine/EngineMaterials/Substrate/GLints/dict_16_192_64_0p5_0p02_0012_0001" 6098
"/Engine/EngineMaterials/Substrate/GLints/dict_16_192_64_0p5_0p02_0012_0000" 6099
"../../../Engine/Content/EngineMaterials/Substrate/GLints/dict_16_192_64_0p5_0p02_0014_0004.uasset" 6100
"../../../Engine/Content/EngineMaterials/Substrate/GLints/dict_16_192_64_0p5_0p02_0014_0002.uasset" 6101
"../../../Engine/Content/EngineMaterials/Substrate/GLints/dict_16_192_64_0p5_0p02_0014_0005.uasset" 6102
"../../../Engine/Content/EngineMaterials/Substrate/GLints/dict_16_192_64_0p5_0p02_0014_0000.uasset" 6103
"../../../Engine/Content/EngineMaterials/Substrate/GLints/dict_16_192_64_0p5_0p02_0014_0011.uasset" 6104
"../../../Engine/Content/EngineMaterials/Substrate/GLints/dict_16_192_64_0p5_0p02_0014_0012.uasset" 6105
"/Engine/EngineMaterials/Substrate/GLints/dict_16_192_64_0p5_0p02_0013_0015" 6106
"../../../Engine/Content/EngineMaterials/Substrate/GLints/dict_16_192_64_0p5_0p02_0014_0013.uasset" 6107
"../../../Engine/Content/EngineMaterials/Substrate/GLints/dict_16_192_64_0p5_0p02_0014_0009.uasset" 6108
"../../../Engine/Content/EngineMaterials/Substrate/GLints/dict_16_192_64_0p5_0p02_0014_0001.uasset" 6109
"../../../Engine/Content/EngineMaterials/Substrate/GLints/dict_16_192_64_0p5_0p02_0014_0003.uasset" 6110
"../../../Engine/Content/EngineMaterials/Substrate/GLints/dict_16_192_64_0p5_0p02_0014_0006.uasset" 6111
"../../../Engine/Content/EngineMaterials/Substrate/GLints/dict_16_192_64_0p5_0p02_0014_0010.uasset" 6112
"../../../Engine/Content/EngineMaterials/Substrate/GLints/dict_16_192_64_0p5_0p02_0014_0008.uasset" 6113
"../../../Engine/Content/EngineMaterials/Substrate/GLints/dict_16_192_64_0p5_0p02_0014_0007.uasset" 6114
"/Engine/EngineMaterials/Substrate/GLints/dict_16_192_64_0p5_0p02_0013_0014" 6115
"/Engine/EngineMaterials/Substrate/GLints/dict_16_192_64_0p5_0p02_0013_0013" 6116
"/Engine/EngineMaterials/Substrate/GLints/dict_16_192_64_0p5_0p02_0013_0012" 6117
"/Engine/EngineMaterials/Substrate/GLints/dict_16_192_64_0p5_0p02_0013_0011" 6118
"/Engine/EngineMaterials/Substrate/GLints/dict_16_192_64_0p5_0p02_0013_0010" 6119
"/Engine/EngineMaterials/Substrate/GLints/dict_16_192_64_0p5_0p02_0013_0009" 6120
"/Engine/EngineMaterials/Substrate/GLints/dict_16_192_64_0p5_0p02_0013_0008" 6121
"/Engine/EngineMaterials/Substrate/GLints/dict_16_192_64_0p5_0p02_0013_0007" 6122
"/Engine/EngineMaterials/Substrate/GLints/dict_16_192_64_0p5_0p02_0013_0006" 6123
"/Engine/EngineMaterials/Substrate/GLints/dict_16_192_64_0p5_0p02_0013_0005" 6124
"/Engine/EngineMaterials/Substrate/GLints/dict_16_192_64_0p5_0p02_0013_0004" 6125
"/Engine/EngineMaterials/Substrate/GLints/dict_16_192_64_0p5_0p02_0013_0003" 6126
"/Engine/EngineMaterials/Substrate/GLints/dict_16_192_64_0p5_0p02_0013_0002" 6127
"/Engine/EngineMaterials/Substrate/GLints/dict_16_192_64_0p5_0p02_0013_0001" 6128
"/Engine/EngineMaterials/Substrate/GLints/dict_16_192_64_0p5_0p02_0013_0000" 6129
"/Engine/EngineMaterials/Substrate/GLints/dict_16_192_64_0p5_0p02_0012_0015" 6130
"/Engine/EngineMaterials/Substrate/GLints/dict_16_192_64_0p5_0p02_0012_0014" 6131
"../../../Engine/Content/EngineMaterials/Substrate/GLints/dict_16_192_64_0p5_0p02_0015_0000.uasset" 6132
"../../../Engine/Content/EngineMaterials/Substrate/GLints/dict_16_192_64_0p5_0p02_0015_0002.uasset" 6133
"../../../Engine/Content/EngineMaterials/Substrate/GLints/dict_16_192_64_0p5_0p02_0015_0007.uasset" 6134
"../../../Engine/Content/EngineMaterials/Substrate/GLints/dict_16_192_64_0p5_0p02_0015_0009.uasset" 6135
"/Engine/EngineMaterials/Substrate/GLints/dict_16_192_64_0p5_0p02_0014_0013" 6136
"../../../Engine/Content/EngineMaterials/Substrate/GLints/dict_16_192_64_0p5_0p02_0015_0001.uasset" 6137
"../../../Engine/Content/EngineMaterials/Substrate/GLints/dict_16_192_64_0p5_0p02_0015_0004.uasset" 6138
"../../../Engine/Content/EngineMaterials/Substrate/GLints/dict_16_192_64_0p5_0p02_0015_0011.uasset" 6139
"../../../Engine/Content/EngineMaterials/Substrate/GLints/dict_16_192_64_0p5_0p02_0014_0014.uasset" 6140
"../../../Engine/Content/EngineMaterials/Substrate/GLints/dict_16_192_64_0p5_0p02_0015_0008.uasset" 6141
"../../../Engine/Content/EngineMaterials/Substrate/GLints/dict_16_192_64_0p5_0p02_0014_0015.uasset" 6142
"../../../Engine/Content/EngineMaterials/Substrate/GLints/dict_16_192_64_0p5_0p02_0015_0010.uasset" 6143
"../../../Engine/Content/EngineMaterials/Substrate/GLints/dict_16_192_64_0p5_0p02_0015_0005.uasset" 6144
"../../../Engine/Content/EngineMaterials/Substrate/GLints/dict_16_192_64_0p5_0p02_0015_0014.uasset" 6145
"../../../Engine/Content/EngineMaterials/Substrate/GLints/dict_16_192_64_0p5_0p02_0015_0015.uasset" 6146
"../../../Engine/Content/EngineMaterials/Substrate/GLints/dict_16_192_64_0p5_0p02_0015_0013.uasset" 6147
"../../../Engine/Content/EngineMaterials/Substrate/GLints/dict_16_192_64_0p5_0p02_0015_0003.uasset" 6148
"../../../Engine/Content/EngineMaterials/Substrate/GLints/dict_16_192_64_0p5_0p02_0015_0006.uasset" 6149
"/Engine/EngineMaterials/Substrate/GLints/dict_16_192_64_0p5_0p02_0014_0012" 6150
"/Engine/EngineMaterials/Substrate/GLints/dict_16_192_64_0p5_0p02_0014_0011" 6151
"../../../Engine/Content/EngineMaterials/Substrate/GLints/dict_16_192_64_0p5_0p02_0015_0012.uasset" 6152
"/Engine/EngineMaterials/Substrate/GLints/dict_16_192_64_0p5_0p02_0014_0010" 6153
"/Engine/EngineMaterials/Substrate/GLints/dict_16_192_64_0p5_0p02_0014_0009" 6154
"/Engine/EngineMaterials/Substrate/GLints/dict_16_192_64_0p5_0p02_0014_0008" 6155
"/Engine/EngineMaterials/Substrate/GLints/dict_16_192_64_0p5_0p02_0014_0007" 6156
"/Engine/EngineMaterials/Substrate/GLints/dict_16_192_64_0p5_0p02_0014_0006" 6157
"/Engine/EngineMaterials/Substrate/GLints/dict_16_192_64_0p5_0p02_0014_0005" 6158
"/Engine/EngineMaterials/Substrate/GLints/dict_16_192_64_0p5_0p02_0014_0004" 6159
"/Engine/EngineMaterials/Substrate/GLints/dict_16_192_64_0p5_0p02_0014_0003" 6160
"/Engine/EngineMaterials/Substrate/GLints/dict_16_192_64_0p5_0p02_0014_0002" 6161
"/Engine/EngineMaterials/Substrate/GLints/dict_16_192_64_0p5_0p02_0014_0001" 6162
"/Engine/EngineMaterials/Substrate/GLints/dict_16_192_64_0p5_0p02_0014_0000" 6163
"../../../Engine/Content/EngineMaterials/Substrate/GLints/dict_16_192_64_0p5_0p02_0016_0000.uasset" 6164
"../../../Engine/Content/EngineMaterials/Substrate/GLints/dict_16_192_64_0p5_0p02_0016_0003.uasset" 6165
"../../../Engine/Content/EngineMaterials/Substrate/GLints/dict_16_192_64_0p5_0p02_0016_0007.uasset" 6166
"../../../Engine/Content/EngineMaterials/Substrate/GLints/dict_16_192_64_0p5_0p02_0016_0006.uasset" 6167
"../../../Engine/Content/EngineMaterials/Substrate/GLints/dict_16_192_64_0p5_0p02_0016_0008.uasset" 6168
"../../../Engine/Content/EngineMaterials/Substrate/GLints/dict_16_192_64_0p5_0p02_0016_0009.uasset" 6169
"../../../Engine/Content/EngineMaterials/Substrate/GLints/dict_16_192_64_0p5_0p02_0016_0011.uasset" 6170
"/Engine/EngineMaterials/Substrate/GLints/dict_16_192_64_0p5_0p02_0015_0015" 6171
"../../../Engine/Content/EngineMaterials/Substrate/GLints/dict_16_192_64_0p5_0p02_0016_0005.uasset" 6172
"../../../Engine/Content/EngineMaterials/Substrate/GLints/dict_16_192_64_0p5_0p02_0016_0010.uasset" 6173
"../../../Engine/Content/EngineMaterials/Substrate/GLints/dict_16_192_64_0p5_0p02_0016_0013.uasset" 6174
"../../../Engine/Content/EngineMaterials/Substrate/GLints/dict_16_192_64_0p5_0p02_0016_0001.uasset" 6175
"../../../Engine/Content/EngineMaterials/Substrate/GLints/dict_16_192_64_0p5_0p02_0016_0004.uasset" 6176
"../../../Engine/Content/EngineMaterials/Substrate/GLints/dict_16_192_64_0p5_0p02_0016_0012.uasset" 6177
"../../../Engine/Content/EngineMaterials/Substrate/GLints/dict_16_192_64_0p5_0p02_0016_0002.uasset" 6178
"/Engine/EngineMaterials/Substrate/GLints/dict_16_192_64_0p5_0p02_0015_0014" 6179
"/Engine/EngineMaterials/Substrate/GLints/dict_16_192_64_0p5_0p02_0015_0013" 6180
"/Engine/EngineMaterials/Substrate/GLints/dict_16_192_64_0p5_0p02_0015_0012" 6181
"/Engine/EngineMaterials/Substrate/GLints/dict_16_192_64_0p5_0p02_0015_0011" 6182
"/Engine/EngineMaterials/Substrate/GLints/dict_16_192_64_0p5_0p02_0015_0010" 6183
"/Engine/EngineMaterials/Substrate/GLints/dict_16_192_64_0p5_0p02_0015_0009" 6184
"/Engine/EngineMaterials/Substrate/GLints/dict_16_192_64_0p5_0p02_0015_0008" 6185
"/Engine/EngineMaterials/Substrate/GLints/dict_16_192_64_0p5_0p02_0015_0007" 6186
"/Engine/EngineMaterials/Substrate/GLints/dict_16_192_64_0p5_0p02_0015_0006" 6187
"/Engine/EngineMaterials/Substrate/GLints/dict_16_192_64_0p5_0p02_0015_0005" 6188
"/Engine/EngineMaterials/Substrate/GLints/dict_16_192_64_0p5_0p02_0015_0004" 6189
"/Engine/EngineMaterials/Substrate/GLints/dict_16_192_64_0p5_0p02_0015_0003" 6190
"/Engine/EngineMaterials/Substrate/GLints/dict_16_192_64_0p5_0p02_0015_0002" 6191
"/Engine/EngineMaterials/Substrate/GLints/dict_16_192_64_0p5_0p02_0015_0001" 6192
"/Engine/EngineMaterials/Substrate/GLints/dict_16_192_64_0p5_0p02_0015_0000" 6193
"/Engine/EngineMaterials/Substrate/GLints/dict_16_192_64_0p5_0p02_0014_0015" 6194
"/Engine/EngineMaterials/Substrate/GLints/dict_16_192_64_0p5_0p02_0014_0014" 6195
"../../../Engine/Content/EngineMaterials/Substrate/GLints/dict_16_192_64_0p5_0p02_0017_0001.uasset" 6196
"../../../Engine/Content/EngineMaterials/Substrate/GLints/dict_16_192_64_0p5_0p02_0017_0003.uasset" 6197
"../../../Engine/Content/EngineMaterials/Substrate/GLints/dict_16_192_64_0p5_0p02_0017_0008.uasset" 6198
"../../../Engine/Content/EngineMaterials/Substrate/GLints/dict_16_192_64_0p5_0p02_0017_0002.uasset" 6199
"../../../Engine/Content/EngineMaterials/Substrate/GLints/dict_16_192_64_0p5_0p02_0016_0014.uasset" 6200
"../../../Engine/Content/EngineMaterials/Substrate/GLints/dict_16_192_64_0p5_0p02_0017_0011.uasset" 6201
"../../../Engine/Content/EngineMaterials/Substrate/GLints/dict_16_192_64_0p5_0p02_0016_0015.uasset" 6202
"../../../Engine/Content/EngineMaterials/Substrate/GLints/dict_16_192_64_0p5_0p02_0017_0004.uasset" 6203
"../../../Engine/Content/EngineMaterials/Substrate/GLints/dict_16_192_64_0p5_0p02_0017_0007.uasset" 6204
"../../../Engine/Content/EngineMaterials/Substrate/GLints/dict_16_192_64_0p5_0p02_0017_0000.uasset" 6205
"../../../Engine/Content/EngineMaterials/Substrate/GLints/dict_16_192_64_0p5_0p02_0017_0006.uasset" 6206
"/Engine/EngineMaterials/Substrate/GLints/dict_16_192_64_0p5_0p02_0016_0013" 6207
"../../../Engine/Content/EngineMaterials/Substrate/GLints/dict_16_192_64_0p5_0p02_0017_0005.uasset" 6208
"../../../Engine/Content/EngineMaterials/Substrate/GLints/dict_16_192_64_0p5_0p02_0017_0010.uasset" 6209
"../../../Engine/Content/EngineMaterials/Substrate/GLints/dict_16_192_64_0p5_0p02_0017_0009.uasset" 6210
"../../../Engine/Content/EngineMaterials/Substrate/GLints/dict_16_192_64_0p5_0p02_0017_0013.uasset" 6211
"../../../Engine/Content/EngineMaterials/Substrate/GLints/dict_16_192_64_0p5_0p02_0017_0012.uasset" 6212
"/Engine/EngineMaterials/Substrate/GLints/dict_16_192_64_0p5_0p02_0016_0012" 6213
"../../../Engine/Content/EngineMaterials/Substrate/GLints/dict_16_192_64_0p5_0p02_0017_0014.uasset" 6214
"../../../Engine/Content/EngineMaterials/Substrate/GLints/dict_16_192_64_0p5_0p02_0017_0015.uasset" 6215
"/Engine/EngineMaterials/Substrate/GLints/dict_16_192_64_0p5_0p02_0016_0011" 6216
"/Engine/EngineMaterials/Substrate/GLints/dict_16_192_64_0p5_0p02_0016_0010" 6217
"/Engine/EngineMaterials/Substrate/GLints/dict_16_192_64_0p5_0p02_0016_0009" 6218
"/Engine/EngineMaterials/Substrate/GLints/dict_16_192_64_0p5_0p02_0016_0008" 6219
"/Engine/EngineMaterials/Substrate/GLints/dict_16_192_64_0p5_0p02_0016_0007" 6220
"/Engine/EngineMaterials/Substrate/GLints/dict_16_192_64_0p5_0p02_0016_0006" 6221
"/Engine/EngineMaterials/Substrate/GLints/dict_16_192_64_0p5_0p02_0016_0005" 6222
"/Engine/EngineMaterials/Substrate/GLints/dict_16_192_64_0p5_0p02_0016_0004" 6223
"/Engine/EngineMaterials/Substrate/GLints/dict_16_192_64_0p5_0p02_0016_0003" 6224
"/Engine/EngineMaterials/Substrate/GLints/dict_16_192_64_0p5_0p02_0016_0002" 6225
"/Engine/EngineMaterials/Substrate/GLints/dict_16_192_64_0p5_0p02_0016_0001" 6226
"/Engine/EngineMaterials/Substrate/GLints/dict_16_192_64_0p5_0p02_0016_0000" 6227
"../../../Engine/Content/EngineMaterials/Substrate/GLints/dict_16_192_64_0p5_0p02_0018_0000.uasset" 6228
"../../../Engine/Content/EngineMaterials/Substrate/GLints/dict_16_192_64_0p5_0p02_0018_0002.uasset" 6229
"../../../Engine/Content/EngineMaterials/Substrate/GLints/dict_16_192_64_0p5_0p02_0018_0010.uasset" 6230
"../../../Engine/Content/EngineMaterials/Substrate/GLints/dict_16_192_64_0p5_0p02_0018_0001.uasset" 6231
"/Engine/EngineMaterials/Substrate/GLints/dict_16_192_64_0p5_0p02_0017_0015" 6232
"../../../Engine/Content/EngineMaterials/Substrate/GLints/dict_16_192_64_0p5_0p02_0018_0008.uasset" 6233
"../../../Engine/Content/EngineMaterials/Substrate/GLints/dict_16_192_64_0p5_0p02_0018_0013.uasset" 6234
"../../../Engine/Content/EngineMaterials/Substrate/GLints/dict_16_192_64_0p5_0p02_0018_0009.uasset" 6235
"../../../Engine/Content/EngineMaterials/Substrate/GLints/dict_16_192_64_0p5_0p02_0018_0007.uasset" 6236
"../../../Engine/Content/EngineMaterials/Substrate/GLints/dict_16_192_64_0p5_0p02_0018_0003.uasset" 6237
"../../../Engine/Content/EngineMaterials/Substrate/GLints/dict_16_192_64_0p5_0p02_0018_0005.uasset" 6238
"../../../Engine/Content/EngineMaterials/Substrate/GLints/dict_16_192_64_0p5_0p02_0018_0012.uasset" 6239
"../../../Engine/Content/EngineMaterials/Substrate/GLints/dict_16_192_64_0p5_0p02_0018_0004.uasset" 6240
"/Engine/EngineMaterials/Substrate/GLints/dict_16_192_64_0p5_0p02_0017_0014" 6241
"../../../Engine/Content/EngineMaterials/Substrate/GLints/dict_16_192_64_0p5_0p02_0018_0006.uasset" 6242
"../../../Engine/Content/EngineMaterials/Substrate/GLints/dict_16_192_64_0p5_0p02_0018_0011.uasset" 6243
"/Engine/EngineMaterials/Substrate/GLints/dict_16_192_64_0p5_0p02_0017_0013" 6244
"/Engine/EngineMaterials/Substrate/GLints/dict_16_192_64_0p5_0p02_0017_0012" 6245
"/Engine/EngineMaterials/Substrate/GLints/dict_16_192_64_0p5_0p02_0017_0011" 6246
"/Engine/EngineMaterials/Substrate/GLints/dict_16_192_64_0p5_0p02_0017_0010" 6247
"/Engine/EngineMaterials/Substrate/GLints/dict_16_192_64_0p5_0p02_0017_0009" 6248
"/Engine/EngineMaterials/Substrate/GLints/dict_16_192_64_0p5_0p02_0017_0008" 6249
"/Engine/EngineMaterials/Substrate/GLints/dict_16_192_64_0p5_0p02_0017_0007" 6250
"/Engine/EngineMaterials/Substrate/GLints/dict_16_192_64_0p5_0p02_0017_0006" 6251
"/Engine/EngineMaterials/Substrate/GLints/dict_16_192_64_0p5_0p02_0017_0005" 6252
"/Engine/EngineMaterials/Substrate/GLints/dict_16_192_64_0p5_0p02_0017_0004" 6253
"/Engine/EngineMaterials/Substrate/GLints/dict_16_192_64_0p5_0p02_0017_0003" 6254
"/Engine/EngineMaterials/Substrate/GLints/dict_16_192_64_0p5_0p02_0017_0002" 6255
"/Engine/EngineMaterials/Substrate/GLints/dict_16_192_64_0p5_0p02_0017_0001" 6256
"/Engine/EngineMaterials/Substrate/GLints/dict_16_192_64_0p5_0p02_0017_0000" 6257
"/Engine/EngineMaterials/Substrate/GLints/dict_16_192_64_0p5_0p02_0016_0015" 6258
"/Engine/EngineMaterials/Substrate/GLints/dict_16_192_64_0p5_0p02_0016_0014" 6259
"../../../Engine/Content/EngineMaterials/Substrate/GLints/dict_16_192_64_0p5_0p02_0018_0014.uasset" 6260
"../../../Engine/Content/EngineMaterials/Substrate/GLints/dict_16_192_64_0p5_0p02_0018_0015.uasset" 6261
"../../../Engine/Content/EngineMaterials/Substrate/GLints/dict_16_192_64_0p5_0p02_0019_0001.uasset" 6262
"../../../Engine/Content/EngineMaterials/Substrate/GLints/dict_16_192_64_0p5_0p02_0019_0000.uasset" 6263
"../../../Engine/Content/EngineMaterials/Substrate/GLints/dict_16_192_64_0p5_0p02_0019_0002.uasset" 6264
"../../../Engine/Content/EngineMaterials/Substrate/GLints/dict_16_192_64_0p5_0p02_0019_0005.uasset" 6265
"../../../Engine/Content/EngineMaterials/Substrate/GLints/dict_16_192_64_0p5_0p02_0019_0007.uasset" 6266
"../../../Engine/Content/EngineMaterials/Substrate/GLints/dict_16_192_64_0p5_0p02_0019_0006.uasset" 6267
"../../../Engine/Content/EngineMaterials/Substrate/GLints/dict_16_192_64_0p5_0p02_0019_0003.uasset" 6268
"../../../Engine/Content/EngineMaterials/Substrate/GLints/dict_16_192_64_0p5_0p02_0019_0004.uasset" 6269
"../../../Engine/Content/EngineMaterials/Substrate/GLints/dict_16_192_64_0p5_0p02_0019_0010.uasset" 6270
"/Engine/EngineMaterials/Substrate/GLints/dict_16_192_64_0p5_0p02_0018_0013" 6271
"../../../Engine/Content/EngineMaterials/Substrate/GLints/dict_16_192_64_0p5_0p02_0019_0008.uasset" 6272
"../../../Engine/Content/EngineMaterials/Substrate/GLints/dict_16_192_64_0p5_0p02_0019_0011.uasset" 6273
"../../../Engine/Content/EngineMaterials/Substrate/GLints/dict_16_192_64_0p5_0p02_0019_0009.uasset" 6274
"../../../Engine/Content/EngineMaterials/Substrate/GLints/dict_16_192_64_0p5_0p02_0019_0012.uasset" 6275
"../../../Engine/Content/EngineMaterials/Substrate/GLints/dict_16_192_64_0p5_0p02_0019_0013.uasset" 6276
"/Engine/EngineMaterials/Substrate/GLints/dict_16_192_64_0p5_0p02_0018_0012" 6277
"../../../Engine/Content/EngineMaterials/Substrate/GLints/dict_16_192_64_0p5_0p02_0019_0014.uasset" 6278
"../../../Engine/Content/EngineMaterials/Substrate/GLints/dict_16_192_64_0p5_0p02_0019_0015.uasset" 6279
"/Engine/EngineMaterials/Substrate/GLints/dict_16_192_64_0p5_0p02_0018_0011" 6280
"/Engine/EngineMaterials/Substrate/GLints/dict_16_192_64_0p5_0p02_0018_0010" 6281
"/Engine/EngineMaterials/Substrate/GLints/dict_16_192_64_0p5_0p02_0018_0009" 6282
"/Engine/EngineMaterials/Substrate/GLints/dict_16_192_64_0p5_0p02_0018_0008" 6283
"/Engine/EngineMaterials/Substrate/GLints/dict_16_192_64_0p5_0p02_0018_0007" 6284
"/Engine/EngineMaterials/Substrate/GLints/dict_16_192_64_0p5_0p02_0018_0006" 6285
"/Engine/EngineMaterials/Substrate/GLints/dict_16_192_64_0p5_0p02_0018_0005" 6286
"/Engine/EngineMaterials/Substrate/GLints/dict_16_192_64_0p5_0p02_0018_0004" 6287
"/Engine/EngineMaterials/Substrate/GLints/dict_16_192_64_0p5_0p02_0018_0003" 6288
"/Engine/EngineMaterials/Substrate/GLints/dict_16_192_64_0p5_0p02_0018_0002" 6289
"/Engine/EngineMaterials/Substrate/GLints/dict_16_192_64_0p5_0p02_0018_0001" 6290
"/Engine/EngineMaterials/Substrate/GLints/dict_16_192_64_0p5_0p02_0018_0000" 6291
"../../../Engine/Content/EngineMaterials/Substrate/GLints/dict_16_192_64_0p5_0p02_0020_0004.uasset" 6292
"../../../Engine/Content/EngineMaterials/Substrate/GLints/dict_16_192_64_0p5_0p02_0020_0007.uasset" 6293
"../../../Engine/Content/EngineMaterials/Substrate/GLints/dict_16_192_64_0p5_0p02_0020_0008.uasset" 6294
"../../../Engine/Content/EngineMaterials/Substrate/GLints/dict_16_192_64_0p5_0p02_0020_0006.uasset" 6295
"../../../Engine/Content/EngineMaterials/Substrate/GLints/dict_16_192_64_0p5_0p02_0020_0010.uasset" 6296
"/Engine/EngineMaterials/Substrate/GLints/dict_16_192_64_0p5_0p02_0019_0015" 6297
"../../../Engine/Content/EngineMaterials/Substrate/GLints/dict_16_192_64_0p5_0p02_0020_0002.uasset" 6298
"../../../Engine/Content/EngineMaterials/Substrate/GLints/dict_16_192_64_0p5_0p02_0020_0009.uasset" 6299
"../../../Engine/Content/EngineMaterials/Substrate/GLints/dict_16_192_64_0p5_0p02_0020_0011.uasset" 6300
"../../../Engine/Content/EngineMaterials/Substrate/GLints/dict_16_192_64_0p5_0p02_0020_0012.uasset" 6301
"../../../Engine/Content/EngineMaterials/Substrate/GLints/dict_16_192_64_0p5_0p02_0020_0000.uasset" 6302
"../../../Engine/Content/EngineMaterials/Substrate/GLints/dict_16_192_64_0p5_0p02_0020_0003.uasset" 6303
"../../../Engine/Content/EngineMaterials/Substrate/GLints/dict_16_192_64_0p5_0p02_0020_0013.uasset" 6304
"../../../Engine/Content/EngineMaterials/Substrate/GLints/dict_16_192_64_0p5_0p02_0020_0001.uasset" 6305
"../../../Engine/Content/EngineMaterials/Substrate/GLints/dict_16_192_64_0p5_0p02_0020_0005.uasset" 6306
"/Engine/EngineMaterials/Substrate/GLints/dict_16_192_64_0p5_0p02_0019_0014" 6307
"/Engine/EngineMaterials/Substrate/GLints/dict_16_192_64_0p5_0p02_0019_0013" 6308
"/Engine/EngineMaterials/Substrate/GLints/dict_16_192_64_0p5_0p02_0019_0012" 6309
"/Engine/EngineMaterials/Substrate/GLints/dict_16_192_64_0p5_0p02_0019_0011" 6310
"/Engine/EngineMaterials/Substrate/GLints/dict_16_192_64_0p5_0p02_0019_0010" 6311
"/Engine/EngineMaterials/Substrate/GLints/dict_16_192_64_0p5_0p02_0019_0009" 6312
"/Engine/EngineMaterials/Substrate/GLints/dict_16_192_64_0p5_0p02_0019_0008" 6313
"/Engine/EngineMaterials/Substrate/GLints/dict_16_192_64_0p5_0p02_0019_0007" 6314
"/Engine/EngineMaterials/Substrate/GLints/dict_16_192_64_0p5_0p02_0019_0006" 6315
"/Engine/EngineMaterials/Substrate/GLints/dict_16_192_64_0p5_0p02_0019_0005" 6316
"/Engine/EngineMaterials/Substrate/GLints/dict_16_192_64_0p5_0p02_0019_0004" 6317
"/Engine/EngineMaterials/Substrate/GLints/dict_16_192_64_0p5_0p02_0019_0003" 6318
"/Engine/EngineMaterials/Substrate/GLints/dict_16_192_64_0p5_0p02_0019_0002" 6319
"/Engine/EngineMaterials/Substrate/GLints/dict_16_192_64_0p5_0p02_0019_0001" 6320
"/Engine/EngineMaterials/Substrate/GLints/dict_16_192_64_0p5_0p02_0019_0000" 6321
"/Engine/EngineMaterials/Substrate/GLints/dict_16_192_64_0p5_0p02_0018_0015" 6322
"/Engine/EngineMaterials/Substrate/GLints/dict_16_192_64_0p5_0p02_0018_0014" 6323
"../../../Engine/Content/EngineMaterials/Substrate/GLints/dict_16_192_64_0p5_0p02_0020_0014.uasset" 6324
"../../../Engine/Content/EngineMaterials/Substrate/GLints/dict_16_192_64_0p5_0p02_0020_0015.uasset" 6325
"../../../Engine/Content/EngineMaterials/Substrate/GLints/dict_16_192_64_0p5_0p02_0021_0003.uasset" 6326
"../../../Engine/Content/EngineMaterials/Substrate/GLints/dict_16_192_64_0p5_0p02_0021_0011.uasset" 6327
"../../../Engine/Content/EngineMaterials/Substrate/GLints/dict_16_192_64_0p5_0p02_0021_0000.uasset" 6328
"/Engine/EngineMaterials/Substrate/GLints/dict_16_192_64_0p5_0p02_0020_0013" 6329
"../../../Engine/Content/EngineMaterials/Substrate/GLints/dict_16_192_64_0p5_0p02_0021_0004.uasset" 6330
"../../../Engine/Content/EngineMaterials/Substrate/GLints/dict_16_192_64_0p5_0p02_0021_0002.uasset" 6331
"../../../Engine/Content/EngineMaterials/Substrate/GLints/dict_16_192_64_0p5_0p02_0021_0005.uasset" 6332
"../../../Engine/Content/EngineMaterials/Substrate/GLints/dict_16_192_64_0p5_0p02_0021_0006.uasset" 6333
"../../../Engine/Content/EngineMaterials/Substrate/GLints/dict_16_192_64_0p5_0p02_0021_0007.uasset" 6334
"../../../Engine/Content/EngineMaterials/Substrate/GLints/dict_16_192_64_0p5_0p02_0021_0009.uasset" 6335
"../../../Engine/Content/EngineMaterials/Substrate/GLints/dict_16_192_64_0p5_0p02_0021_0012.uasset" 6336
"../../../Engine/Content/EngineMaterials/Substrate/GLints/dict_16_192_64_0p5_0p02_0021_0008.uasset" 6337
"../../../Engine/Content/EngineMaterials/Substrate/GLints/dict_16_192_64_0p5_0p02_0021_0013.uasset" 6338
"../../../Engine/Content/EngineMaterials/Substrate/GLints/dict_16_192_64_0p5_0p02_0021_0015.uasset" 6339
"../../../Engine/Content/EngineMaterials/Substrate/GLints/dict_16_192_64_0p5_0p02_0021_0014.uasset" 6340
"/Engine/EngineMaterials/Substrate/GLints/dict_16_192_64_0p5_0p02_0020_0012" 6341
"../../../Engine/Content/EngineMaterials/Substrate/GLints/dict_16_192_64_0p5_0p02_0021_0010.uasset" 6342
"../../../Engine/Content/EngineMaterials/Substrate/GLints/dict_16_192_64_0p5_0p02_0021_0001.uasset" 6343
"/Engine/EngineMaterials/Substrate/GLints/dict_16_192_64_0p5_0p02_0020_0011" 6344
"/Engine/EngineMaterials/Substrate/GLints/dict_16_192_64_0p5_0p02_0020_0010" 6345
"/Engine/EngineMaterials/Substrate/GLints/dict_16_192_64_0p5_0p02_0020_0009" 6346
"/Engine/EngineMaterials/Substrate/GLints/dict_16_192_64_0p5_0p02_0020_0008" 6347
"/Engine/EngineMaterials/Substrate/GLints/dict_16_192_64_0p5_0p02_0020_0007" 6348
"/Engine/EngineMaterials/Substrate/GLints/dict_16_192_64_0p5_0p02_0020_0006" 6349
"/Engine/EngineMaterials/Substrate/GLints/dict_16_192_64_0p5_0p02_0020_0005" 6350
"/Engine/EngineMaterials/Substrate/GLints/dict_16_192_64_0p5_0p02_0020_0004" 6351
"/Engine/EngineMaterials/Substrate/GLints/dict_16_192_64_0p5_0p02_0020_0003" 6352
"/Engine/EngineMaterials/Substrate/GLints/dict_16_192_64_0p5_0p02_0020_0002" 6353
"/Engine/EngineMaterials/Substrate/GLints/dict_16_192_64_0p5_0p02_0020_0001" 6354
"/Engine/EngineMaterials/Substrate/GLints/dict_16_192_64_0p5_0p02_0020_0000" 6355
"../../../Engine/Content/EngineMaterials/Substrate/GLints/dict_16_192_64_0p5_0p02_0022_0005.uasset" 6356
"/Engine/EngineMaterials/Substrate/GLints/dict_16_192_64_0p5_0p02_0021_0015" 6357
"../../../Engine/Content/EngineMaterials/Substrate/GLints/dict_16_192_64_0p5_0p02_0022_0004.uasset" 6358
"../../../Engine/Content/EngineMaterials/Substrate/GLints/dict_16_192_64_0p5_0p02_0022_0011.uasset" 6359
"../../../Engine/Content/EngineMaterials/Substrate/GLints/dict_16_192_64_0p5_0p02_0022_0000.uasset" 6360
"../../../Engine/Content/EngineMaterials/Substrate/GLints/dict_16_192_64_0p5_0p02_0022_0013.uasset" 6361
"../../../Engine/Content/EngineMaterials/Substrate/GLints/dict_16_192_64_0p5_0p02_0022_0003.uasset" 6362
"../../../Engine/Content/EngineMaterials/Substrate/GLints/dict_16_192_64_0p5_0p02_0022_0007.uasset" 6363
"../../../Engine/Content/EngineMaterials/Substrate/GLints/dict_16_192_64_0p5_0p02_0022_0002.uasset" 6364
"../../../Engine/Content/EngineMaterials/Substrate/GLints/dict_16_192_64_0p5_0p02_0022_0012.uasset" 6365
"../../../Engine/Content/EngineMaterials/Substrate/GLints/dict_16_192_64_0p5_0p02_0022_0008.uasset" 6366
"../../../Engine/Content/EngineMaterials/Substrate/GLints/dict_16_192_64_0p5_0p02_0022_0009.uasset" 6367
"../../../Engine/Content/EngineMaterials/Substrate/GLints/dict_16_192_64_0p5_0p02_0022_0006.uasset" 6368
"../../../Engine/Content/EngineMaterials/Substrate/GLints/dict_16_192_64_0p5_0p02_0022_0010.uasset" 6369
"../../../Engine/Content/EngineMaterials/Substrate/GLints/dict_16_192_64_0p5_0p02_0022_0001.uasset" 6370
"/Engine/EngineMaterials/Substrate/GLints/dict_16_192_64_0p5_0p02_0021_0014" 6371
"/Engine/EngineMaterials/Substrate/GLints/dict_16_192_64_0p5_0p02_0021_0013" 6372
"/Engine/EngineMaterials/Substrate/GLints/dict_16_192_64_0p5_0p02_0021_0012" 6373
"/Engine/EngineMaterials/Substrate/GLints/dict_16_192_64_0p5_0p02_0021_0011" 6374
"/Engine/EngineMaterials/Substrate/GLints/dict_16_192_64_0p5_0p02_0021_0010" 6375
"/Engine/EngineMaterials/Substrate/GLints/dict_16_192_64_0p5_0p02_0021_0009" 6376
"/Engine/EngineMaterials/Substrate/GLints/dict_16_192_64_0p5_0p02_0021_0008" 6377
"/Engine/EngineMaterials/Substrate/GLints/dict_16_192_64_0p5_0p02_0021_0007" 6378
"/Engine/EngineMaterials/Substrate/GLints/dict_16_192_64_0p5_0p02_0021_0006" 6379
"/Engine/EngineMaterials/Substrate/GLints/dict_16_192_64_0p5_0p02_0021_0005" 6380
"/Engine/EngineMaterials/Substrate/GLints/dict_16_192_64_0p5_0p02_0021_0004" 6381
"/Engine/EngineMaterials/Substrate/GLints/dict_16_192_64_0p5_0p02_0021_0003" 6382
"/Engine/EngineMaterials/Substrate/GLints/dict_16_192_64_0p5_0p02_0021_0002" 6383
"/Engine/EngineMaterials/Substrate/GLints/dict_16_192_64_0p5_0p02_0021_0001" 6384
"/Engine/EngineMaterials/Substrate/GLints/dict_16_192_64_0p5_0p02_0021_0000" 6385
"/Engine/EngineMaterials/Substrate/GLints/dict_16_192_64_0p5_0p02_0020_0015" 6386
"/Engine/EngineMaterials/Substrate/GLints/dict_16_192_64_0p5_0p02_0020_0014" 6387
"../../../Engine/Content/EngineMaterials/Substrate/GLints/dict_16_192_64_0p5_0p02_0023_0001.uasset" 6388
"../../../Engine/Content/EngineMaterials/Substrate/GLints/dict_16_192_64_0p5_0p02_0023_0005.uasset" 6389
"../../../Engine/Content/EngineMaterials/Substrate/GLints/dict_16_192_64_0p5_0p02_0023_0006.uasset" 6390
"../../../Engine/Content/EngineMaterials/Substrate/GLints/dict_16_192_64_0p5_0p02_0023_0008.uasset" 6391
"../../../Engine/Content/EngineMaterials/Substrate/GLints/dict_16_192_64_0p5_0p02_0023_0007.uasset" 6392
"../../../Engine/Content/EngineMaterials/Substrate/GLints/dict_16_192_64_0p5_0p02_0023_0004.uasset" 6393
"../../../Engine/Content/EngineMaterials/Substrate/GLints/dict_16_192_64_0p5_0p02_0023_0000.uasset" 6394
"/Engine/EngineMaterials/Substrate/GLints/dict_16_192_64_0p5_0p02_0022_0013" 6395
"../../../Engine/Content/EngineMaterials/Substrate/GLints/dict_16_192_64_0p5_0p02_0023_0003.uasset" 6396
"../../../Engine/Content/EngineMaterials/Substrate/GLints/dict_16_192_64_0p5_0p02_0023_0009.uasset" 6397
"../../../Engine/Content/EngineMaterials/Substrate/GLints/dict_16_192_64_0p5_0p02_0023_0002.uasset" 6398
"../../../Engine/Content/EngineMaterials/Substrate/GLints/dict_16_192_64_0p5_0p02_0023_0011.uasset" 6399
"../../../Engine/Content/EngineMaterials/Substrate/GLints/dict_16_192_64_0p5_0p02_0023_0010.uasset" 6400
"../../../Engine/Content/EngineMaterials/Substrate/GLints/dict_16_192_64_0p5_0p02_0022_0014.uasset" 6401
"../../../Engine/Content/EngineMaterials/Substrate/GLints/dict_16_192_64_0p5_0p02_0023_0012.uasset" 6402
"../../../Engine/Content/EngineMaterials/Substrate/GLints/dict_16_192_64_0p5_0p02_0023_0014.uasset" 6403
"../../../Engine/Content/EngineMaterials/Substrate/GLints/dict_16_192_64_0p5_0p02_0022_0015.uasset" 6404
"../../../Engine/Content/EngineMaterials/Substrate/GLints/dict_16_192_64_0p5_0p02_0023_0015.uasset" 6405
"../../../Engine/Content/EngineMaterials/Substrate/GLints/dict_16_192_64_0p5_0p02_0023_0013.uasset" 6406
"/Engine/EngineMaterials/Substrate/GLints/dict_16_192_64_0p5_0p02_0022_0012" 6407
"/Engine/EngineMaterials/Substrate/GLints/dict_16_192_64_0p5_0p02_0022_0011" 6408
"/Engine/EngineMaterials/Substrate/GLints/dict_16_192_64_0p5_0p02_0022_0010" 6409
"/Engine/EngineMaterials/Substrate/GLints/dict_16_192_64_0p5_0p02_0022_0009" 6410
"/Engine/EngineMaterials/Substrate/GLints/dict_16_192_64_0p5_0p02_0022_0008" 6411
"/Engine/EngineMaterials/Substrate/GLints/dict_16_192_64_0p5_0p02_0022_0007" 6412
"/Engine/EngineMaterials/Substrate/GLints/dict_16_192_64_0p5_0p02_0022_0006" 6413
"/Engine/EngineMaterials/Substrate/GLints/dict_16_192_64_0p5_0p02_0022_0005" 6414
"/Engine/EngineMaterials/Substrate/GLints/dict_16_192_64_0p5_0p02_0022_0004" 6415
"/Engine/EngineMaterials/Substrate/GLints/dict_16_192_64_0p5_0p02_0022_0003" 6416
"/Engine/EngineMaterials/Substrate/GLints/dict_16_192_64_0p5_0p02_0022_0002" 6417
"/Engine/EngineMaterials/Substrate/GLints/dict_16_192_64_0p5_0p02_0022_0001" 6418
"/Engine/EngineMaterials/Substrate/GLints/dict_16_192_64_0p5_0p02_0022_0000" 6419
"../../../Engine/Content/EngineMaterials/Substrate/GLints/dict_16_192_64_0p5_0p02_0024_0000.uasset" 6420
"../../../Engine/Content/EngineMaterials/Substrate/GLints/dict_16_192_64_0p5_0p02_0024_0001.uasset" 6421
"../../../Engine/Content/EngineMaterials/Substrate/GLints/dict_16_192_64_0p5_0p02_0024_0008.uasset" 6422
"../../../Engine/Content/EngineMaterials/Substrate/GLints/dict_16_192_64_0p5_0p02_0024_0003.uasset" 6423
"../../../Engine/Content/EngineMaterials/Substrate/GLints/dict_16_192_64_0p5_0p02_0024_0011.uasset" 6424
"../../../Engine/Content/EngineMaterials/Substrate/GLints/dict_16_192_64_0p5_0p02_0024_0007.uasset" 6425
"../../../Engine/Content/EngineMaterials/Substrate/GLints/dict_16_192_64_0p5_0p02_0024_0005.uasset" 6426
"../../../Engine/Content/EngineMaterials/Substrate/GLints/dict_16_192_64_0p5_0p02_0024_0006.uasset" 6427
"../../../Engine/Content/EngineMaterials/Substrate/GLints/dict_16_192_64_0p5_0p02_0024_0004.uasset" 6428
"../../../Engine/Content/EngineMaterials/Substrate/GLints/dict_16_192_64_0p5_0p02_0024_0012.uasset" 6429
"../../../Engine/Content/EngineMaterials/Substrate/GLints/dict_16_192_64_0p5_0p02_0024_0002.uasset" 6430
"../../../Engine/Content/EngineMaterials/Substrate/GLints/dict_16_192_64_0p5_0p02_0024_0010.uasset" 6431
"/Engine/EngineMaterials/Substrate/GLints/dict_16_192_64_0p5_0p02_0023_0015" 6432
"../../../Engine/Content/EngineMaterials/Substrate/GLints/dict_16_192_64_0p5_0p02_0024_0013.uasset" 6433
"../../../Engine/Content/EngineMaterials/Substrate/GLints/dict_16_192_64_0p5_0p02_0024_0009.uasset" 6434
"/Engine/EngineMaterials/Substrate/GLints/dict_16_192_64_0p5_0p02_0023_0014" 6435
"/Engine/EngineMaterials/Substrate/GLints/dict_16_192_64_0p5_0p02_0023_0013" 6436
"/Engine/EngineMaterials/Substrate/GLints/dict_16_192_64_0p5_0p02_0023_0012" 6437
"/Engine/EngineMaterials/Substrate/GLints/dict_16_192_64_0p5_0p02_0023_0011" 6438
"/Engine/EngineMaterials/Substrate/GLints/dict_16_192_64_0p5_0p02_0023_0010" 6439
"/Engine/EngineMaterials/Substrate/GLints/dict_16_192_64_0p5_0p02_0023_0009" 6440
"/Engine/EngineMaterials/Substrate/GLints/dict_16_192_64_0p5_0p02_0023_0008" 6441
"/Engine/EngineMaterials/Substrate/GLints/dict_16_192_64_0p5_0p02_0023_0007" 6442
"/Engine/EngineMaterials/Substrate/GLints/dict_16_192_64_0p5_0p02_0023_0006" 6443
"/Engine/EngineMaterials/Substrate/GLints/dict_16_192_64_0p5_0p02_0023_0005" 6444
"/Engine/EngineMaterials/Substrate/GLints/dict_16_192_64_0p5_0p02_0023_0004" 6445
"/Engine/EngineMaterials/Substrate/GLints/dict_16_192_64_0p5_0p02_0023_0003" 6446
"/Engine/EngineMaterials/Substrate/GLints/dict_16_192_64_0p5_0p02_0023_0002" 6447
"/Engine/EngineMaterials/Substrate/GLints/dict_16_192_64_0p5_0p02_0023_0001" 6448
"/Engine/EngineMaterials/Substrate/GLints/dict_16_192_64_0p5_0p02_0023_0000" 6449
"/Engine/EngineMaterials/Substrate/GLints/dict_16_192_64_0p5_0p02_0022_0015" 6450
"/Engine/EngineMaterials/Substrate/GLints/dict_16_192_64_0p5_0p02_0022_0014" 6451
"../../../Engine/Content/EngineMaterials/Substrate/GLints/dict_16_192_64_0p5_0p02_0025_0003.uasset" 6452
"../../../Engine/Content/EngineMaterials/Substrate/GLints/dict_16_192_64_0p5_0p02_0025_0000.uasset" 6453
"../../../Engine/Content/EngineMaterials/Substrate/GLints/dict_16_192_64_0p5_0p02_0025_0005.uasset" 6454
"../../../Engine/Content/EngineMaterials/Substrate/GLints/dict_16_192_64_0p5_0p02_0025_0007.uasset" 6455
"../../../Engine/Content/EngineMaterials/Substrate/GLints/dict_16_192_64_0p5_0p02_0025_0004.uasset" 6456
"../../../Engine/Content/EngineMaterials/Substrate/GLints/dict_16_192_64_0p5_0p02_0024_0015.uasset" 6457
"../../../Engine/Content/EngineMaterials/Substrate/GLints/dict_16_192_64_0p5_0p02_0025_0002.uasset" 6458
"../../../Engine/Content/EngineMaterials/Substrate/GLints/dict_16_192_64_0p5_0p02_0025_0011.uasset" 6459
"../../../Engine/Content/EngineMaterials/Substrate/GLints/dict_16_192_64_0p5_0p02_0025_0008.uasset" 6460
"../../../Engine/Content/EngineMaterials/Substrate/GLints/dict_16_192_64_0p5_0p02_0025_0006.uasset" 6461
"/Engine/EngineMaterials/Substrate/GLints/dict_16_192_64_0p5_0p02_0024_0013" 6462
"../../../Engine/Content/EngineMaterials/Substrate/GLints/dict_16_192_64_0p5_0p02_0025_0010.uasset" 6463
"../../../Engine/Content/EngineMaterials/Substrate/GLints/dict_16_192_64_0p5_0p02_0025_0009.uasset" 6464
"../../../Engine/Content/EngineMaterials/Substrate/GLints/dict_16_192_64_0p5_0p02_0024_0014.uasset" 6465
"../../../Engine/Content/EngineMaterials/Substrate/GLints/dict_16_192_64_0p5_0p02_0025_0001.uasset" 6466
"../../../Engine/Content/EngineMaterials/Substrate/GLints/dict_16_192_64_0p5_0p02_0025_0013.uasset" 6467
"../../../Engine/Content/EngineMaterials/Substrate/GLints/dict_16_192_64_0p5_0p02_0025_0015.uasset" 6468
"../../../Engine/Content/EngineMaterials/Substrate/GLints/dict_16_192_64_0p5_0p02_0025_0012.uasset" 6469
"../../../Engine/Content/EngineMaterials/Substrate/GLints/dict_16_192_64_0p5_0p02_0025_0014.uasset" 6470
"/Engine/EngineMaterials/Substrate/GLints/dict_16_192_64_0p5_0p02_0024_0012" 6471
"/Engine/EngineMaterials/Substrate/GLints/dict_16_192_64_0p5_0p02_0024_0011" 6472
"/Engine/EngineMaterials/Substrate/GLints/dict_16_192_64_0p5_0p02_0024_0010" 6473
"/Engine/EngineMaterials/Substrate/GLints/dict_16_192_64_0p5_0p02_0024_0009" 6474
"/Engine/EngineMaterials/Substrate/GLints/dict_16_192_64_0p5_0p02_0024_0008" 6475
"/Engine/EngineMaterials/Substrate/GLints/dict_16_192_64_0p5_0p02_0024_0007" 6476
"/Engine/EngineMaterials/Substrate/GLints/dict_16_192_64_0p5_0p02_0024_0006" 6477
"/Engine/EngineMaterials/Substrate/GLints/dict_16_192_64_0p5_0p02_0024_0005" 6478
"/Engine/EngineMaterials/Substrate/GLints/dict_16_192_64_0p5_0p02_0024_0004" 6479
"/Engine/EngineMaterials/Substrate/GLints/dict_16_192_64_0p5_0p02_0024_0003" 6480
"/Engine/EngineMaterials/Substrate/GLints/dict_16_192_64_0p5_0p02_0024_0002" 6481
"/Engine/EngineMaterials/Substrate/GLints/dict_16_192_64_0p5_0p02_0024_0001" 6482
"/Engine/EngineMaterials/Substrate/GLints/dict_16_192_64_0p5_0p02_0024_0000" 6483
"../../../Engine/Content/EngineMaterials/Substrate/GLints/dict_16_192_64_0p5_0p02_0026_0000.uasset" 6484
"../../../Engine/Content/EngineMaterials/Substrate/GLints/dict_16_192_64_0p5_0p02_0026_0003.uasset" 6485
"../../../Engine/Content/EngineMaterials/Substrate/GLints/dict_16_192_64_0p5_0p02_0026_0001.uasset" 6486
"/Engine/EngineMaterials/Substrate/GLints/dict_16_192_64_0p5_0p02_0025_0015" 6487
"../../../Engine/Content/EngineMaterials/Substrate/GLints/dict_16_192_64_0p5_0p02_0026_0006.uasset" 6488
"../../../Engine/Content/EngineMaterials/Substrate/GLints/dict_16_192_64_0p5_0p02_0026_0012.uasset" 6489
"../../../Engine/Content/EngineMaterials/Substrate/GLints/dict_16_192_64_0p5_0p02_0026_0009.uasset" 6490
"../../../Engine/Content/EngineMaterials/Substrate/GLints/dict_16_192_64_0p5_0p02_0026_0013.uasset" 6491
"../../../Engine/Content/EngineMaterials/Substrate/GLints/dict_16_192_64_0p5_0p02_0026_0008.uasset" 6492
"../../../Engine/Content/EngineMaterials/Substrate/GLints/dict_16_192_64_0p5_0p02_0026_0010.uasset" 6493
"../../../Engine/Content/EngineMaterials/Substrate/GLints/dict_16_192_64_0p5_0p02_0026_0004.uasset" 6494
"../../../Engine/Content/EngineMaterials/Substrate/GLints/dict_16_192_64_0p5_0p02_0026_0011.uasset" 6495
"../../../Engine/Content/EngineMaterials/Substrate/GLints/dict_16_192_64_0p5_0p02_0026_0005.uasset" 6496
"../../../Engine/Content/EngineMaterials/Substrate/GLints/dict_16_192_64_0p5_0p02_0026_0002.uasset" 6497
"../../../Engine/Content/EngineMaterials/Substrate/GLints/dict_16_192_64_0p5_0p02_0026_0007.uasset" 6498
"/Engine/EngineMaterials/Substrate/GLints/dict_16_192_64_0p5_0p02_0025_0014" 6499
"/Engine/EngineMaterials/Substrate/GLints/dict_16_192_64_0p5_0p02_0025_0013" 6500
"/Engine/EngineMaterials/Substrate/GLints/dict_16_192_64_0p5_0p02_0025_0012" 6501
"/Engine/EngineMaterials/Substrate/GLints/dict_16_192_64_0p5_0p02_0025_0011" 6502
"/Engine/EngineMaterials/Substrate/GLints/dict_16_192_64_0p5_0p02_0025_0010" 6503
"/Engine/EngineMaterials/Substrate/GLints/dict_16_192_64_0p5_0p02_0025_0009" 6504
"/Engine/EngineMaterials/Substrate/GLints/dict_16_192_64_0p5_0p02_0025_0008" 6505
"/Engine/EngineMaterials/Substrate/GLints/dict_16_192_64_0p5_0p02_0025_0007" 6506
"/Engine/EngineMaterials/Substrate/GLints/dict_16_192_64_0p5_0p02_0025_0006" 6507
"/Engine/EngineMaterials/Substrate/GLints/dict_16_192_64_0p5_0p02_0025_0005" 6508
"/Engine/EngineMaterials/Substrate/GLints/dict_16_192_64_0p5_0p02_0025_0004" 6509
"/Engine/EngineMaterials/Substrate/GLints/dict_16_192_64_0p5_0p02_0025_0003" 6510
"/Engine/EngineMaterials/Substrate/GLints/dict_16_192_64_0p5_0p02_0025_0002" 6511
"/Engine/EngineMaterials/Substrate/GLints/dict_16_192_64_0p5_0p02_0025_0001" 6512
"/Engine/EngineMaterials/Substrate/GLints/dict_16_192_64_0p5_0p02_0025_0000" 6513
"/Engine/EngineMaterials/Substrate/GLints/dict_16_192_64_0p5_0p02_0024_0015" 6514
"/Engine/EngineMaterials/Substrate/GLints/dict_16_192_64_0p5_0p02_0024_0014" 6515
"../../../Engine/Content/EngineMaterials/Substrate/GLints/dict_16_192_64_0p5_0p02_0027_0004.uasset" 6516
"../../../Engine/Content/EngineMaterials/Substrate/GLints/dict_16_192_64_0p5_0p02_0027_0005.uasset" 6517
"../../../Engine/Content/EngineMaterials/Substrate/GLints/dict_16_192_64_0p5_0p02_0027_0006.uasset" 6518
"../../../Engine/Content/EngineMaterials/Substrate/GLints/dict_16_192_64_0p5_0p02_0027_0009.uasset" 6519
"../../../Engine/Content/EngineMaterials/Substrate/GLints/dict_16_192_64_0p5_0p02_0027_0007.uasset" 6520
"../../../Engine/Content/EngineMaterials/Substrate/GLints/dict_16_192_64_0p5_0p02_0027_0008.uasset" 6521
"../../../Engine/Content/EngineMaterials/Substrate/GLints/dict_16_192_64_0p5_0p02_0026_0015.uasset" 6522
"/Engine/EngineMaterials/Substrate/GLints/dict_16_192_64_0p5_0p02_0026_0013" 6523
"../../../Engine/Content/EngineMaterials/Substrate/GLints/dict_16_192_64_0p5_0p02_0027_0000.uasset" 6524
"../../../Engine/Content/EngineMaterials/Substrate/GLints/dict_16_192_64_0p5_0p02_0026_0014.uasset" 6525
"../../../Engine/Content/EngineMaterials/Substrate/GLints/dict_16_192_64_0p5_0p02_0027_0003.uasset" 6526
"../../../Engine/Content/EngineMaterials/Substrate/GLints/dict_16_192_64_0p5_0p02_0027_0002.uasset" 6527
"../../../Engine/Content/EngineMaterials/Substrate/GLints/dict_16_192_64_0p5_0p02_0027_0010.uasset" 6528
"../../../Engine/Content/EngineMaterials/Substrate/GLints/dict_16_192_64_0p5_0p02_0027_0001.uasset" 6529
"../../../Engine/Content/EngineMaterials/Substrate/GLints/dict_16_192_64_0p5_0p02_0027_0011.uasset" 6530
"/Engine/EngineMaterials/Substrate/GLints/dict_16_192_64_0p5_0p02_0026_0012" 6531
"../../../Engine/Content/EngineMaterials/Substrate/GLints/dict_16_192_64_0p5_0p02_0027_0012.uasset" 6532
"../../../Engine/Content/EngineMaterials/Substrate/GLints/dict_16_192_64_0p5_0p02_0027_0013.uasset" 6533
"../../../Engine/Content/EngineMaterials/Substrate/GLints/dict_16_192_64_0p5_0p02_0027_0014.uasset" 6534
"../../../Engine/Content/EngineMaterials/Substrate/GLints/dict_16_192_64_0p5_0p02_0027_0015.uasset" 6535
"/Engine/EngineMaterials/Substrate/GLints/dict_16_192_64_0p5_0p02_0026_0011" 6536
"/Engine/EngineMaterials/Substrate/GLints/dict_16_192_64_0p5_0p02_0026_0010" 6537
"/Engine/EngineMaterials/Substrate/GLints/dict_16_192_64_0p5_0p02_0026_0009" 6538
"/Engine/EngineMaterials/Substrate/GLints/dict_16_192_64_0p5_0p02_0026_0008" 6539
"/Engine/EngineMaterials/Substrate/GLints/dict_16_192_64_0p5_0p02_0026_0007" 6540
"/Engine/EngineMaterials/Substrate/GLints/dict_16_192_64_0p5_0p02_0026_0006" 6541
"/Engine/EngineMaterials/Substrate/GLints/dict_16_192_64_0p5_0p02_0026_0005" 6542
"/Engine/EngineMaterials/Substrate/GLints/dict_16_192_64_0p5_0p02_0026_0004" 6543
"/Engine/EngineMaterials/Substrate/GLints/dict_16_192_64_0p5_0p02_0026_0003" 6544
"/Engine/EngineMaterials/Substrate/GLints/dict_16_192_64_0p5_0p02_0026_0002" 6545
"/Engine/EngineMaterials/Substrate/GLints/dict_16_192_64_0p5_0p02_0026_0001" 6546
"/Engine/EngineMaterials/Substrate/GLints/dict_16_192_64_0p5_0p02_0026_0000" 6547
"../../../Engine/Content/EngineMaterials/Substrate/GLints/dict_16_192_64_0p5_0p02_0028_0002.uasset" 6548
"../../../Engine/Content/EngineMaterials/Substrate/GLints/dict_16_192_64_0p5_0p02_0028_0000.uasset" 6549
"../../../Engine/Content/EngineMaterials/Substrate/GLints/dict_16_192_64_0p5_0p02_0028_0010.uasset" 6550
"../../../Engine/Content/EngineMaterials/Substrate/GLints/dict_16_192_64_0p5_0p02_0028_0006.uasset" 6551
"../../../Engine/Content/EngineMaterials/Substrate/GLints/dict_16_192_64_0p5_0p02_0028_0004.uasset" 6552
"/Engine/EngineMaterials/Substrate/GLints/dict_16_192_64_0p5_0p02_0027_0015" 6553
"../../../Engine/Content/EngineMaterials/Substrate/GLints/dict_16_192_64_0p5_0p02_0028_0005.uasset" 6554
"../../../Engine/Content/EngineMaterials/Substrate/GLints/dict_16_192_64_0p5_0p02_0028_0009.uasset" 6555
"../../../Engine/Content/EngineMaterials/Substrate/GLints/dict_16_192_64_0p5_0p02_0028_0007.uasset" 6556
"../../../Engine/Content/EngineMaterials/Substrate/GLints/dict_16_192_64_0p5_0p02_0028_0012.uasset" 6557
"../../../Engine/Content/EngineMaterials/Substrate/GLints/dict_16_192_64_0p5_0p02_0028_0003.uasset" 6558
"../../../Engine/Content/EngineMaterials/Substrate/GLints/dict_16_192_64_0p5_0p02_0028_0011.uasset" 6559
"../../../Engine/Content/EngineMaterials/Substrate/GLints/dict_16_192_64_0p5_0p02_0028_0001.uasset" 6560
"../../../Engine/Content/EngineMaterials/Substrate/GLints/dict_16_192_64_0p5_0p02_0028_0008.uasset" 6561
"../../../Engine/Content/EngineMaterials/Substrate/GLints/dict_16_192_64_0p5_0p02_0028_0013.uasset" 6562
"/Engine/EngineMaterials/Substrate/GLints/dict_16_192_64_0p5_0p02_0027_0014" 6563
"/Engine/EngineMaterials/Substrate/GLints/dict_16_192_64_0p5_0p02_0027_0013" 6564
"/Engine/EngineMaterials/Substrate/GLints/dict_16_192_64_0p5_0p02_0027_0012" 6565
"/Engine/EngineMaterials/Substrate/GLints/dict_16_192_64_0p5_0p02_0027_0011" 6566
"/Engine/EngineMaterials/Substrate/GLints/dict_16_192_64_0p5_0p02_0027_0010" 6567
"/Engine/EngineMaterials/Substrate/GLints/dict_16_192_64_0p5_0p02_0027_0009" 6568
"/Engine/EngineMaterials/Substrate/GLints/dict_16_192_64_0p5_0p02_0027_0008" 6569
"/Engine/EngineMaterials/Substrate/GLints/dict_16_192_64_0p5_0p02_0027_0007" 6570
"/Engine/EngineMaterials/Substrate/GLints/dict_16_192_64_0p5_0p02_0027_0006" 6571
"/Engine/EngineMaterials/Substrate/GLints/dict_16_192_64_0p5_0p02_0027_0005" 6572
"/Engine/EngineMaterials/Substrate/GLints/dict_16_192_64_0p5_0p02_0027_0004" 6573
"/Engine/EngineMaterials/Substrate/GLints/dict_16_192_64_0p5_0p02_0027_0003" 6574
"/Engine/EngineMaterials/Substrate/GLints/dict_16_192_64_0p5_0p02_0027_0002" 6575
"/Engine/EngineMaterials/Substrate/GLints/dict_16_192_64_0p5_0p02_0027_0001" 6576
"/Engine/EngineMaterials/Substrate/GLints/dict_16_192_64_0p5_0p02_0027_0000" 6577
"/Engine/EngineMaterials/Substrate/GLints/dict_16_192_64_0p5_0p02_0026_0015" 6578
"/Engine/EngineMaterials/Substrate/GLints/dict_16_192_64_0p5_0p02_0026_0014" 6579
"../../../Engine/Content/EngineMaterials/Substrate/GLints/dict_16_192_64_0p5_0p02_0028_0015.uasset" 6580
"../../../Engine/Content/EngineMaterials/Substrate/GLints/dict_16_192_64_0p5_0p02_0029_0001.uasset" 6581
"../../../Engine/Content/EngineMaterials/Substrate/GLints/dict_16_192_64_0p5_0p02_0029_0006.uasset" 6582
"../../../Engine/Content/EngineMaterials/Substrate/GLints/dict_16_192_64_0p5_0p02_0029_0007.uasset" 6583
"../../../Engine/Content/EngineMaterials/Substrate/GLints/dict_16_192_64_0p5_0p02_0029_0009.uasset" 6584
"../../../Engine/Content/EngineMaterials/Substrate/GLints/dict_16_192_64_0p5_0p02_0029_0005.uasset" 6585
"../../../Engine/Content/EngineMaterials/Substrate/GLints/dict_16_192_64_0p5_0p02_0029_0003.uasset" 6586
"/Engine/EngineMaterials/Substrate/GLints/dict_16_192_64_0p5_0p02_0028_0013" 6587
"../../../Engine/Content/EngineMaterials/Substrate/GLints/dict_16_192_64_0p5_0p02_0028_0014.uasset" 6588
"../../../Engine/Content/EngineMaterials/Substrate/GLints/dict_16_192_64_0p5_0p02_0029_0008.uasset" 6589
"../../../Engine/Content/EngineMaterials/Substrate/GLints/dict_16_192_64_0p5_0p02_0029_0000.uasset" 6590
"../../../Engine/Content/EngineMaterials/Substrate/GLints/dict_16_192_64_0p5_0p02_0029_0002.uasset" 6591
"../../../Engine/Content/EngineMaterials/Substrate/GLints/dict_16_192_64_0p5_0p02_0029_0010.uasset" 6592
"../../../Engine/Content/EngineMaterials/Substrate/GLints/dict_16_192_64_0p5_0p02_0029_0011.uasset" 6593
"../../../Engine/Content/EngineMaterials/Substrate/GLints/dict_16_192_64_0p5_0p02_0029_0004.uasset" 6594
"/Engine/EngineMaterials/Substrate/GLints/dict_16_192_64_0p5_0p02_0028_0012" 6595
"../../../Engine/Content/EngineMaterials/Substrate/GLints/dict_16_192_64_0p5_0p02_0029_0012.uasset" 6596
"../../../Engine/Content/EngineMaterials/Substrate/GLints/dict_16_192_64_0p5_0p02_0029_0014.uasset" 6597
"../../../Engine/Content/EngineMaterials/Substrate/GLints/dict_16_192_64_0p5_0p02_0029_0013.uasset" 6598
"/Engine/EngineMaterials/Substrate/GLints/dict_16_192_64_0p5_0p02_0028_0011" 6599
"../../../Engine/Content/EngineMaterials/Substrate/GLints/dict_16_192_64_0p5_0p02_0029_0015.uasset" 6600
"/Engine/EngineMaterials/Substrate/GLints/dict_16_192_64_0p5_0p02_0028_0010" 6601
"/Engine/EngineMaterials/Substrate/GLints/dict_16_192_64_0p5_0p02_0028_0009" 6602
"/Engine/EngineMaterials/Substrate/GLints/dict_16_192_64_0p5_0p02_0028_0008" 6603
"/Engine/EngineMaterials/Substrate/GLints/dict_16_192_64_0p5_0p02_0028_0007" 6604
"/Engine/EngineMaterials/Substrate/GLints/dict_16_192_64_0p5_0p02_0028_0006" 6605
"/Engine/EngineMaterials/Substrate/GLints/dict_16_192_64_0p5_0p02_0028_0005" 6606
"/Engine/EngineMaterials/Substrate/GLints/dict_16_192_64_0p5_0p02_0028_0004" 6607
"/Engine/EngineMaterials/Substrate/GLints/dict_16_192_64_0p5_0p02_0028_0003" 6608
"/Engine/EngineMaterials/Substrate/GLints/dict_16_192_64_0p5_0p02_0028_0002" 6609
"/Engine/EngineMaterials/Substrate/GLints/dict_16_192_64_0p5_0p02_0028_0001" 6610
"/Engine/EngineMaterials/Substrate/GLints/dict_16_192_64_0p5_0p02_0028_0000" 6611
"../../../Engine/Content/EngineMaterials/Substrate/GLints/dict_16_192_64_0p5_0p02_0030_0000.uasset" 6612
"../../../Engine/Content/EngineMaterials/Substrate/GLints/dict_16_192_64_0p5_0p02_0030_0003.uasset" 6613
"../../../Engine/Content/EngineMaterials/Substrate/GLints/dict_16_192_64_0p5_0p02_0030_0008.uasset" 6614
"../../../Engine/Content/EngineMaterials/Substrate/GLints/dict_16_192_64_0p5_0p02_0030_0009.uasset" 6615
"../../../Engine/Content/EngineMaterials/Substrate/GLints/dict_16_192_64_0p5_0p02_0030_0013.uasset" 6616
"../../../Engine/Content/EngineMaterials/Substrate/GLints/dict_16_192_64_0p5_0p02_0030_0005.uasset" 6617
"../../../Engine/Content/EngineMaterials/Substrate/GLints/dict_16_192_64_0p5_0p02_0030_0001.uasset" 6618
"../../../Engine/Content/EngineMaterials/Substrate/GLints/dict_16_192_64_0p5_0p02_0030_0007.uasset" 6619
"../../../Engine/Content/EngineMaterials/Substrate/GLints/dict_16_192_64_0p5_0p02_0030_0004.uasset" 6620
"../../../Engine/Content/EngineMaterials/Substrate/GLints/dict_16_192_64_0p5_0p02_0030_0010.uasset" 6621
"../../../Engine/Content/EngineMaterials/Substrate/GLints/dict_16_192_64_0p5_0p02_0030_0006.uasset" 6622
"../../../Engine/Content/EngineMaterials/Substrate/GLints/dict_16_192_64_0p5_0p02_0030_0011.uasset" 6623
"/Engine/EngineMaterials/Substrate/GLints/dict_16_192_64_0p5_0p02_0029_0015" 6624
"../../../Engine/Content/EngineMaterials/Substrate/GLints/dict_16_192_64_0p5_0p02_0030_0002.uasset" 6625
"../../../Engine/Content/EngineMaterials/Substrate/GLints/dict_16_192_64_0p5_0p02_0030_0012.uasset" 6626
"/Engine/EngineMaterials/Substrate/GLints/dict_16_192_64_0p5_0p02_0029_0014" 6627
"/Engine/EngineMaterials/Substrate/GLints/dict_16_192_64_0p5_0p02_0029_0013" 6628
"/Engine/EngineMaterials/Substrate/GLints/dict_16_192_64_0p5_0p02_0029_0012" 6629
"/Engine/EngineMaterials/Substrate/GLints/dict_16_192_64_0p5_0p02_0029_0011" 6630
"/Engine/EngineMaterials/Substrate/GLints/dict_16_192_64_0p5_0p02_0029_0010" 6631
"/Engine/EngineMaterials/Substrate/GLints/dict_16_192_64_0p5_0p02_0029_0009" 6632
"/Engine/EngineMaterials/Substrate/GLints/dict_16_192_64_0p5_0p02_0029_0008" 6633
"/Engine/EngineMaterials/Substrate/GLints/dict_16_192_64_0p5_0p02_0029_0007" 6634
"/Engine/EngineMaterials/Substrate/GLints/dict_16_192_64_0p5_0p02_0029_0006" 6635
"/Engine/EngineMaterials/Substrate/GLints/dict_16_192_64_0p5_0p02_0029_0005" 6636
"/Engine/EngineMaterials/Substrate/GLints/dict_16_192_64_0p5_0p02_0029_0004" 6637
"/Engine/EngineMaterials/Substrate/GLints/dict_16_192_64_0p5_0p02_0029_0003" 6638
"/Engine/EngineMaterials/Substrate/GLints/dict_16_192_64_0p5_0p02_0029_0002" 6639
"/Engine/EngineMaterials/Substrate/GLints/dict_16_192_64_0p5_0p02_0029_0001" 6640
"/Engine/EngineMaterials/Substrate/GLints/dict_16_192_64_0p5_0p02_0029_0000" 6641
"/Engine/EngineMaterials/Substrate/GLints/dict_16_192_64_0p5_0p02_0028_0015" 6642
"/Engine/EngineMaterials/Substrate/GLints/dict_16_192_64_0p5_0p02_0028_0014" 6643
"../../../Engine/Content/EngineMaterials/Substrate/GLints/dict_16_192_64_0p5_0p02_0030_0014.uasset" 6644
"../../../Engine/Content/EngineMaterials/Substrate/GLints/dict_16_192_64_0p5_0p02_0030_0015.uasset" 6645
"../../../Engine/Content/EngineMaterials/Substrate/GLints/dict_16_192_64_0p5_0p02_0031_0002.uasset" 6646
"../../../Engine/Content/EngineMaterials/Substrate/GLints/dict_16_192_64_0p5_0p02_0031_0006.uasset" 6647
"../../../Engine/Content/EngineMaterials/Substrate/GLints/dict_16_192_64_0p5_0p02_0031_0008.uasset" 6648
"../../../Engine/Content/EngineMaterials/Substrate/GLints/dict_16_192_64_0p5_0p02_0031_0009.uasset" 6649
"../../../Engine/Content/EngineMaterials/Substrate/GLints/dict_16_192_64_0p5_0p02_0031_0007.uasset" 6650
"../../../Engine/Content/EngineMaterials/Substrate/GLints/dict_16_192_64_0p5_0p02_0031_0003.uasset" 6651
"../../../Engine/Content/EngineMaterials/Substrate/GLints/dict_16_192_64_0p5_0p02_0031_0011.uasset" 6652
"../../../Engine/Content/EngineMaterials/Substrate/GLints/dict_16_192_64_0p5_0p02_0031_0005.uasset" 6653
"../../../Engine/Content/EngineMaterials/Substrate/GLints/dict_16_192_64_0p5_0p02_0031_0010.uasset" 6654
"/Engine/EngineMaterials/Substrate/GLints/dict_16_192_64_0p5_0p02_0030_0013" 6655
"../../../Engine/Content/EngineMaterials/Substrate/GLints/dict_16_192_64_0p5_0p02_0031_0000.uasset" 6656
"../../../Engine/Content/EngineMaterials/Substrate/GLints/dict_16_192_64_0p5_0p02_0031_0001.uasset" 6657
"../../../Engine/Content/EngineMaterials/Substrate/GLints/dict_16_192_64_0p5_0p02_0031_0004.uasset" 6658
"../../../Engine/Content/EngineMaterials/Substrate/GLints/dict_16_192_64_0p5_0p02_0031_0013.uasset" 6659
"../../../Engine/Content/EngineMaterials/Substrate/GLints/dict_16_192_64_0p5_0p02_0031_0012.uasset" 6660
"../../../Engine/Content/EngineMaterials/Substrate/GLints/dict_16_192_64_0p5_0p02_0031_0014.uasset" 6661
"../../../Engine/Content/EngineMaterials/Substrate/GLints/dict_16_192_64_0p5_0p02_0031_0015.uasset" 6662
"/Engine/EngineMaterials/Substrate/GLints/dict_16_192_64_0p5_0p02_0030_0012" 6663
"/Engine/EngineMaterials/Substrate/GLints/dict_16_192_64_0p5_0p02_0030_0011" 6664
"/Engine/EngineMaterials/Substrate/GLints/dict_16_192_64_0p5_0p02_0030_0010" 6665
"/Engine/EngineMaterials/Substrate/GLints/dict_16_192_64_0p5_0p02_0030_0009" 6666
"/Engine/EngineMaterials/Substrate/GLints/dict_16_192_64_0p5_0p02_0030_0008" 6667
"/Engine/EngineMaterials/Substrate/GLints/dict_16_192_64_0p5_0p02_0030_0007" 6668
"/Engine/EngineMaterials/Substrate/GLints/dict_16_192_64_0p5_0p02_0030_0006" 6669
"/Engine/EngineMaterials/Substrate/GLints/dict_16_192_64_0p5_0p02_0030_0005" 6670
"/Engine/EngineMaterials/Substrate/GLints/dict_16_192_64_0p5_0p02_0030_0004" 6671
"/Engine/EngineMaterials/Substrate/GLints/dict_16_192_64_0p5_0p02_0030_0003" 6672
"/Engine/EngineMaterials/Substrate/GLints/dict_16_192_64_0p5_0p02_0030_0002" 6673
"/Engine/EngineMaterials/Substrate/GLints/dict_16_192_64_0p5_0p02_0030_0001" 6674
"/Engine/EngineMaterials/Substrate/GLints/dict_16_192_64_0p5_0p02_0030_0000" 6675
"../../../Engine/Content/EngineMaterials/Substrate/GLints/dict_16_192_64_0p5_0p02_0032_0001.uasset" 6676
"../../../Engine/Content/EngineMaterials/Substrate/GLints/dict_16_192_64_0p5_0p02_0032_0004.uasset" 6677
"../../../Engine/Content/EngineMaterials/Substrate/GLints/dict_16_192_64_0p5_0p02_0032_0007.uasset" 6678
"../../../Engine/Content/EngineMaterials/Substrate/GLints/dict_16_192_64_0p5_0p02_0032_0011.uasset" 6679
"../../../Engine/Content/EngineMaterials/Substrate/GLints/dict_16_192_64_0p5_0p02_0032_0002.uasset" 6680
"../../../Engine/Content/EngineMaterials/Substrate/GLints/dict_16_192_64_0p5_0p02_0032_0012.uasset" 6681
"../../../Engine/Content/EngineMaterials/Substrate/GLints/dict_16_192_64_0p5_0p02_0032_0013.uasset" 6682
"../../../Engine/Content/EngineMaterials/Substrate/GLints/dict_16_192_64_0p5_0p02_0032_0005.uasset" 6683
"../../../Engine/Content/EngineMaterials/Substrate/GLints/dict_16_192_64_0p5_0p02_0032_0000.uasset" 6684
"../../../Engine/Content/EngineMaterials/Substrate/GLints/dict_16_192_64_0p5_0p02_0032_0006.uasset" 6685
"../../../Engine/Content/EngineMaterials/Substrate/GLints/dict_16_192_64_0p5_0p02_0032_0010.uasset" 6686
"../../../Engine/Content/EngineMaterials/Substrate/GLints/dict_16_192_64_0p5_0p02_0032_0009.uasset" 6687
"../../../Engine/Content/EngineMaterials/Substrate/GLints/dict_16_192_64_0p5_0p02_0032_0003.uasset" 6688
"/Engine/EngineMaterials/Substrate/GLints/dict_16_192_64_0p5_0p02_0031_0015" 6689
"../../../Engine/Content/EngineMaterials/Substrate/GLints/dict_16_192_64_0p5_0p02_0032_0008.uasset" 6690
"/Engine/EngineMaterials/Substrate/GLints/dict_16_192_64_0p5_0p02_0031_0014" 6691
"/Engine/EngineMaterials/Substrate/GLints/dict_16_192_64_0p5_0p02_0031_0013" 6692
"/Engine/EngineMaterials/Substrate/GLints/dict_16_192_64_0p5_0p02_0031_0012" 6693
"/Engine/EngineMaterials/Substrate/GLints/dict_16_192_64_0p5_0p02_0031_0011" 6694
"/Engine/EngineMaterials/Substrate/GLints/dict_16_192_64_0p5_0p02_0031_0010" 6695
"/Engine/EngineMaterials/Substrate/GLints/dict_16_192_64_0p5_0p02_0031_0009" 6696
"/Engine/EngineMaterials/Substrate/GLints/dict_16_192_64_0p5_0p02_0031_0008" 6697
"/Engine/EngineMaterials/Substrate/GLints/dict_16_192_64_0p5_0p02_0031_0007" 6698
"/Engine/EngineMaterials/Substrate/GLints/dict_16_192_64_0p5_0p02_0031_0006" 6699
"/Engine/EngineMaterials/Substrate/GLints/dict_16_192_64_0p5_0p02_0031_0005" 6700
"/Engine/EngineMaterials/Substrate/GLints/dict_16_192_64_0p5_0p02_0031_0004" 6701
"/Engine/EngineMaterials/Substrate/GLints/dict_16_192_64_0p5_0p02_0031_0003" 6702
"/Engine/EngineMaterials/Substrate/GLints/dict_16_192_64_0p5_0p02_0031_0002" 6703
"/Engine/EngineMaterials/Substrate/GLints/dict_16_192_64_0p5_0p02_0031_0001" 6704
"/Engine/EngineMaterials/Substrate/GLints/dict_16_192_64_0p5_0p02_0031_0000" 6705
"/Engine/EngineMaterials/Substrate/GLints/dict_16_192_64_0p5_0p02_0030_0015" 6706
"/Engine/EngineMaterials/Substrate/GLints/dict_16_192_64_0p5_0p02_0030_0014" 6707
"../../../Engine/Content/EngineMaterials/Substrate/GLints/dict_16_192_64_0p5_0p02_0032_0015.uasset" 6708
"../../../Engine/Content/EngineMaterials/Substrate/GLints/dict_16_192_64_0p5_0p02_0032_0014.uasset" 6709
"../../../Engine/Content/EngineMaterials/Substrate/GLints/dict_16_192_64_0p5_0p02_0033_0001.uasset" 6710
"../../../Engine/Content/EngineMaterials/Substrate/GLints/dict_16_192_64_0p5_0p02_0033_0008.uasset" 6711
"../../../Engine/Content/EngineMaterials/Substrate/GLints/dict_16_192_64_0p5_0p02_0033_0006.uasset" 6712
"../../../Engine/Content/EngineMaterials/Substrate/GLints/dict_16_192_64_0p5_0p02_0033_0009.uasset" 6713
"../../../Engine/Content/EngineMaterials/Substrate/GLints/dict_16_192_64_0p5_0p02_0033_0002.uasset" 6714
"../../../Engine/Content/EngineMaterials/Substrate/GLints/dict_16_192_64_0p5_0p02_0033_0010.uasset" 6715
"/Engine/EngineMaterials/Substrate/GLints/dict_16_192_64_0p5_0p02_0032_0013" 6716
"../../../Engine/Content/EngineMaterials/Substrate/GLints/dict_16_192_64_0p5_0p02_0033_0003.uasset" 6717
"../../../Engine/Content/EngineMaterials/Substrate/GLints/dict_16_192_64_0p5_0p02_0033_0005.uasset" 6718
"../../../Engine/Content/EngineMaterials/Substrate/GLints/dict_16_192_64_0p5_0p02_0033_0007.uasset" 6719
"../../../Engine/Content/EngineMaterials/Substrate/GLints/dict_16_192_64_0p5_0p02_0033_0000.uasset" 6720
"../../../Engine/Content/EngineMaterials/Substrate/GLints/dict_16_192_64_0p5_0p02_0033_0011.uasset" 6721
"../../../Engine/Content/EngineMaterials/Substrate/GLints/dict_16_192_64_0p5_0p02_0033_0004.uasset" 6722
"../../../Engine/Content/EngineMaterials/Substrate/GLints/dict_16_192_64_0p5_0p02_0033_0013.uasset" 6723
"../../../Engine/Content/EngineMaterials/Substrate/GLints/dict_16_192_64_0p5_0p02_0033_0012.uasset" 6724
"../../../Engine/Content/EngineMaterials/Substrate/GLints/dict_16_192_64_0p5_0p02_0033_0014.uasset" 6725
"../../../Engine/Content/EngineMaterials/Substrate/GLints/dict_16_192_64_0p5_0p02_0033_0015.uasset" 6726
"/Engine/EngineMaterials/Substrate/GLints/dict_16_192_64_0p5_0p02_0032_0012" 6727
"/Engine/EngineMaterials/Substrate/GLints/dict_16_192_64_0p5_0p02_0032_0011" 6728
"/Engine/EngineMaterials/Substrate/GLints/dict_16_192_64_0p5_0p02_0032_0010" 6729
"/Engine/EngineMaterials/Substrate/GLints/dict_16_192_64_0p5_0p02_0032_0009" 6730
"/Engine/EngineMaterials/Substrate/GLints/dict_16_192_64_0p5_0p02_0032_0008" 6731
"/Engine/EngineMaterials/Substrate/GLints/dict_16_192_64_0p5_0p02_0032_0007" 6732
"/Engine/EngineMaterials/Substrate/GLints/dict_16_192_64_0p5_0p02_0032_0006" 6733
"/Engine/EngineMaterials/Substrate/GLints/dict_16_192_64_0p5_0p02_0032_0005" 6734
"/Engine/EngineMaterials/Substrate/GLints/dict_16_192_64_0p5_0p02_0032_0004" 6735
"/Engine/EngineMaterials/Substrate/GLints/dict_16_192_64_0p5_0p02_0032_0003" 6736
"/Engine/EngineMaterials/Substrate/GLints/dict_16_192_64_0p5_0p02_0032_0002" 6737
"/Engine/EngineMaterials/Substrate/GLints/dict_16_192_64_0p5_0p02_0032_0001" 6738
"/Engine/EngineMaterials/Substrate/GLints/dict_16_192_64_0p5_0p02_0032_0000" 6739
"../../../Engine/Content/EngineMaterials/Substrate/GLints/dict_16_192_64_0p5_0p02_0034_0001.uasset" 6740
"../../../Engine/Content/EngineMaterials/Substrate/GLints/dict_16_192_64_0p5_0p02_0034_0004.uasset" 6741
"../../../Engine/Content/EngineMaterials/Substrate/GLints/dict_16_192_64_0p5_0p02_0034_0008.uasset" 6742
"../../../Engine/Content/EngineMaterials/Substrate/GLints/dict_16_192_64_0p5_0p02_0034_0009.uasset" 6743
"../../../Engine/Content/EngineMaterials/Substrate/GLints/dict_16_192_64_0p5_0p02_0034_0010.uasset" 6744
"../../../Engine/Content/EngineMaterials/Substrate/GLints/dict_16_192_64_0p5_0p02_0034_0003.uasset" 6745
"/Engine/EngineMaterials/Substrate/GLints/dict_16_192_64_0p5_0p02_0033_0015" 6746
"../../../Engine/Content/EngineMaterials/Substrate/GLints/dict_16_192_64_0p5_0p02_0034_0007.uasset" 6747
"../../../Engine/Content/EngineMaterials/Substrate/GLints/dict_16_192_64_0p5_0p02_0034_0012.uasset" 6748
"../../../Engine/Content/EngineMaterials/Substrate/GLints/dict_16_192_64_0p5_0p02_0034_0002.uasset" 6749
"../../../Engine/Content/EngineMaterials/Substrate/GLints/dict_16_192_64_0p5_0p02_0034_0005.uasset" 6750
"../../../Engine/Content/EngineMaterials/Substrate/GLints/dict_16_192_64_0p5_0p02_0034_0000.uasset" 6751
"../../../Engine/Content/EngineMaterials/Substrate/GLints/dict_16_192_64_0p5_0p02_0034_0011.uasset" 6752
"../../../Engine/Content/EngineMaterials/Substrate/GLints/dict_16_192_64_0p5_0p02_0034_0006.uasset" 6753
"../../../Engine/Content/EngineMaterials/Substrate/GLints/dict_16_192_64_0p5_0p02_0034_0013.uasset" 6754
"/Engine/EngineMaterials/Substrate/GLints/dict_16_192_64_0p5_0p02_0033_0014" 6755
"/Engine/EngineMaterials/Substrate/GLints/dict_16_192_64_0p5_0p02_0033_0013" 6756
"/Engine/EngineMaterials/Substrate/GLints/dict_16_192_64_0p5_0p02_0033_0012" 6757
"/Engine/EngineMaterials/Substrate/GLints/dict_16_192_64_0p5_0p02_0033_0011" 6758
"/Engine/EngineMaterials/Substrate/GLints/dict_16_192_64_0p5_0p02_0033_0010" 6759
"/Engine/EngineMaterials/Substrate/GLints/dict_16_192_64_0p5_0p02_0033_0009" 6760
"/Engine/EngineMaterials/Substrate/GLints/dict_16_192_64_0p5_0p02_0033_0008" 6761
"/Engine/EngineMaterials/Substrate/GLints/dict_16_192_64_0p5_0p02_0033_0007" 6762
"/Engine/EngineMaterials/Substrate/GLints/dict_16_192_64_0p5_0p02_0033_0006" 6763
"/Engine/EngineMaterials/Substrate/GLints/dict_16_192_64_0p5_0p02_0033_0005" 6764
"/Engine/EngineMaterials/Substrate/GLints/dict_16_192_64_0p5_0p02_0033_0004" 6765
"/Engine/EngineMaterials/Substrate/GLints/dict_16_192_64_0p5_0p02_0033_0003" 6766
"/Engine/EngineMaterials/Substrate/GLints/dict_16_192_64_0p5_0p02_0033_0002" 6767
"/Engine/EngineMaterials/Substrate/GLints/dict_16_192_64_0p5_0p02_0033_0001" 6768
"/Engine/EngineMaterials/Substrate/GLints/dict_16_192_64_0p5_0p02_0033_0000" 6769
"/Engine/EngineMaterials/Substrate/GLints/dict_16_192_64_0p5_0p02_0032_0015" 6770
"/Engine/EngineMaterials/Substrate/GLints/dict_16_192_64_0p5_0p02_0032_0014" 6771
"../../../Engine/Content/EngineMaterials/Substrate/GLints/dict_16_192_64_0p5_0p02_0035_0000.uasset" 6772
"../../../Engine/Content/EngineMaterials/Substrate/GLints/dict_16_192_64_0p5_0p02_0034_0015.uasset" 6773
"../../../Engine/Content/EngineMaterials/Substrate/GLints/dict_16_192_64_0p5_0p02_0035_0004.uasset" 6774
"../../../Engine/Content/EngineMaterials/Substrate/GLints/dict_16_192_64_0p5_0p02_0035_0006.uasset" 6775
"../../../Engine/Content/EngineMaterials/Substrate/GLints/dict_16_192_64_0p5_0p02_0035_0002.uasset" 6776
"../../../Engine/Content/EngineMaterials/Substrate/GLints/dict_16_192_64_0p5_0p02_0035_0007.uasset" 6777
"../../../Engine/Content/EngineMaterials/Substrate/GLints/dict_16_192_64_0p5_0p02_0034_0014.uasset" 6778
"../../../Engine/Content/EngineMaterials/Substrate/GLints/dict_16_192_64_0p5_0p02_0035_0008.uasset" 6779
"../../../Engine/Content/EngineMaterials/Substrate/GLints/dict_16_192_64_0p5_0p02_0035_0009.uasset" 6780
"../../../Engine/Content/EngineMaterials/Substrate/GLints/dict_16_192_64_0p5_0p02_0035_0003.uasset" 6781
"../../../Engine/Content/EngineMaterials/Substrate/GLints/dict_16_192_64_0p5_0p02_0035_0011.uasset" 6782
"../../../Engine/Content/EngineMaterials/Substrate/GLints/dict_16_192_64_0p5_0p02_0035_0001.uasset" 6783
"../../../Engine/Content/EngineMaterials/Substrate/GLints/dict_16_192_64_0p5_0p02_0035_0005.uasset" 6784
"/Engine/EngineMaterials/Substrate/GLints/dict_16_192_64_0p5_0p02_0034_0013" 6785
"../../../Engine/Content/EngineMaterials/Substrate/GLints/dict_16_192_64_0p5_0p02_0035_0010.uasset" 6786
"../../../Engine/Content/EngineMaterials/Substrate/GLints/dict_16_192_64_0p5_0p02_0035_0013.uasset" 6787
"../../../Engine/Content/EngineMaterials/Substrate/GLints/dict_16_192_64_0p5_0p02_0035_0012.uasset" 6788
"../../../Engine/Content/EngineMaterials/Substrate/GLints/dict_16_192_64_0p5_0p02_0035_0015.uasset" 6789
"../../../Engine/Content/EngineMaterials/Substrate/GLints/dict_16_192_64_0p5_0p02_0035_0014.uasset" 6790
"/Engine/EngineMaterials/Substrate/GLints/dict_16_192_64_0p5_0p02_0034_0012" 6791
"/Engine/EngineMaterials/Substrate/GLints/dict_16_192_64_0p5_0p02_0034_0011" 6792
"/Engine/EngineMaterials/Substrate/GLints/dict_16_192_64_0p5_0p02_0034_0010" 6793
"/Engine/EngineMaterials/Substrate/GLints/dict_16_192_64_0p5_0p02_0034_0009" 6794
"/Engine/EngineMaterials/Substrate/GLints/dict_16_192_64_0p5_0p02_0034_0008" 6795
"/Engine/EngineMaterials/Substrate/GLints/dict_16_192_64_0p5_0p02_0034_0007" 6796
"/Engine/EngineMaterials/Substrate/GLints/dict_16_192_64_0p5_0p02_0034_0006" 6797
"/Engine/EngineMaterials/Substrate/GLints/dict_16_192_64_0p5_0p02_0034_0005" 6798
"/Engine/EngineMaterials/Substrate/GLints/dict_16_192_64_0p5_0p02_0034_0004" 6799
"/Engine/EngineMaterials/Substrate/GLints/dict_16_192_64_0p5_0p02_0034_0003" 6800
"/Engine/EngineMaterials/Substrate/GLints/dict_16_192_64_0p5_0p02_0034_0002" 6801
"/Engine/EngineMaterials/Substrate/GLints/dict_16_192_64_0p5_0p02_0034_0001" 6802
"/Engine/EngineMaterials/Substrate/GLints/dict_16_192_64_0p5_0p02_0034_0000" 6803
"../../../Engine/Content/EngineMaterials/Substrate/GLints/dict_16_192_64_0p5_0p02_0036_0006.uasset" 6804
"../../../Engine/Content/EngineMaterials/Substrate/GLints/dict_16_192_64_0p5_0p02_0036_0005.uasset" 6805
"/Engine/EngineMaterials/Substrate/GLints/dict_16_192_64_0p5_0p02_0035_0015" 6806
"../../../Engine/Content/EngineMaterials/Substrate/GLints/dict_16_192_64_0p5_0p02_0036_0004.uasset" 6807
"../../../Engine/Content/EngineMaterials/Substrate/GLints/dict_16_192_64_0p5_0p02_0036_0002.uasset" 6808
"../../../Engine/Content/EngineMaterials/Substrate/GLints/dict_16_192_64_0p5_0p02_0036_0003.uasset" 6809
"../../../Engine/Content/EngineMaterials/Substrate/GLints/dict_16_192_64_0p5_0p02_0036_0013.uasset" 6810
"../../../Engine/Content/EngineMaterials/Substrate/GLints/dict_16_192_64_0p5_0p02_0036_0007.uasset" 6811
"../../../Engine/Content/EngineMaterials/Substrate/GLints/dict_16_192_64_0p5_0p02_0036_0008.uasset" 6812
"../../../Engine/Content/EngineMaterials/Substrate/GLints/dict_16_192_64_0p5_0p02_0036_0009.uasset" 6813
"../../../Engine/Content/EngineMaterials/Substrate/GLints/dict_16_192_64_0p5_0p02_0036_0012.uasset" 6814
"../../../Engine/Content/EngineMaterials/Substrate/GLints/dict_16_192_64_0p5_0p02_0036_0000.uasset" 6815
"../../../Engine/Content/EngineMaterials/Substrate/GLints/dict_16_192_64_0p5_0p02_0036_0001.uasset" 6816
"../../../Engine/Content/EngineMaterials/Substrate/GLints/dict_16_192_64_0p5_0p02_0036_0011.uasset" 6817
"../../../Engine/Content/EngineMaterials/Substrate/GLints/dict_16_192_64_0p5_0p02_0036_0010.uasset" 6818
"/Engine/EngineMaterials/Substrate/GLints/dict_16_192_64_0p5_0p02_0035_0014" 6819
"/Engine/EngineMaterials/Substrate/GLints/dict_16_192_64_0p5_0p02_0035_0013" 6820
"/Engine/EngineMaterials/Substrate/GLints/dict_16_192_64_0p5_0p02_0035_0012" 6821
"/Engine/EngineMaterials/Substrate/GLints/dict_16_192_64_0p5_0p02_0035_0011" 6822
"/Engine/EngineMaterials/Substrate/GLints/dict_16_192_64_0p5_0p02_0035_0010" 6823
"/Engine/EngineMaterials/Substrate/GLints/dict_16_192_64_0p5_0p02_0035_0009" 6824
"/Engine/EngineMaterials/Substrate/GLints/dict_16_192_64_0p5_0p02_0035_0008" 6825
"/Engine/EngineMaterials/Substrate/GLints/dict_16_192_64_0p5_0p02_0035_0007" 6826
"/Engine/EngineMaterials/Substrate/GLints/dict_16_192_64_0p5_0p02_0035_0006" 6827
"/Engine/EngineMaterials/Substrate/GLints/dict_16_192_64_0p5_0p02_0035_0005" 6828
"/Engine/EngineMaterials/Substrate/GLints/dict_16_192_64_0p5_0p02_0035_0004" 6829
"/Engine/EngineMaterials/Substrate/GLints/dict_16_192_64_0p5_0p02_0035_0003" 6830
"/Engine/EngineMaterials/Substrate/GLints/dict_16_192_64_0p5_0p02_0035_0002" 6831
"/Engine/EngineMaterials/Substrate/GLints/dict_16_192_64_0p5_0p02_0035_0001" 6832
"/Engine/EngineMaterials/Substrate/GLints/dict_16_192_64_0p5_0p02_0035_0000" 6833
"/Engine/EngineMaterials/Substrate/GLints/dict_16_192_64_0p5_0p02_0034_0015" 6834
"/Engine/EngineMaterials/Substrate/GLints/dict_16_192_64_0p5_0p02_0034_0014" 6835
"../../../Engine/Content/EngineMaterials/Substrate/GLints/dict_16_192_64_0p5_0p02_0037_0002.uasset" 6836
"../../../Engine/Content/EngineMaterials/Substrate/GLints/dict_16_192_64_0p5_0p02_0037_0005.uasset" 6837
"../../../Engine/Content/EngineMaterials/Substrate/GLints/dict_16_192_64_0p5_0p02_0037_0007.uasset" 6838
"../../../Engine/Content/EngineMaterials/Substrate/GLints/dict_16_192_64_0p5_0p02_0037_0010.uasset" 6839
"../../../Engine/Content/EngineMaterials/Substrate/GLints/dict_16_192_64_0p5_0p02_0037_0001.uasset" 6840
"../../../Engine/Content/EngineMaterials/Substrate/GLints/dict_16_192_64_0p5_0p02_0036_0015.uasset" 6841
"../../../Engine/Content/EngineMaterials/Substrate/GLints/dict_16_192_64_0p5_0p02_0037_0008.uasset" 6842
"../../../Engine/Content/EngineMaterials/Substrate/GLints/dict_16_192_64_0p5_0p02_0037_0003.uasset" 6843
"../../../Engine/Content/EngineMaterials/Substrate/GLints/dict_16_192_64_0p5_0p02_0036_0014.uasset" 6844
"../../../Engine/Content/EngineMaterials/Substrate/GLints/dict_16_192_64_0p5_0p02_0037_0011.uasset" 6845
"../../../Engine/Content/EngineMaterials/Substrate/GLints/dict_16_192_64_0p5_0p02_0037_0000.uasset" 6846
"../../../Engine/Content/EngineMaterials/Substrate/GLints/dict_16_192_64_0p5_0p02_0037_0004.uasset" 6847
"/Engine/EngineMaterials/Substrate/GLints/dict_16_192_64_0p5_0p02_0036_0013" 6848
"../../../Engine/Content/EngineMaterials/Substrate/GLints/dict_16_192_64_0p5_0p02_0037_0009.uasset" 6849
"../../../Engine/Content/EngineMaterials/Substrate/GLints/dict_16_192_64_0p5_0p02_0037_0006.uasset" 6850
"../../../Engine/Content/EngineMaterials/Substrate/GLints/dict_16_192_64_0p5_0p02_0037_0014.uasset" 6851
"../../../Engine/Content/EngineMaterials/Substrate/GLints/dict_16_192_64_0p5_0p02_0037_0012.uasset" 6852
"../../../Engine/Content/EngineMaterials/Substrate/GLints/dict_16_192_64_0p5_0p02_0037_0015.uasset" 6853
"../../../Engine/Content/EngineMaterials/Substrate/GLints/dict_16_192_64_0p5_0p02_0037_0013.uasset" 6854
"/Engine/EngineMaterials/Substrate/GLints/dict_16_192_64_0p5_0p02_0036_0012" 6855
"/Engine/EngineMaterials/Substrate/GLints/dict_16_192_64_0p5_0p02_0036_0011" 6856
"/Engine/EngineMaterials/Substrate/GLints/dict_16_192_64_0p5_0p02_0036_0010" 6857
"/Engine/EngineMaterials/Substrate/GLints/dict_16_192_64_0p5_0p02_0036_0009" 6858
"/Engine/EngineMaterials/Substrate/GLints/dict_16_192_64_0p5_0p02_0036_0008" 6859
"/Engine/EngineMaterials/Substrate/GLints/dict_16_192_64_0p5_0p02_0036_0007" 6860
"/Engine/EngineMaterials/Substrate/GLints/dict_16_192_64_0p5_0p02_0036_0006" 6861
"/Engine/EngineMaterials/Substrate/GLints/dict_16_192_64_0p5_0p02_0036_0005" 6862
"/Engine/EngineMaterials/Substrate/GLints/dict_16_192_64_0p5_0p02_0036_0004" 6863
"/Engine/EngineMaterials/Substrate/GLints/dict_16_192_64_0p5_0p02_0036_0003" 6864
"/Engine/EngineMaterials/Substrate/GLints/dict_16_192_64_0p5_0p02_0036_0002" 6865
"/Engine/EngineMaterials/Substrate/GLints/dict_16_192_64_0p5_0p02_0036_0001" 6866
"/Engine/EngineMaterials/Substrate/GLints/dict_16_192_64_0p5_0p02_0036_0000" 6867
"../../../Engine/Content/EngineMaterials/Substrate/GLints/dict_16_192_64_0p5_0p02_0038_0001.uasset" 6868
"../../../Engine/Content/EngineMaterials/Substrate/GLints/dict_16_192_64_0p5_0p02_0038_0004.uasset" 6869
"../../../Engine/Content/EngineMaterials/Substrate/GLints/dict_16_192_64_0p5_0p02_0038_0011.uasset" 6870
"../../../Engine/Content/EngineMaterials/Substrate/GLints/dict_16_192_64_0p5_0p02_0038_0005.uasset" 6871
"../../../Engine/Content/EngineMaterials/Substrate/GLints/dict_16_192_64_0p5_0p02_0038_0009.uasset" 6872
"../../../Engine/Content/EngineMaterials/Substrate/GLints/dict_16_192_64_0p5_0p02_0038_0006.uasset" 6873
"../../../Engine/Content/EngineMaterials/Substrate/GLints/dict_16_192_64_0p5_0p02_0038_0003.uasset" 6874
"../../../Engine/Content/EngineMaterials/Substrate/GLints/dict_16_192_64_0p5_0p02_0038_0008.uasset" 6875
"../../../Engine/Content/EngineMaterials/Substrate/GLints/dict_16_192_64_0p5_0p02_0038_0010.uasset" 6876
"../../../Engine/Content/EngineMaterials/Substrate/GLints/dict_16_192_64_0p5_0p02_0038_0012.uasset" 6877
"../../../Engine/Content/EngineMaterials/Substrate/GLints/dict_16_192_64_0p5_0p02_0038_0000.uasset" 6878
"../../../Engine/Content/EngineMaterials/Substrate/GLints/dict_16_192_64_0p5_0p02_0038_0013.uasset" 6879
"/Engine/EngineMaterials/Substrate/GLints/dict_16_192_64_0p5_0p02_0037_0015" 6880
"../../../Engine/Content/EngineMaterials/Substrate/GLints/dict_16_192_64_0p5_0p02_0038_0002.uasset" 6881
"../../../Engine/Content/EngineMaterials/Substrate/GLints/dict_16_192_64_0p5_0p02_0038_0007.uasset" 6882
"/Engine/EngineMaterials/Substrate/GLints/dict_16_192_64_0p5_0p02_0037_0014" 6883
"/Engine/EngineMaterials/Substrate/GLints/dict_16_192_64_0p5_0p02_0037_0013" 6884
"/Engine/EngineMaterials/Substrate/GLints/dict_16_192_64_0p5_0p02_0037_0012" 6885
"/Engine/EngineMaterials/Substrate/GLints/dict_16_192_64_0p5_0p02_0037_0011" 6886
"/Engine/EngineMaterials/Substrate/GLints/dict_16_192_64_0p5_0p02_0037_0010" 6887
"/Engine/EngineMaterials/Substrate/GLints/dict_16_192_64_0p5_0p02_0037_0009" 6888
"/Engine/EngineMaterials/Substrate/GLints/dict_16_192_64_0p5_0p02_0037_0008" 6889
"/Engine/EngineMaterials/Substrate/GLints/dict_16_192_64_0p5_0p02_0037_0007" 6890
"/Engine/EngineMaterials/Substrate/GLints/dict_16_192_64_0p5_0p02_0037_0006" 6891
"/Engine/EngineMaterials/Substrate/GLints/dict_16_192_64_0p5_0p02_0037_0005" 6892
"/Engine/EngineMaterials/Substrate/GLints/dict_16_192_64_0p5_0p02_0037_0004" 6893
"/Engine/EngineMaterials/Substrate/GLints/dict_16_192_64_0p5_0p02_0037_0003" 6894
"/Engine/EngineMaterials/Substrate/GLints/dict_16_192_64_0p5_0p02_0037_0002" 6895
"/Engine/EngineMaterials/Substrate/GLints/dict_16_192_64_0p5_0p02_0037_0001" 6896
"/Engine/EngineMaterials/Substrate/GLints/dict_16_192_64_0p5_0p02_0037_0000" 6897
"/Engine/EngineMaterials/Substrate/GLints/dict_16_192_64_0p5_0p02_0036_0015" 6898
"/Engine/EngineMaterials/Substrate/GLints/dict_16_192_64_0p5_0p02_0036_0014" 6899
"../../../Engine/Content/EngineMaterials/Substrate/GLints/dict_16_192_64_0p5_0p02_0038_0015.uasset" 6900
"../../../Engine/Content/EngineMaterials/Substrate/GLints/dict_16_192_64_0p5_0p02_0039_0003.uasset" 6901
"../../../Engine/Content/EngineMaterials/Substrate/GLints/dict_16_192_64_0p5_0p02_0039_0006.uasset" 6902
"../../../Engine/Content/EngineMaterials/Substrate/GLints/dict_16_192_64_0p5_0p02_0039_0008.uasset" 6903
"../../../Engine/Content/EngineMaterials/Substrate/GLints/dict_16_192_64_0p5_0p02_0039_0000.uasset" 6904
"../../../Engine/Content/EngineMaterials/Substrate/GLints/dict_16_192_64_0p5_0p02_0039_0007.uasset" 6905
"../../../Engine/Content/EngineMaterials/Substrate/GLints/dict_16_192_64_0p5_0p02_0039_0005.uasset" 6906
"../../../Engine/Content/EngineMaterials/Substrate/GLints/dict_16_192_64_0p5_0p02_0039_0010.uasset" 6907
"../../../Engine/Content/EngineMaterials/Substrate/GLints/dict_16_192_64_0p5_0p02_0038_0014.uasset" 6908
"../../../Engine/Content/EngineMaterials/Substrate/GLints/dict_16_192_64_0p5_0p02_0039_0002.uasset" 6909
"../../../Engine/Content/EngineMaterials/Substrate/GLints/dict_16_192_64_0p5_0p02_0039_0011.uasset" 6910
"../../../Engine/Content/EngineMaterials/Substrate/GLints/dict_16_192_64_0p5_0p02_0039_0004.uasset" 6911
"../../../Engine/Content/EngineMaterials/Substrate/GLints/dict_16_192_64_0p5_0p02_0039_0009.uasset" 6912
"../../../Engine/Content/EngineMaterials/Substrate/GLints/dict_16_192_64_0p5_0p02_0039_0001.uasset" 6913
"/Engine/EngineMaterials/Substrate/GLints/dict_16_192_64_0p5_0p02_0038_0013" 6914
"../../../Engine/Content/EngineMaterials/Substrate/GLints/dict_16_192_64_0p5_0p02_0039_0013.uasset" 6915
"../../../Engine/Content/EngineMaterials/Substrate/GLints/dict_16_192_64_0p5_0p02_0039_0012.uasset" 6916
"../../../Engine/Content/EngineMaterials/Substrate/GLints/dict_16_192_64_0p5_0p02_0039_0015.uasset" 6917
"../../../Engine/Content/EngineMaterials/Substrate/GLints/dict_16_192_64_0p5_0p02_0039_0014.uasset" 6918
"/Engine/EngineMaterials/Substrate/GLints/dict_16_192_64_0p5_0p02_0038_0012" 6919
"/Engine/EngineMaterials/Substrate/GLints/dict_16_192_64_0p5_0p02_0038_0011" 6920
"/Engine/EngineMaterials/Substrate/GLints/dict_16_192_64_0p5_0p02_0038_0010" 6921
"/Engine/EngineMaterials/Substrate/GLints/dict_16_192_64_0p5_0p02_0038_0009" 6922
"/Engine/EngineMaterials/Substrate/GLints/dict_16_192_64_0p5_0p02_0038_0008" 6923
"/Engine/EngineMaterials/Substrate/GLints/dict_16_192_64_0p5_0p02_0038_0007" 6924
"/Engine/EngineMaterials/Substrate/GLints/dict_16_192_64_0p5_0p02_0038_0006" 6925
"/Engine/EngineMaterials/Substrate/GLints/dict_16_192_64_0p5_0p02_0038_0005" 6926
"/Engine/EngineMaterials/Substrate/GLints/dict_16_192_64_0p5_0p02_0038_0004" 6927
"/Engine/EngineMaterials/Substrate/GLints/dict_16_192_64_0p5_0p02_0038_0003" 6928
"/Engine/EngineMaterials/Substrate/GLints/dict_16_192_64_0p5_0p02_0038_0002" 6929
"/Engine/EngineMaterials/Substrate/GLints/dict_16_192_64_0p5_0p02_0038_0001" 6930
"/Engine/EngineMaterials/Substrate/GLints/dict_16_192_64_0p5_0p02_0038_0000" 6931
"../../../Engine/Content/EngineMaterials/Substrate/GLints/dict_16_192_64_0p5_0p02_0040_0004.uasset" 6932
"../../../Engine/Content/EngineMaterials/Substrate/GLints/dict_16_192_64_0p5_0p02_0040_0000.uasset" 6933
"../../../Engine/Content/EngineMaterials/Substrate/GLints/dict_16_192_64_0p5_0p02_0040_0008.uasset" 6934
"../../../Engine/Content/EngineMaterials/Substrate/GLints/dict_16_192_64_0p5_0p02_0040_0006.uasset" 6935
"../../../Engine/Content/EngineMaterials/Substrate/GLints/dict_16_192_64_0p5_0p02_0040_0011.uasset" 6936
"../../../Engine/Content/EngineMaterials/Substrate/GLints/dict_16_192_64_0p5_0p02_0040_0010.uasset" 6937
"../../../Engine/Content/EngineMaterials/Substrate/GLints/dict_16_192_64_0p5_0p02_0040_0001.uasset" 6938
"../../../Engine/Content/EngineMaterials/Substrate/GLints/dict_16_192_64_0p5_0p02_0040_0013.uasset" 6939
"../../../Engine/Content/EngineMaterials/Substrate/GLints/dict_16_192_64_0p5_0p02_0040_0003.uasset" 6940
"../../../Engine/Content/EngineMaterials/Substrate/GLints/dict_16_192_64_0p5_0p02_0040_0005.uasset" 6941
"../../../Engine/Content/EngineMaterials/Substrate/GLints/dict_16_192_64_0p5_0p02_0040_0007.uasset" 6942
"/Engine/EngineMaterials/Substrate/GLints/dict_16_192_64_0p5_0p02_0039_0015" 6943
"../../../Engine/Content/EngineMaterials/Substrate/GLints/dict_16_192_64_0p5_0p02_0040_0012.uasset" 6944
"../../../Engine/Content/EngineMaterials/Substrate/GLints/dict_16_192_64_0p5_0p02_0040_0002.uasset" 6945
"../../../Engine/Content/EngineMaterials/Substrate/GLints/dict_16_192_64_0p5_0p02_0040_0009.uasset" 6946
"/Engine/EngineMaterials/Substrate/GLints/dict_16_192_64_0p5_0p02_0039_0014" 6947
"/Engine/EngineMaterials/Substrate/GLints/dict_16_192_64_0p5_0p02_0039_0013" 6948
"/Engine/EngineMaterials/Substrate/GLints/dict_16_192_64_0p5_0p02_0039_0012" 6949
"/Engine/EngineMaterials/Substrate/GLints/dict_16_192_64_0p5_0p02_0039_0011" 6950
"/Engine/EngineMaterials/Substrate/GLints/dict_16_192_64_0p5_0p02_0039_0010" 6951
"/Engine/EngineMaterials/Substrate/GLints/dict_16_192_64_0p5_0p02_0039_0009" 6952
"/Engine/EngineMaterials/Substrate/GLints/dict_16_192_64_0p5_0p02_0039_0008" 6953
"/Engine/EngineMaterials/Substrate/GLints/dict_16_192_64_0p5_0p02_0039_0007" 6954
"/Engine/EngineMaterials/Substrate/GLints/dict_16_192_64_0p5_0p02_0039_0006" 6955
"/Engine/EngineMaterials/Substrate/GLints/dict_16_192_64_0p5_0p02_0039_0005" 6956
"/Engine/EngineMaterials/Substrate/GLints/dict_16_192_64_0p5_0p02_0039_0004" 6957
"/Engine/EngineMaterials/Substrate/GLints/dict_16_192_64_0p5_0p02_0039_0003" 6958
"/Engine/EngineMaterials/Substrate/GLints/dict_16_192_64_0p5_0p02_0039_0002" 6959
"/Engine/EngineMaterials/Substrate/GLints/dict_16_192_64_0p5_0p02_0039_0001" 6960
"/Engine/EngineMaterials/Substrate/GLints/dict_16_192_64_0p5_0p02_0039_0000" 6961
"/Engine/EngineMaterials/Substrate/GLints/dict_16_192_64_0p5_0p02_0038_0015" 6962
"/Engine/EngineMaterials/Substrate/GLints/dict_16_192_64_0p5_0p02_0038_0014" 6963
"../../../Engine/Content/EngineMaterials/Substrate/GLints/dict_16_192_64_0p5_0p02_0041_0003.uasset" 6964
"../../../Engine/Content/EngineMaterials/Substrate/GLints/dict_16_192_64_0p5_0p02_0040_0014.uasset" 6965
"../../../Engine/Content/EngineMaterials/Substrate/GLints/dict_16_192_64_0p5_0p02_0041_0005.uasset" 6966
"../../../Engine/Content/EngineMaterials/Substrate/GLints/dict_16_192_64_0p5_0p02_0041_0006.uasset" 6967
"../../../Engine/Content/EngineMaterials/Substrate/GLints/dict_16_192_64_0p5_0p02_0041_0004.uasset" 6968
"../../../Engine/Content/EngineMaterials/Substrate/GLints/dict_16_192_64_0p5_0p02_0041_0007.uasset" 6969
"../../../Engine/Content/EngineMaterials/Substrate/GLints/dict_16_192_64_0p5_0p02_0041_0002.uasset" 6970
"../../../Engine/Content/EngineMaterials/Substrate/GLints/dict_16_192_64_0p5_0p02_0041_0008.uasset" 6971
"../../../Engine/Content/EngineMaterials/Substrate/GLints/dict_16_192_64_0p5_0p02_0041_0009.uasset" 6972
"/Engine/EngineMaterials/Substrate/GLints/dict_16_192_64_0p5_0p02_0040_0013" 6973
"../../../Engine/Content/EngineMaterials/Substrate/GLints/dict_16_192_64_0p5_0p02_0041_0010.uasset" 6974
"../../../Engine/Content/EngineMaterials/Substrate/GLints/dict_16_192_64_0p5_0p02_0041_0001.uasset" 6975
"../../../Engine/Content/EngineMaterials/Substrate/GLints/dict_16_192_64_0p5_0p02_0040_0015.uasset" 6976
"../../../Engine/Content/EngineMaterials/Substrate/GLints/dict_16_192_64_0p5_0p02_0041_0012.uasset" 6977
"../../../Engine/Content/EngineMaterials/Substrate/GLints/dict_16_192_64_0p5_0p02_0041_0013.uasset" 6978
"../../../Engine/Content/EngineMaterials/Substrate/GLints/dict_16_192_64_0p5_0p02_0041_0014.uasset" 6979
"../../../Engine/Content/EngineMaterials/Substrate/GLints/dict_16_192_64_0p5_0p02_0041_0000.uasset" 6980
"../../../Engine/Content/EngineMaterials/Substrate/GLints/dict_16_192_64_0p5_0p02_0041_0011.uasset" 6981
"../../../Engine/Content/EngineMaterials/Substrate/GLints/dict_16_192_64_0p5_0p02_0041_0015.uasset" 6982
"/Engine/EngineMaterials/Substrate/GLints/dict_16_192_64_0p5_0p02_0040_0012" 6983
"/Engine/EngineMaterials/Substrate/GLints/dict_16_192_64_0p5_0p02_0040_0011" 6984
"/Engine/EngineMaterials/Substrate/GLints/dict_16_192_64_0p5_0p02_0040_0010" 6985
"/Engine/EngineMaterials/Substrate/GLints/dict_16_192_64_0p5_0p02_0040_0009" 6986
"/Engine/EngineMaterials/Substrate/GLints/dict_16_192_64_0p5_0p02_0040_0008" 6987
"/Engine/EngineMaterials/Substrate/GLints/dict_16_192_64_0p5_0p02_0040_0007" 6988
"/Engine/EngineMaterials/Substrate/GLints/dict_16_192_64_0p5_0p02_0040_0006" 6989
"/Engine/EngineMaterials/Substrate/GLints/dict_16_192_64_0p5_0p02_0040_0005" 6990
"/Engine/EngineMaterials/Substrate/GLints/dict_16_192_64_0p5_0p02_0040_0004" 6991
"/Engine/EngineMaterials/Substrate/GLints/dict_16_192_64_0p5_0p02_0040_0003" 6992
"/Engine/EngineMaterials/Substrate/GLints/dict_16_192_64_0p5_0p02_0040_0002" 6993
"/Engine/EngineMaterials/Substrate/GLints/dict_16_192_64_0p5_0p02_0040_0001" 6994
"/Engine/EngineMaterials/Substrate/GLints/dict_16_192_64_0p5_0p02_0040_0000" 6995
"../../../Engine/Content/EngineMaterials/Substrate/GLints/dict_16_192_64_0p5_0p02_0042_0005.uasset" 6996
"../../../Engine/Content/EngineMaterials/Substrate/GLints/dict_16_192_64_0p5_0p02_0042_0001.uasset" 6997
"../../../Engine/Content/EngineMaterials/Substrate/GLints/dict_16_192_64_0p5_0p02_0042_0007.uasset" 6998
"../../../Engine/Content/EngineMaterials/Substrate/GLints/dict_16_192_64_0p5_0p02_0042_0003.uasset" 6999
"../../../Engine/Content/EngineMaterials/Substrate/GLints/dict_16_192_64_0p5_0p02_0042_0010.uasset" 7000
"../../../Engine/Content/EngineMaterials/Substrate/GLints/dict_16_192_64_0p5_0p02_0042_0011.uasset" 7001
"/Engine/EngineMaterials/Substrate/GLints/dict_16_192_64_0p5_0p02_0041_0015" 7002
"../../../Engine/Content/EngineMaterials/Substrate/GLints/dict_16_192_64_0p5_0p02_0042_0008.uasset" 7003
"../../../Engine/Content/EngineMaterials/Substrate/GLints/dict_16_192_64_0p5_0p02_0042_0004.uasset" 7004
"../../../Engine/Content/EngineMaterials/Substrate/GLints/dict_16_192_64_0p5_0p02_0042_0002.uasset" 7005
"../../../Engine/Content/EngineMaterials/Substrate/GLints/dict_16_192_64_0p5_0p02_0042_0013.uasset" 7006
"../../../Engine/Content/EngineMaterials/Substrate/GLints/dict_16_192_64_0p5_0p02_0042_0012.uasset" 7007
"../../../Engine/Content/EngineMaterials/Substrate/GLints/dict_16_192_64_0p5_0p02_0042_0009.uasset" 7008
"../../../Engine/Content/EngineMaterials/Substrate/GLints/dict_16_192_64_0p5_0p02_0042_0006.uasset" 7009
"../../../Engine/Content/EngineMaterials/Substrate/GLints/dict_16_192_64_0p5_0p02_0042_0000.uasset" 7010
"/Engine/EngineMaterials/Substrate/GLints/dict_16_192_64_0p5_0p02_0041_0014" 7011
"/Engine/EngineMaterials/Substrate/GLints/dict_16_192_64_0p5_0p02_0041_0013" 7012
"/Engine/EngineMaterials/Substrate/GLints/dict_16_192_64_0p5_0p02_0041_0012" 7013
"/Engine/EngineMaterials/Substrate/GLints/dict_16_192_64_0p5_0p02_0041_0011" 7014
"/Engine/EngineMaterials/Substrate/GLints/dict_16_192_64_0p5_0p02_0041_0010" 7015
"/Engine/EngineMaterials/Substrate/GLints/dict_16_192_64_0p5_0p02_0041_0009" 7016
"/Engine/EngineMaterials/Substrate/GLints/dict_16_192_64_0p5_0p02_0041_0008" 7017
"/Engine/EngineMaterials/Substrate/GLints/dict_16_192_64_0p5_0p02_0041_0007" 7018
"/Engine/EngineMaterials/Substrate/GLints/dict_16_192_64_0p5_0p02_0041_0006" 7019
"/Engine/EngineMaterials/Substrate/GLints/dict_16_192_64_0p5_0p02_0041_0005" 7020
"/Engine/EngineMaterials/Substrate/GLints/dict_16_192_64_0p5_0p02_0041_0004" 7021
"/Engine/EngineMaterials/Substrate/GLints/dict_16_192_64_0p5_0p02_0041_0003" 7022
"/Engine/EngineMaterials/Substrate/GLints/dict_16_192_64_0p5_0p02_0041_0002" 7023
"/Engine/EngineMaterials/Substrate/GLints/dict_16_192_64_0p5_0p02_0041_0001" 7024
"/Engine/EngineMaterials/Substrate/GLints/dict_16_192_64_0p5_0p02_0041_0000" 7025
"/Engine/EngineMaterials/Substrate/GLints/dict_16_192_64_0p5_0p02_0040_0015" 7026
"/Engine/EngineMaterials/Substrate/GLints/dict_16_192_64_0p5_0p02_0040_0014" 7027
"../../../Engine/Content/EngineMaterials/Substrate/GLints/dict_16_192_64_0p5_0p02_0043_0000.uasset" 7028
"../../../Engine/Content/EngineMaterials/Substrate/GLints/dict_16_192_64_0p5_0p02_0043_0002.uasset" 7029
"../../../Engine/Content/EngineMaterials/Substrate/GLints/dict_16_192_64_0p5_0p02_0043_0005.uasset" 7030
"../../../Engine/Content/EngineMaterials/Substrate/GLints/dict_16_192_64_0p5_0p02_0043_0004.uasset" 7031
"../../../Engine/Content/EngineMaterials/Substrate/GLints/dict_16_192_64_0p5_0p02_0043_0006.uasset" 7032
"../../../Engine/Content/EngineMaterials/Substrate/GLints/dict_16_192_64_0p5_0p02_0043_0007.uasset" 7033
"../../../Engine/Content/EngineMaterials/Substrate/GLints/dict_16_192_64_0p5_0p02_0043_0008.uasset" 7034
"../../../Engine/Content/EngineMaterials/Substrate/GLints/dict_16_192_64_0p5_0p02_0043_0010.uasset" 7035
"/Engine/EngineMaterials/Substrate/GLints/dict_16_192_64_0p5_0p02_0042_0013" 7036
"../../../Engine/Content/EngineMaterials/Substrate/GLints/dict_16_192_64_0p5_0p02_0043_0001.uasset" 7037
"../../../Engine/Content/EngineMaterials/Substrate/GLints/dict_16_192_64_0p5_0p02_0043_0011.uasset" 7038
"../../../Engine/Content/EngineMaterials/Substrate/GLints/dict_16_192_64_0p5_0p02_0042_0015.uasset" 7039
"../../../Engine/Content/EngineMaterials/Substrate/GLints/dict_16_192_64_0p5_0p02_0042_0014.uasset" 7040
"../../../Engine/Content/EngineMaterials/Substrate/GLints/dict_16_192_64_0p5_0p02_0043_0003.uasset" 7041
"../../../Engine/Content/EngineMaterials/Substrate/GLints/dict_16_192_64_0p5_0p02_0043_0009.uasset" 7042
"/Engine/EngineMaterials/Substrate/GLints/dict_16_192_64_0p5_0p02_0042_0012" 7043
"../../../Engine/Content/EngineMaterials/Substrate/GLints/dict_16_192_64_0p5_0p02_0043_0012.uasset" 7044
"../../../Engine/Content/EngineMaterials/Substrate/GLints/dict_16_192_64_0p5_0p02_0043_0013.uasset" 7045
"../../../Engine/Content/EngineMaterials/Substrate/GLints/dict_16_192_64_0p5_0p02_0043_0014.uasset" 7046
"../../../Engine/Content/EngineMaterials/Substrate/GLints/dict_16_192_64_0p5_0p02_0043_0015.uasset" 7047
"/Engine/EngineMaterials/Substrate/GLints/dict_16_192_64_0p5_0p02_0042_0011" 7048
"/Engine/EngineMaterials/Substrate/GLints/dict_16_192_64_0p5_0p02_0042_0010" 7049
"/Engine/EngineMaterials/Substrate/GLints/dict_16_192_64_0p5_0p02_0042_0009" 7050
"/Engine/EngineMaterials/Substrate/GLints/dict_16_192_64_0p5_0p02_0042_0008" 7051
"/Engine/EngineMaterials/Substrate/GLints/dict_16_192_64_0p5_0p02_0042_0007" 7052
"/Engine/EngineMaterials/Substrate/GLints/dict_16_192_64_0p5_0p02_0042_0006" 7053
"/Engine/EngineMaterials/Substrate/GLints/dict_16_192_64_0p5_0p02_0042_0005" 7054
"/Engine/EngineMaterials/Substrate/GLints/dict_16_192_64_0p5_0p02_0042_0004" 7055
"/Engine/EngineMaterials/Substrate/GLints/dict_16_192_64_0p5_0p02_0042_0003" 7056
"/Engine/EngineMaterials/Substrate/GLints/dict_16_192_64_0p5_0p02_0042_0002" 7057
"/Engine/EngineMaterials/Substrate/GLints/dict_16_192_64_0p5_0p02_0042_0001" 7058
"/Engine/EngineMaterials/Substrate/GLints/dict_16_192_64_0p5_0p02_0042_0000" 7059
"../../../Engine/Content/EngineMaterials/Substrate/GLints/dict_16_192_64_0p5_0p02_0044_0002.uasset" 7060
"../../../Engine/Content/EngineMaterials/Substrate/GLints/dict_16_192_64_0p5_0p02_0044_0000.uasset" 7061
"../../../Engine/Content/EngineMaterials/Substrate/GLints/dict_16_192_64_0p5_0p02_0044_0009.uasset" 7062
"../../../Engine/Content/EngineMaterials/Substrate/GLints/dict_16_192_64_0p5_0p02_0044_0001.uasset" 7063
"../../../Engine/Content/EngineMaterials/Substrate/GLints/dict_16_192_64_0p5_0p02_0044_0013.uasset" 7064
"../../../Engine/Content/EngineMaterials/Substrate/GLints/dict_16_192_64_0p5_0p02_0044_0003.uasset" 7065
"../../../Engine/Content/EngineMaterials/Substrate/GLints/dict_16_192_64_0p5_0p02_0044_0008.uasset" 7066
"../../../Engine/Content/EngineMaterials/Substrate/GLints/dict_16_192_64_0p5_0p02_0044_0007.uasset" 7067
"../../../Engine/Content/EngineMaterials/Substrate/GLints/dict_16_192_64_0p5_0p02_0044_0005.uasset" 7068
"../../../Engine/Content/EngineMaterials/Substrate/GLints/dict_16_192_64_0p5_0p02_0044_0010.uasset" 7069
"../../../Engine/Content/EngineMaterials/Substrate/GLints/dict_16_192_64_0p5_0p02_0044_0011.uasset" 7070
"../../../Engine/Content/EngineMaterials/Substrate/GLints/dict_16_192_64_0p5_0p02_0044_0012.uasset" 7071
"../../../Engine/Content/EngineMaterials/Substrate/GLints/dict_16_192_64_0p5_0p02_0044_0004.uasset" 7072
"/Engine/EngineMaterials/Substrate/GLints/dict_16_192_64_0p5_0p02_0043_0015" 7073
"../../../Engine/Content/EngineMaterials/Substrate/GLints/dict_16_192_64_0p5_0p02_0044_0006.uasset" 7074
"/Engine/EngineMaterials/Substrate/GLints/dict_16_192_64_0p5_0p02_0043_0014" 7075
"/Engine/EngineMaterials/Substrate/GLints/dict_16_192_64_0p5_0p02_0043_0013" 7076
"/Engine/EngineMaterials/Substrate/GLints/dict_16_192_64_0p5_0p02_0043_0012" 7077
"/Engine/EngineMaterials/Substrate/GLints/dict_16_192_64_0p5_0p02_0043_0011" 7078
"/Engine/EngineMaterials/Substrate/GLints/dict_16_192_64_0p5_0p02_0043_0010" 7079
"/Engine/EngineMaterials/Substrate/GLints/dict_16_192_64_0p5_0p02_0043_0009" 7080
"/Engine/EngineMaterials/Substrate/GLints/dict_16_192_64_0p5_0p02_0043_0008" 7081
"/Engine/EngineMaterials/Substrate/GLints/dict_16_192_64_0p5_0p02_0043_0007" 7082
"/Engine/EngineMaterials/Substrate/GLints/dict_16_192_64_0p5_0p02_0043_0006" 7083
"/Engine/EngineMaterials/Substrate/GLints/dict_16_192_64_0p5_0p02_0043_0005" 7084
"/Engine/EngineMaterials/Substrate/GLints/dict_16_192_64_0p5_0p02_0043_0004" 7085
"/Engine/EngineMaterials/Substrate/GLints/dict_16_192_64_0p5_0p02_0043_0003" 7086
"/Engine/EngineMaterials/Substrate/GLints/dict_16_192_64_0p5_0p02_0043_0002" 7087
"/Engine/EngineMaterials/Substrate/GLints/dict_16_192_64_0p5_0p02_0043_0001" 7088
"/Engine/EngineMaterials/Substrate/GLints/dict_16_192_64_0p5_0p02_0043_0000" 7089
"/Engine/EngineMaterials/Substrate/GLints/dict_16_192_64_0p5_0p02_0042_0015" 7090
"/Engine/EngineMaterials/Substrate/GLints/dict_16_192_64_0p5_0p02_0042_0014" 7091
"../../../Engine/Content/EngineMaterials/Substrate/GLints/dict_16_192_64_0p5_0p02_0045_0000.uasset" 7092
"../../../Engine/Content/EngineMaterials/Substrate/GLints/dict_16_192_64_0p5_0p02_0045_0002.uasset" 7093
"../../../Engine/Content/EngineMaterials/Substrate/GLints/dict_16_192_64_0p5_0p02_0045_0007.uasset" 7094
"../../../Engine/Content/EngineMaterials/Substrate/GLints/dict_16_192_64_0p5_0p02_0045_0009.uasset" 7095
"../../../Engine/Content/EngineMaterials/Substrate/GLints/dict_16_192_64_0p5_0p02_0045_0008.uasset" 7096
"/Engine/EngineMaterials/Substrate/GLints/dict_16_192_64_0p5_0p02_0044_0013" 7097
"../../../Engine/Content/EngineMaterials/Substrate/GLints/dict_16_192_64_0p5_0p02_0045_0010.uasset" 7098
"../../../Engine/Content/EngineMaterials/Substrate/GLints/dict_16_192_64_0p5_0p02_0044_0015.uasset" 7099
"../../../Engine/Content/EngineMaterials/Substrate/GLints/dict_16_192_64_0p5_0p02_0045_0004.uasset" 7100
"../../../Engine/Content/EngineMaterials/Substrate/GLints/dict_16_192_64_0p5_0p02_0045_0005.uasset" 7101
"../../../Engine/Content/EngineMaterials/Substrate/GLints/dict_16_192_64_0p5_0p02_0044_0014.uasset" 7102
"../../../Engine/Content/EngineMaterials/Substrate/GLints/dict_16_192_64_0p5_0p02_0045_0006.uasset" 7103
"../../../Engine/Content/EngineMaterials/Substrate/GLints/dict_16_192_64_0p5_0p02_0045_0001.uasset" 7104
"../../../Engine/Content/EngineMaterials/Substrate/GLints/dict_16_192_64_0p5_0p02_0045_0011.uasset" 7105
"../../../Engine/Content/EngineMaterials/Substrate/GLints/dict_16_192_64_0p5_0p02_0045_0003.uasset" 7106
"/Engine/EngineMaterials/Substrate/GLints/dict_16_192_64_0p5_0p02_0044_0012" 7107
"../../../Engine/Content/EngineMaterials/Substrate/GLints/dict_16_192_64_0p5_0p02_0045_0012.uasset" 7108
"../../../Engine/Content/EngineMaterials/Substrate/GLints/dict_16_192_64_0p5_0p02_0045_0013.uasset" 7109
"../../../Engine/Content/EngineMaterials/Substrate/GLints/dict_16_192_64_0p5_0p02_0045_0014.uasset" 7110
"../../../Engine/Content/EngineMaterials/Substrate/GLints/dict_16_192_64_0p5_0p02_0045_0015.uasset" 7111
"/Engine/EngineMaterials/Substrate/GLints/dict_16_192_64_0p5_0p02_0044_0011" 7112
"/Engine/EngineMaterials/Substrate/GLints/dict_16_192_64_0p5_0p02_0044_0010" 7113
"/Engine/EngineMaterials/Substrate/GLints/dict_16_192_64_0p5_0p02_0044_0009" 7114
"/Engine/EngineMaterials/Substrate/GLints/dict_16_192_64_0p5_0p02_0044_0008" 7115
"/Engine/EngineMaterials/Substrate/GLints/dict_16_192_64_0p5_0p02_0044_0007" 7116
"/Engine/EngineMaterials/Substrate/GLints/dict_16_192_64_0p5_0p02_0044_0006" 7117
"/Engine/EngineMaterials/Substrate/GLints/dict_16_192_64_0p5_0p02_0044_0005" 7118
"/Engine/EngineMaterials/Substrate/GLints/dict_16_192_64_0p5_0p02_0044_0004" 7119
"/Engine/EngineMaterials/Substrate/GLints/dict_16_192_64_0p5_0p02_0044_0003" 7120
"/Engine/EngineMaterials/Substrate/GLints/dict_16_192_64_0p5_0p02_0044_0002" 7121
"/Engine/EngineMaterials/Substrate/GLints/dict_16_192_64_0p5_0p02_0044_0001" 7122
"/Engine/EngineMaterials/Substrate/GLints/dict_16_192_64_0p5_0p02_0044_0000" 7123
"../../../Engine/Content/EngineMaterials/Substrate/GLints/dict_16_192_64_0p5_0p02_0046_0003.uasset" 7124
"../../../Engine/Content/EngineMaterials/Substrate/GLints/dict_16_192_64_0p5_0p02_0046_0004.uasset" 7125
"../../../Engine/Content/EngineMaterials/Substrate/GLints/dict_16_192_64_0p5_0p02_0046_0007.uasset" 7126
"../../../Engine/Content/EngineMaterials/Substrate/GLints/dict_16_192_64_0p5_0p02_0046_0006.uasset" 7127
"../../../Engine/Content/EngineMaterials/Substrate/GLints/dict_16_192_64_0p5_0p02_0046_0008.uasset" 7128
"../../../Engine/Content/EngineMaterials/Substrate/GLints/dict_16_192_64_0p5_0p02_0046_0009.uasset" 7129
"../../../Engine/Content/EngineMaterials/Substrate/GLints/dict_16_192_64_0p5_0p02_0046_0005.uasset" 7130
"../../../Engine/Content/EngineMaterials/Substrate/GLints/dict_16_192_64_0p5_0p02_0046_0001.uasset" 7131
"/Engine/EngineMaterials/Substrate/GLints/dict_16_192_64_0p5_0p02_0045_0015" 7132
"../../../Engine/Content/EngineMaterials/Substrate/GLints/dict_16_192_64_0p5_0p02_0046_0011.uasset" 7133
"../../../Engine/Content/EngineMaterials/Substrate/GLints/dict_16_192_64_0p5_0p02_0046_0000.uasset" 7134
"../../../Engine/Content/EngineMaterials/Substrate/GLints/dict_16_192_64_0p5_0p02_0046_0010.uasset" 7135
"../../../Engine/Content/EngineMaterials/Substrate/GLints/dict_16_192_64_0p5_0p02_0046_0012.uasset" 7136
"../../../Engine/Content/EngineMaterials/Substrate/GLints/dict_16_192_64_0p5_0p02_0046_0013.uasset" 7137
"../../../Engine/Content/EngineMaterials/Substrate/GLints/dict_16_192_64_0p5_0p02_0046_0002.uasset" 7138
"/Engine/EngineMaterials/Substrate/GLints/dict_16_192_64_0p5_0p02_0045_0014" 7139
"/Engine/EngineMaterials/Substrate/GLints/dict_16_192_64_0p5_0p02_0045_0013" 7140
"/Engine/EngineMaterials/Substrate/GLints/dict_16_192_64_0p5_0p02_0045_0012" 7141
"/Engine/EngineMaterials/Substrate/GLints/dict_16_192_64_0p5_0p02_0045_0011" 7142
"/Engine/EngineMaterials/Substrate/GLints/dict_16_192_64_0p5_0p02_0045_0010" 7143
"/Engine/EngineMaterials/Substrate/GLints/dict_16_192_64_0p5_0p02_0045_0009" 7144
"/Engine/EngineMaterials/Substrate/GLints/dict_16_192_64_0p5_0p02_0045_0008" 7145
"/Engine/EngineMaterials/Substrate/GLints/dict_16_192_64_0p5_0p02_0045_0007" 7146
"/Engine/EngineMaterials/Substrate/GLints/dict_16_192_64_0p5_0p02_0045_0006" 7147
"/Engine/EngineMaterials/Substrate/GLints/dict_16_192_64_0p5_0p02_0045_0005" 7148
"/Engine/EngineMaterials/Substrate/GLints/dict_16_192_64_0p5_0p02_0045_0004" 7149
"/Engine/EngineMaterials/Substrate/GLints/dict_16_192_64_0p5_0p02_0045_0003" 7150
"/Engine/EngineMaterials/Substrate/GLints/dict_16_192_64_0p5_0p02_0045_0002" 7151
"/Engine/EngineMaterials/Substrate/GLints/dict_16_192_64_0p5_0p02_0045_0001" 7152
"/Engine/EngineMaterials/Substrate/GLints/dict_16_192_64_0p5_0p02_0045_0000" 7153
"/Engine/EngineMaterials/Substrate/GLints/dict_16_192_64_0p5_0p02_0044_0015" 7154
"/Engine/EngineMaterials/Substrate/GLints/dict_16_192_64_0p5_0p02_0044_0014" 7155
"../../../Engine/Content/EngineMaterials/Substrate/GLints/dict_16_192_64_0p5_0p02_0047_0000.uasset" 7156
"../../../Engine/Content/EngineMaterials/Substrate/GLints/dict_16_192_64_0p5_0p02_0047_0006.uasset" 7157
"../../../Engine/Content/EngineMaterials/Substrate/GLints/dict_16_192_64_0p5_0p02_0047_0007.uasset" 7158
"../../../Engine/Content/EngineMaterials/Substrate/GLints/dict_16_192_64_0p5_0p02_0047_0005.uasset" 7159
"../../../Engine/Content/EngineMaterials/Substrate/GLints/dict_16_192_64_0p5_0p02_0047_0002.uasset" 7160
"../../../Engine/Content/EngineMaterials/Substrate/GLints/dict_16_192_64_0p5_0p02_0047_0004.uasset" 7161
"../../../Engine/Content/EngineMaterials/Substrate/GLints/dict_16_192_64_0p5_0p02_0047_0008.uasset" 7162
"/Engine/EngineMaterials/Substrate/GLints/dict_16_192_64_0p5_0p02_0046_0013" 7163
"../../../Engine/Content/EngineMaterials/Substrate/GLints/dict_16_192_64_0p5_0p02_0047_0009.uasset" 7164
"../../../Engine/Content/EngineMaterials/Substrate/GLints/dict_16_192_64_0p5_0p02_0047_0003.uasset" 7165
"../../../Engine/Content/EngineMaterials/Substrate/GLints/dict_16_192_64_0p5_0p02_0047_0010.uasset" 7166
"../../../Engine/Content/EngineMaterials/Substrate/GLints/dict_16_192_64_0p5_0p02_0047_0012.uasset" 7167
"../../../Engine/Content/EngineMaterials/Substrate/GLints/dict_16_192_64_0p5_0p02_0047_0013.uasset" 7168
"../../../Engine/Content/EngineMaterials/Substrate/GLints/dict_16_192_64_0p5_0p02_0047_0001.uasset" 7169
"../../../Engine/Content/EngineMaterials/Substrate/GLints/dict_16_192_64_0p5_0p02_0046_0015.uasset" 7170
"../../../Engine/Content/EngineMaterials/Substrate/GLints/dict_16_192_64_0p5_0p02_0047_0015.uasset" 7171
"../../../Engine/Content/EngineMaterials/Substrate/GLints/dict_16_192_64_0p5_0p02_0047_0011.uasset" 7172
"../../../Engine/Content/EngineMaterials/Substrate/GLints/dict_16_192_64_0p5_0p02_0046_0014.uasset" 7173
"../../../Engine/Content/EngineMaterials/Substrate/GLints/dict_16_192_64_0p5_0p02_0047_0014.uasset" 7174
"/Engine/EngineMaterials/Substrate/GLints/dict_16_192_64_0p5_0p02_0046_0012" 7175
"/Engine/EngineMaterials/Substrate/GLints/dict_16_192_64_0p5_0p02_0046_0011" 7176
"/Engine/EngineMaterials/Substrate/GLints/dict_16_192_64_0p5_0p02_0046_0010" 7177
"/Engine/EngineMaterials/Substrate/GLints/dict_16_192_64_0p5_0p02_0046_0009" 7178
"/Engine/EngineMaterials/Substrate/GLints/dict_16_192_64_0p5_0p02_0046_0008" 7179
"/Engine/EngineMaterials/Substrate/GLints/dict_16_192_64_0p5_0p02_0046_0007" 7180
"/Engine/EngineMaterials/Substrate/GLints/dict_16_192_64_0p5_0p02_0046_0006" 7181
"/Engine/EngineMaterials/Substrate/GLints/dict_16_192_64_0p5_0p02_0046_0005" 7182
"/Engine/EngineMaterials/Substrate/GLints/dict_16_192_64_0p5_0p02_0046_0004" 7183
"/Engine/EngineMaterials/Substrate/GLints/dict_16_192_64_0p5_0p02_0046_0003" 7184
"/Engine/EngineMaterials/Substrate/GLints/dict_16_192_64_0p5_0p02_0046_0002" 7185
"/Engine/EngineMaterials/Substrate/GLints/dict_16_192_64_0p5_0p02_0046_0001" 7186
"/Engine/EngineMaterials/Substrate/GLints/dict_16_192_64_0p5_0p02_0046_0000" 7187
"../../../Engine/Content/EngineMaterials/Substrate/GLints/dict_16_192_64_0p5_0p02_0048_0000.uasset" 7188
"../../../Engine/Content/EngineMaterials/Substrate/GLints/dict_16_192_64_0p5_0p02_0048_0001.uasset" 7189
"../../../Engine/Content/EngineMaterials/Substrate/GLints/dict_16_192_64_0p5_0p02_0048_0004.uasset" 7190
"../../../Engine/Content/EngineMaterials/Substrate/GLints/dict_16_192_64_0p5_0p02_0048_0009.uasset" 7191
"../../../Engine/Content/EngineMaterials/Substrate/GLints/dict_16_192_64_0p5_0p02_0048_0007.uasset" 7192
"../../../Engine/Content/EngineMaterials/Substrate/GLints/dict_16_192_64_0p5_0p02_0048_0011.uasset" 7193
"../../../Engine/Content/EngineMaterials/Substrate/GLints/dict_16_192_64_0p5_0p02_0048_0013.uasset" 7194
"../../../Engine/Content/EngineMaterials/Substrate/GLints/dict_16_192_64_0p5_0p02_0048_0002.uasset" 7195
"../../../Engine/Content/EngineMaterials/Substrate/GLints/dict_16_192_64_0p5_0p02_0048_0012.uasset" 7196
"../../../Engine/Content/EngineMaterials/Substrate/GLints/dict_16_192_64_0p5_0p02_0048_0008.uasset" 7197
"../../../Engine/Content/EngineMaterials/Substrate/GLints/dict_16_192_64_0p5_0p02_0048_0003.uasset" 7198
"/Engine/EngineMaterials/Substrate/GLints/dict_16_192_64_0p5_0p02_0047_0015" 7199
"../../../Engine/Content/EngineMaterials/Substrate/GLints/dict_16_192_64_0p5_0p02_0048_0005.uasset" 7200
"../../../Engine/Content/EngineMaterials/Substrate/GLints/dict_16_192_64_0p5_0p02_0048_0006.uasset" 7201
"../../../Engine/Content/EngineMaterials/Substrate/GLints/dict_16_192_64_0p5_0p02_0048_0010.uasset" 7202
"/Engine/EngineMaterials/Substrate/GLints/dict_16_192_64_0p5_0p02_0047_0014" 7203
"/Engine/EngineMaterials/Substrate/GLints/dict_16_192_64_0p5_0p02_0047_0013" 7204
"/Engine/EngineMaterials/Substrate/GLints/dict_16_192_64_0p5_0p02_0047_0012" 7205
"/Engine/EngineMaterials/Substrate/GLints/dict_16_192_64_0p5_0p02_0047_0011" 7206
"/Engine/EngineMaterials/Substrate/GLints/dict_16_192_64_0p5_0p02_0047_0010" 7207
"/Engine/EngineMaterials/Substrate/GLints/dict_16_192_64_0p5_0p02_0047_0009" 7208
"/Engine/EngineMaterials/Substrate/GLints/dict_16_192_64_0p5_0p02_0047_0008" 7209
"/Engine/EngineMaterials/Substrate/GLints/dict_16_192_64_0p5_0p02_0047_0007" 7210
"/Engine/EngineMaterials/Substrate/GLints/dict_16_192_64_0p5_0p02_0047_0006" 7211
"/Engine/EngineMaterials/Substrate/GLints/dict_16_192_64_0p5_0p02_0047_0005" 7212
"/Engine/EngineMaterials/Substrate/GLints/dict_16_192_64_0p5_0p02_0047_0004" 7213
"/Engine/EngineMaterials/Substrate/GLints/dict_16_192_64_0p5_0p02_0047_0003" 7214
"/Engine/EngineMaterials/Substrate/GLints/dict_16_192_64_0p5_0p02_0047_0002" 7215
"/Engine/EngineMaterials/Substrate/GLints/dict_16_192_64_0p5_0p02_0047_0001" 7216
"/Engine/EngineMaterials/Substrate/GLints/dict_16_192_64_0p5_0p02_0047_0000" 7217
"/Engine/EngineMaterials/Substrate/GLints/dict_16_192_64_0p5_0p02_0046_0015" 7218
"/Engine/EngineMaterials/Substrate/GLints/dict_16_192_64_0p5_0p02_0046_0014" 7219
"../../../Engine/Content/EngineMaterials/Substrate/GLints/dict_16_192_64_0p5_0p02_0048_0014.uasset" 7220
"../../../Engine/Content/EngineMaterials/Substrate/GLints/dict_16_192_64_0p5_0p02_0049_0004.uasset" 7221
"../../../Engine/Content/EngineMaterials/Substrate/GLints/dict_16_192_64_0p5_0p02_0049_0002.uasset" 7222
"../../../Engine/Content/EngineMaterials/Substrate/GLints/dict_16_192_64_0p5_0p02_0049_0007.uasset" 7223
"../../../Engine/Content/EngineMaterials/Substrate/GLints/dict_16_192_64_0p5_0p02_0049_0008.uasset" 7224
"../../../Engine/Content/EngineMaterials/Substrate/GLints/dict_16_192_64_0p5_0p02_0049_0005.uasset" 7225
"../../../Engine/Content/EngineMaterials/Substrate/GLints/dict_16_192_64_0p5_0p02_0049_0010.uasset" 7226
"../../../Engine/Content/EngineMaterials/Substrate/GLints/dict_16_192_64_0p5_0p02_0049_0009.uasset" 7227
"../../../Engine/Content/EngineMaterials/Substrate/GLints/dict_16_192_64_0p5_0p02_0049_0011.uasset" 7228
"/Engine/EngineMaterials/Substrate/GLints/dict_16_192_64_0p5_0p02_0048_0013" 7229
"../../../Engine/Content/EngineMaterials/Substrate/GLints/dict_16_192_64_0p5_0p02_0049_0015.uasset" 7230
"../../../Engine/Content/EngineMaterials/Substrate/GLints/dict_16_192_64_0p5_0p02_0049_0013.uasset" 7231
"../../../Engine/Content/EngineMaterials/Substrate/GLints/dict_16_192_64_0p5_0p02_0049_0014.uasset" 7232
"../../../Engine/Content/EngineMaterials/Substrate/GLints/dict_16_192_64_0p5_0p02_0049_0012.uasset" 7233
"../../../Engine/Content/EngineMaterials/Substrate/GLints/dict_16_192_64_0p5_0p02_0049_0003.uasset" 7234
"../../../Engine/Content/EngineMaterials/Substrate/GLints/dict_16_192_64_0p5_0p02_0049_0006.uasset" 7235
"../../../Engine/Content/EngineMaterials/Substrate/GLints/dict_16_192_64_0p5_0p02_0049_0001.uasset" 7236
"../../../Engine/Content/EngineMaterials/Substrate/GLints/dict_16_192_64_0p5_0p02_0048_0015.uasset" 7237
"../../../Engine/Content/EngineMaterials/Substrate/GLints/dict_16_192_64_0p5_0p02_0049_0000.uasset" 7238
"/Engine/EngineMaterials/Substrate/GLints/dict_16_192_64_0p5_0p02_0048_0012" 7239
"/Engine/EngineMaterials/Substrate/GLints/dict_16_192_64_0p5_0p02_0048_0011" 7240
"/Engine/EngineMaterials/Substrate/GLints/dict_16_192_64_0p5_0p02_0048_0010" 7241
"/Engine/EngineMaterials/Substrate/GLints/dict_16_192_64_0p5_0p02_0048_0009" 7242
"/Engine/EngineMaterials/Substrate/GLints/dict_16_192_64_0p5_0p02_0048_0008" 7243
"/Engine/EngineMaterials/Substrate/GLints/dict_16_192_64_0p5_0p02_0048_0007" 7244
"/Engine/EngineMaterials/Substrate/GLints/dict_16_192_64_0p5_0p02_0048_0006" 7245
"/Engine/EngineMaterials/Substrate/GLints/dict_16_192_64_0p5_0p02_0048_0005" 7246
"/Engine/EngineMaterials/Substrate/GLints/dict_16_192_64_0p5_0p02_0048_0004" 7247
"/Engine/EngineMaterials/Substrate/GLints/dict_16_192_64_0p5_0p02_0048_0003" 7248
"/Engine/EngineMaterials/Substrate/GLints/dict_16_192_64_0p5_0p02_0048_0002" 7249
"/Engine/EngineMaterials/Substrate/GLints/dict_16_192_64_0p5_0p02_0048_0001" 7250
"/Engine/EngineMaterials/Substrate/GLints/dict_16_192_64_0p5_0p02_0048_0000" 7251
"../../../Engine/Content/EngineMaterials/Substrate/GLints/dict_16_192_64_0p5_0p02_0050_0004.uasset" 7252
"../../../Engine/Content/EngineMaterials/Substrate/GLints/dict_16_192_64_0p5_0p02_0050_0003.uasset" 7253
"../../../Engine/Content/EngineMaterials/Substrate/GLints/dict_16_192_64_0p5_0p02_0050_0002.uasset" 7254
"../../../Engine/Content/EngineMaterials/Substrate/GLints/dict_16_192_64_0p5_0p02_0050_0001.uasset" 7255
"../../../Engine/Content/EngineMaterials/Substrate/GLints/dict_16_192_64_0p5_0p02_0050_0007.uasset" 7256
"../../../Engine/Content/EngineMaterials/Substrate/GLints/dict_16_192_64_0p5_0p02_0050_0008.uasset" 7257
"../../../Engine/Content/EngineMaterials/Substrate/GLints/dict_16_192_64_0p5_0p02_0050_0006.uasset" 7258
"../../../Engine/Content/EngineMaterials/Substrate/GLints/dict_16_192_64_0p5_0p02_0050_0011.uasset" 7259
"/Engine/EngineMaterials/Substrate/GLints/dict_16_192_64_0p5_0p02_0049_0015" 7260
"../../../Engine/Content/EngineMaterials/Substrate/GLints/dict_16_192_64_0p5_0p02_0050_0009.uasset" 7261
"../../../Engine/Content/EngineMaterials/Substrate/GLints/dict_16_192_64_0p5_0p02_0050_0005.uasset" 7262
"../../../Engine/Content/EngineMaterials/Substrate/GLints/dict_16_192_64_0p5_0p02_0050_0013.uasset" 7263
"../../../Engine/Content/EngineMaterials/Substrate/GLints/dict_16_192_64_0p5_0p02_0050_0010.uasset" 7264
"../../../Engine/Content/EngineMaterials/Substrate/GLints/dict_16_192_64_0p5_0p02_0050_0000.uasset" 7265
"../../../Engine/Content/EngineMaterials/Substrate/GLints/dict_16_192_64_0p5_0p02_0050_0012.uasset" 7266
"/Engine/EngineMaterials/Substrate/GLints/dict_16_192_64_0p5_0p02_0049_0014" 7267
"/Engine/EngineMaterials/Substrate/GLints/dict_16_192_64_0p5_0p02_0049_0013" 7268
"/Engine/EngineMaterials/Substrate/GLints/dict_16_192_64_0p5_0p02_0049_0012" 7269
"/Engine/EngineMaterials/Substrate/GLints/dict_16_192_64_0p5_0p02_0049_0011" 7270
"/Engine/EngineMaterials/Substrate/GLints/dict_16_192_64_0p5_0p02_0049_0010" 7271
"/Engine/EngineMaterials/Substrate/GLints/dict_16_192_64_0p5_0p02_0049_0009" 7272
"/Engine/EngineMaterials/Substrate/GLints/dict_16_192_64_0p5_0p02_0049_0008" 7273
"/Engine/EngineMaterials/Substrate/GLints/dict_16_192_64_0p5_0p02_0049_0007" 7274
"/Engine/EngineMaterials/Substrate/GLints/dict_16_192_64_0p5_0p02_0049_0006" 7275
"/Engine/EngineMaterials/Substrate/GLints/dict_16_192_64_0p5_0p02_0049_0005" 7276
"/Engine/EngineMaterials/Substrate/GLints/dict_16_192_64_0p5_0p02_0049_0004" 7277
"/Engine/EngineMaterials/Substrate/GLints/dict_16_192_64_0p5_0p02_0049_0003" 7278
"/Engine/EngineMaterials/Substrate/GLints/dict_16_192_64_0p5_0p02_0049_0002" 7279
"/Engine/EngineMaterials/Substrate/GLints/dict_16_192_64_0p5_0p02_0049_0001" 7280
"/Engine/EngineMaterials/Substrate/GLints/dict_16_192_64_0p5_0p02_0049_0000" 7281
"/Engine/EngineMaterials/Substrate/GLints/dict_16_192_64_0p5_0p02_0048_0015" 7282
"/Engine/EngineMaterials/Substrate/GLints/dict_16_192_64_0p5_0p02_0048_0014" 7283
"../../../Engine/Content/EngineMaterials/Substrate/GLints/dict_16_192_64_0p5_0p02_0051_0004.uasset" 7284
"../../../Engine/Content/EngineMaterials/Substrate/GLints/dict_16_192_64_0p5_0p02_0051_0000.uasset" 7285
"../../../Engine/Content/EngineMaterials/Substrate/GLints/dict_16_192_64_0p5_0p02_0051_0001.uasset" 7286
"../../../Engine/Content/EngineMaterials/Substrate/GLints/dict_16_192_64_0p5_0p02_0051_0007.uasset" 7287
"../../../Engine/Content/EngineMaterials/Substrate/GLints/dict_16_192_64_0p5_0p02_0051_0009.uasset" 7288
"../../../Engine/Content/EngineMaterials/Substrate/GLints/dict_16_192_64_0p5_0p02_0050_0014.uasset" 7289
"../../../Engine/Content/EngineMaterials/Substrate/GLints/dict_16_192_64_0p5_0p02_0051_0008.uasset" 7290
"../../../Engine/Content/EngineMaterials/Substrate/GLints/dict_16_192_64_0p5_0p02_0051_0003.uasset" 7291
"../../../Engine/Content/EngineMaterials/Substrate/GLints/dict_16_192_64_0p5_0p02_0051_0005.uasset" 7292
"../../../Engine/Content/EngineMaterials/Substrate/GLints/dict_16_192_64_0p5_0p02_0051_0011.uasset" 7293
"../../../Engine/Content/EngineMaterials/Substrate/GLints/dict_16_192_64_0p5_0p02_0051_0006.uasset" 7294
"../../../Engine/Content/EngineMaterials/Substrate/GLints/dict_16_192_64_0p5_0p02_0051_0002.uasset" 7295
"/Engine/EngineMaterials/Substrate/GLints/dict_16_192_64_0p5_0p02_0050_0013" 7296
"../../../Engine/Content/EngineMaterials/Substrate/GLints/dict_16_192_64_0p5_0p02_0050_0015.uasset" 7297
"../../../Engine/Content/EngineMaterials/Substrate/GLints/dict_16_192_64_0p5_0p02_0051_0013.uasset" 7298
"../../../Engine/Content/EngineMaterials/Substrate/GLints/dict_16_192_64_0p5_0p02_0051_0014.uasset" 7299
"../../../Engine/Content/EngineMaterials/Substrate/GLints/dict_16_192_64_0p5_0p02_0051_0010.uasset" 7300
"../../../Engine/Content/EngineMaterials/Substrate/GLints/dict_16_192_64_0p5_0p02_0051_0015.uasset" 7301
"../../../Engine/Content/EngineMaterials/Substrate/GLints/dict_16_192_64_0p5_0p02_0051_0012.uasset" 7302
"/Engine/EngineMaterials/Substrate/GLints/dict_16_192_64_0p5_0p02_0050_0012" 7303
"/Engine/EngineMaterials/Substrate/GLints/dict_16_192_64_0p5_0p02_0050_0011" 7304
"/Engine/EngineMaterials/Substrate/GLints/dict_16_192_64_0p5_0p02_0050_0010" 7305
"/Engine/EngineMaterials/Substrate/GLints/dict_16_192_64_0p5_0p02_0050_0009" 7306
"/Engine/EngineMaterials/Substrate/GLints/dict_16_192_64_0p5_0p02_0050_0008" 7307
"/Engine/EngineMaterials/Substrate/GLints/dict_16_192_64_0p5_0p02_0050_0007" 7308
"/Engine/EngineMaterials/Substrate/GLints/dict_16_192_64_0p5_0p02_0050_0006" 7309
"/Engine/EngineMaterials/Substrate/GLints/dict_16_192_64_0p5_0p02_0050_0005" 7310
"/Engine/EngineMaterials/Substrate/GLints/dict_16_192_64_0p5_0p02_0050_0004" 7311
"/Engine/EngineMaterials/Substrate/GLints/dict_16_192_64_0p5_0p02_0050_0003" 7312
"/Engine/EngineMaterials/Substrate/GLints/dict_16_192_64_0p5_0p02_0050_0002" 7313
"/Engine/EngineMaterials/Substrate/GLints/dict_16_192_64_0p5_0p02_0050_0001" 7314
"/Engine/EngineMaterials/Substrate/GLints/dict_16_192_64_0p5_0p02_0050_0000" 7315
"../../../Engine/Content/EngineMaterials/Substrate/GLints/dict_16_192_64_0p5_0p02_0052_0000.uasset" 7316
"../../../Engine/Content/EngineMaterials/Substrate/GLints/dict_16_192_64_0p5_0p02_0052_0004.uasset" 7317
"../../../Engine/Content/EngineMaterials/Substrate/GLints/dict_16_192_64_0p5_0p02_0052_0012.uasset" 7318
"../../../Engine/Content/EngineMaterials/Substrate/GLints/dict_16_192_64_0p5_0p02_0052_0013.uasset" 7319
"../../../Engine/Content/EngineMaterials/Substrate/GLints/dict_16_192_64_0p5_0p02_0052_0003.uasset" 7320
"../../../Engine/Content/EngineMaterials/Substrate/GLints/dict_16_192_64_0p5_0p02_0052_0005.uasset" 7321
"../../../Engine/Content/EngineMaterials/Substrate/GLints/dict_16_192_64_0p5_0p02_0052_0007.uasset" 7322
"../../../Engine/Content/EngineMaterials/Substrate/GLints/dict_16_192_64_0p5_0p02_0052_0001.uasset" 7323
"../../../Engine/Content/EngineMaterials/Substrate/GLints/dict_16_192_64_0p5_0p02_0052_0008.uasset" 7324
"../../../Engine/Content/EngineMaterials/Substrate/GLints/dict_16_192_64_0p5_0p02_0052_0006.uasset" 7325
"../../../Engine/Content/EngineMaterials/Substrate/GLints/dict_16_192_64_0p5_0p02_0052_0009.uasset" 7326
"../../../Engine/Content/EngineMaterials/Substrate/GLints/dict_16_192_64_0p5_0p02_0052_0010.uasset" 7327
"/Engine/EngineMaterials/Substrate/GLints/dict_16_192_64_0p5_0p02_0051_0015" 7328
"../../../Engine/Content/EngineMaterials/Substrate/GLints/dict_16_192_64_0p5_0p02_0052_0011.uasset" 7329
"../../../Engine/Content/EngineMaterials/Substrate/GLints/dict_16_192_64_0p5_0p02_0052_0002.uasset" 7330
"/Engine/EngineMaterials/Substrate/GLints/dict_16_192_64_0p5_0p02_0051_0014" 7331
"/Engine/EngineMaterials/Substrate/GLints/dict_16_192_64_0p5_0p02_0051_0013" 7332
"/Engine/EngineMaterials/Substrate/GLints/dict_16_192_64_0p5_0p02_0051_0012" 7333
"/Engine/EngineMaterials/Substrate/GLints/dict_16_192_64_0p5_0p02_0051_0011" 7334
"/Engine/EngineMaterials/Substrate/GLints/dict_16_192_64_0p5_0p02_0051_0010" 7335
"/Engine/EngineMaterials/Substrate/GLints/dict_16_192_64_0p5_0p02_0051_0009" 7336
"/Engine/EngineMaterials/Substrate/GLints/dict_16_192_64_0p5_0p02_0051_0008" 7337
"/Engine/EngineMaterials/Substrate/GLints/dict_16_192_64_0p5_0p02_0051_0007" 7338
"/Engine/EngineMaterials/Substrate/GLints/dict_16_192_64_0p5_0p02_0051_0006" 7339
"/Engine/EngineMaterials/Substrate/GLints/dict_16_192_64_0p5_0p02_0051_0005" 7340
"/Engine/EngineMaterials/Substrate/GLints/dict_16_192_64_0p5_0p02_0051_0004" 7341
"/Engine/EngineMaterials/Substrate/GLints/dict_16_192_64_0p5_0p02_0051_0003" 7342
"/Engine/EngineMaterials/Substrate/GLints/dict_16_192_64_0p5_0p02_0051_0002" 7343
"/Engine/EngineMaterials/Substrate/GLints/dict_16_192_64_0p5_0p02_0051_0001" 7344
"/Engine/EngineMaterials/Substrate/GLints/dict_16_192_64_0p5_0p02_0051_0000" 7345
"/Engine/EngineMaterials/Substrate/GLints/dict_16_192_64_0p5_0p02_0050_0015" 7346
"/Engine/EngineMaterials/Substrate/GLints/dict_16_192_64_0p5_0p02_0050_0014" 7347
"../../../Engine/Content/EngineMaterials/Substrate/GLints/dict_16_192_64_0p5_0p02_0053_0002.uasset" 7348
"../../../Engine/Content/EngineMaterials/Substrate/GLints/dict_16_192_64_0p5_0p02_0053_0005.uasset" 7349
"../../../Engine/Content/EngineMaterials/Substrate/GLints/dict_16_192_64_0p5_0p02_0052_0014.uasset" 7350
"../../../Engine/Content/EngineMaterials/Substrate/GLints/dict_16_192_64_0p5_0p02_0053_0007.uasset" 7351
"../../../Engine/Content/EngineMaterials/Substrate/GLints/dict_16_192_64_0p5_0p02_0053_0003.uasset" 7352
"../../../Engine/Content/EngineMaterials/Substrate/GLints/dict_16_192_64_0p5_0p02_0053_0009.uasset" 7353
"../../../Engine/Content/EngineMaterials/Substrate/GLints/dict_16_192_64_0p5_0p02_0053_0000.uasset" 7354
"../../../Engine/Content/EngineMaterials/Substrate/GLints/dict_16_192_64_0p5_0p02_0053_0004.uasset" 7355
"../../../Engine/Content/EngineMaterials/Substrate/GLints/dict_16_192_64_0p5_0p02_0053_0006.uasset" 7356
"/Engine/EngineMaterials/Substrate/GLints/dict_16_192_64_0p5_0p02_0052_0013" 7357
"../../../Engine/Content/EngineMaterials/Substrate/GLints/dict_16_192_64_0p5_0p02_0053_0010.uasset" 7358
"../../../Engine/Content/EngineMaterials/Substrate/GLints/dict_16_192_64_0p5_0p02_0053_0001.uasset" 7359
"../../../Engine/Content/EngineMaterials/Substrate/GLints/dict_16_192_64_0p5_0p02_0052_0015.uasset" 7360
"../../../Engine/Content/EngineMaterials/Substrate/GLints/dict_16_192_64_0p5_0p02_0053_0008.uasset" 7361
"../../../Engine/Content/EngineMaterials/Substrate/GLints/dict_16_192_64_0p5_0p02_0053_0011.uasset" 7362
"../../../Engine/Content/EngineMaterials/Substrate/GLints/dict_16_192_64_0p5_0p02_0053_0014.uasset" 7363
"../../../Engine/Content/EngineMaterials/Substrate/GLints/dict_16_192_64_0p5_0p02_0053_0012.uasset" 7364
"../../../Engine/Content/EngineMaterials/Substrate/GLints/dict_16_192_64_0p5_0p02_0053_0013.uasset" 7365
"../../../Engine/Content/EngineMaterials/Substrate/GLints/dict_16_192_64_0p5_0p02_0053_0015.uasset" 7366
"/Engine/EngineMaterials/Substrate/GLints/dict_16_192_64_0p5_0p02_0052_0012" 7367
"/Engine/EngineMaterials/Substrate/GLints/dict_16_192_64_0p5_0p02_0052_0011" 7368
"/Engine/EngineMaterials/Substrate/GLints/dict_16_192_64_0p5_0p02_0052_0010" 7369
"/Engine/EngineMaterials/Substrate/GLints/dict_16_192_64_0p5_0p02_0052_0009" 7370
"/Engine/EngineMaterials/Substrate/GLints/dict_16_192_64_0p5_0p02_0052_0008" 7371
"/Engine/EngineMaterials/Substrate/GLints/dict_16_192_64_0p5_0p02_0052_0007" 7372
"/Engine/EngineMaterials/Substrate/GLints/dict_16_192_64_0p5_0p02_0052_0006" 7373
"/Engine/EngineMaterials/Substrate/GLints/dict_16_192_64_0p5_0p02_0052_0005" 7374
"/Engine/EngineMaterials/Substrate/GLints/dict_16_192_64_0p5_0p02_0052_0004" 7375
"/Engine/EngineMaterials/Substrate/GLints/dict_16_192_64_0p5_0p02_0052_0003" 7376
"/Engine/EngineMaterials/Substrate/GLints/dict_16_192_64_0p5_0p02_0052_0002" 7377
"/Engine/EngineMaterials/Substrate/GLints/dict_16_192_64_0p5_0p02_0052_0001" 7378
"/Engine/EngineMaterials/Substrate/GLints/dict_16_192_64_0p5_0p02_0052_0000" 7379
"../../../Engine/Content/EngineMaterials/Substrate/GLints/dict_16_192_64_0p5_0p02_0054_0007.uasset" 7380
"../../../Engine/Content/EngineMaterials/Substrate/GLints/dict_16_192_64_0p5_0p02_0054_0005.uasset" 7381
"../../../Engine/Content/EngineMaterials/Substrate/GLints/dict_16_192_64_0p5_0p02_0054_0000.uasset" 7382
"../../../Engine/Content/EngineMaterials/Substrate/GLints/dict_16_192_64_0p5_0p02_0054_0012.uasset" 7383
"../../../Engine/Content/EngineMaterials/Substrate/GLints/dict_16_192_64_0p5_0p02_0054_0011.uasset" 7384
"../../../Engine/Content/EngineMaterials/Substrate/GLints/dict_16_192_64_0p5_0p02_0054_0013.uasset" 7385
"../../../Engine/Content/EngineMaterials/Substrate/GLints/dict_16_192_64_0p5_0p02_0054_0009.uasset" 7386
"/Engine/EngineMaterials/Substrate/GLints/dict_16_192_64_0p5_0p02_0053_0015" 7387
"../../../Engine/Content/EngineMaterials/Substrate/GLints/dict_16_192_64_0p5_0p02_0054_0006.uasset" 7388
"../../../Engine/Content/EngineMaterials/Substrate/GLints/dict_16_192_64_0p5_0p02_0054_0001.uasset" 7389
"../../../Engine/Content/EngineMaterials/Substrate/GLints/dict_16_192_64_0p5_0p02_0054_0004.uasset" 7390
"../../../Engine/Content/EngineMaterials/Substrate/GLints/dict_16_192_64_0p5_0p02_0054_0003.uasset" 7391
"../../../Engine/Content/EngineMaterials/Substrate/GLints/dict_16_192_64_0p5_0p02_0054_0010.uasset" 7392
"../../../Engine/Content/EngineMaterials/Substrate/GLints/dict_16_192_64_0p5_0p02_0054_0008.uasset" 7393
"../../../Engine/Content/EngineMaterials/Substrate/GLints/dict_16_192_64_0p5_0p02_0054_0002.uasset" 7394
"/Engine/EngineMaterials/Substrate/GLints/dict_16_192_64_0p5_0p02_0053_0014" 7395
"/Engine/EngineMaterials/Substrate/GLints/dict_16_192_64_0p5_0p02_0053_0013" 7396
"/Engine/EngineMaterials/Substrate/GLints/dict_16_192_64_0p5_0p02_0053_0012" 7397
"/Engine/EngineMaterials/Substrate/GLints/dict_16_192_64_0p5_0p02_0053_0011" 7398
"/Engine/EngineMaterials/Substrate/GLints/dict_16_192_64_0p5_0p02_0053_0010" 7399
"/Engine/EngineMaterials/Substrate/GLints/dict_16_192_64_0p5_0p02_0053_0009" 7400
"/Engine/EngineMaterials/Substrate/GLints/dict_16_192_64_0p5_0p02_0053_0008" 7401
"/Engine/EngineMaterials/Substrate/GLints/dict_16_192_64_0p5_0p02_0053_0007" 7402
"/Engine/EngineMaterials/Substrate/GLints/dict_16_192_64_0p5_0p02_0053_0006" 7403
"/Engine/EngineMaterials/Substrate/GLints/dict_16_192_64_0p5_0p02_0053_0005" 7404
"/Engine/EngineMaterials/Substrate/GLints/dict_16_192_64_0p5_0p02_0053_0004" 7405
"/Engine/EngineMaterials/Substrate/GLints/dict_16_192_64_0p5_0p02_0053_0003" 7406
"/Engine/EngineMaterials/Substrate/GLints/dict_16_192_64_0p5_0p02_0053_0002" 7407
"/Engine/EngineMaterials/Substrate/GLints/dict_16_192_64_0p5_0p02_0053_0001" 7408
"/Engine/EngineMaterials/Substrate/GLints/dict_16_192_64_0p5_0p02_0053_0000" 7409
"/Engine/EngineMaterials/Substrate/GLints/dict_16_192_64_0p5_0p02_0052_0015" 7410
"/Engine/EngineMaterials/Substrate/GLints/dict_16_192_64_0p5_0p02_0052_0014" 7411
"../../../Engine/Content/EngineMaterials/Substrate/GLints/dict_16_192_64_0p5_0p02_0055_0004.uasset" 7412
"../../../Engine/Content/EngineMaterials/Substrate/GLints/dict_16_192_64_0p5_0p02_0055_0002.uasset" 7413
"../../../Engine/Content/EngineMaterials/Substrate/GLints/dict_16_192_64_0p5_0p02_0055_0007.uasset" 7414
"../../../Engine/Content/EngineMaterials/Substrate/GLints/dict_16_192_64_0p5_0p02_0054_0014.uasset" 7415
"../../../Engine/Content/EngineMaterials/Substrate/GLints/dict_16_192_64_0p5_0p02_0055_0000.uasset" 7416
"../../../Engine/Content/EngineMaterials/Substrate/GLints/dict_16_192_64_0p5_0p02_0055_0006.uasset" 7417
"../../../Engine/Content/EngineMaterials/Substrate/GLints/dict_16_192_64_0p5_0p02_0054_0015.uasset" 7418
"../../../Engine/Content/EngineMaterials/Substrate/GLints/dict_16_192_64_0p5_0p02_0055_0005.uasset" 7419
"/Engine/EngineMaterials/Substrate/GLints/dict_16_192_64_0p5_0p02_0054_0013" 7420
"../../../Engine/Content/EngineMaterials/Substrate/GLints/dict_16_192_64_0p5_0p02_0055_0008.uasset" 7421
"../../../Engine/Content/EngineMaterials/Substrate/GLints/dict_16_192_64_0p5_0p02_0055_0001.uasset" 7422
"../../../Engine/Content/EngineMaterials/Substrate/GLints/dict_16_192_64_0p5_0p02_0055_0009.uasset" 7423
"../../../Engine/Content/EngineMaterials/Substrate/GLints/dict_16_192_64_0p5_0p02_0055_0011.uasset" 7424
"../../../Engine/Content/EngineMaterials/Substrate/GLints/dict_16_192_64_0p5_0p02_0055_0003.uasset" 7425
"../../../Engine/Content/EngineMaterials/Substrate/GLints/dict_16_192_64_0p5_0p02_0055_0010.uasset" 7426
"../../../Engine/Content/EngineMaterials/Substrate/GLints/dict_16_192_64_0p5_0p02_0055_0013.uasset" 7427
"../../../Engine/Content/EngineMaterials/Substrate/GLints/dict_16_192_64_0p5_0p02_0055_0014.uasset" 7428
"../../../Engine/Content/EngineMaterials/Substrate/GLints/dict_16_192_64_0p5_0p02_0055_0015.uasset" 7429
"../../../Engine/Content/EngineMaterials/Substrate/GLints/dict_16_192_64_0p5_0p02_0055_0012.uasset" 7430
"/Engine/EngineMaterials/Substrate/GLints/dict_16_192_64_0p5_0p02_0054_0012" 7431
"/Engine/EngineMaterials/Substrate/GLints/dict_16_192_64_0p5_0p02_0054_0011" 7432
"/Engine/EngineMaterials/Substrate/GLints/dict_16_192_64_0p5_0p02_0054_0010" 7433
"/Engine/EngineMaterials/Substrate/GLints/dict_16_192_64_0p5_0p02_0054_0009" 7434
"/Engine/EngineMaterials/Substrate/GLints/dict_16_192_64_0p5_0p02_0054_0008" 7435
"/Engine/EngineMaterials/Substrate/GLints/dict_16_192_64_0p5_0p02_0054_0007" 7436
"/Engine/EngineMaterials/Substrate/GLints/dict_16_192_64_0p5_0p02_0054_0006" 7437
"/Engine/EngineMaterials/Substrate/GLints/dict_16_192_64_0p5_0p02_0054_0005" 7438
"/Engine/EngineMaterials/Substrate/GLints/dict_16_192_64_0p5_0p02_0054_0004" 7439
"/Engine/EngineMaterials/Substrate/GLints/dict_16_192_64_0p5_0p02_0054_0003" 7440
"/Engine/EngineMaterials/Substrate/GLints/dict_16_192_64_0p5_0p02_0054_0002" 7441
"/Engine/EngineMaterials/Substrate/GLints/dict_16_192_64_0p5_0p02_0054_0001" 7442
"/Engine/EngineMaterials/Substrate/GLints/dict_16_192_64_0p5_0p02_0054_0000" 7443
"../../../Engine/Content/EngineMaterials/Substrate/GLints/dict_16_192_64_0p5_0p02_0056_0000.uasset" 7444
"../../../Engine/Content/EngineMaterials/Substrate/GLints/dict_16_192_64_0p5_0p02_0056_0005.uasset" 7445
"../../../Engine/Content/EngineMaterials/Substrate/GLints/dict_16_192_64_0p5_0p02_0056_0006.uasset" 7446
"../../../Engine/Content/EngineMaterials/Substrate/GLints/dict_16_192_64_0p5_0p02_0056_0009.uasset" 7447
"../../../Engine/Content/EngineMaterials/Substrate/GLints/dict_16_192_64_0p5_0p02_0056_0012.uasset" 7448
"../../../Engine/Content/EngineMaterials/Substrate/GLints/dict_16_192_64_0p5_0p02_0056_0010.uasset" 7449
"../../../Engine/Content/EngineMaterials/Substrate/GLints/dict_16_192_64_0p5_0p02_0056_0013.uasset" 7450
"/Engine/EngineMaterials/Substrate/GLints/dict_16_192_64_0p5_0p02_0055_0015" 7451
"../../../Engine/Content/EngineMaterials/Substrate/GLints/dict_16_192_64_0p5_0p02_0056_0007.uasset" 7452
"../../../Engine/Content/EngineMaterials/Substrate/GLints/dict_16_192_64_0p5_0p02_0056_0001.uasset" 7453
"../../../Engine/Content/EngineMaterials/Substrate/GLints/dict_16_192_64_0p5_0p02_0056_0008.uasset" 7454
"../../../Engine/Content/EngineMaterials/Substrate/GLints/dict_16_192_64_0p5_0p02_0056_0003.uasset" 7455
"../../../Engine/Content/EngineMaterials/Substrate/GLints/dict_16_192_64_0p5_0p02_0056_0004.uasset" 7456
"../../../Engine/Content/EngineMaterials/Substrate/GLints/dict_16_192_64_0p5_0p02_0056_0011.uasset" 7457
"../../../Engine/Content/EngineMaterials/Substrate/GLints/dict_16_192_64_0p5_0p02_0056_0002.uasset" 7458
"/Engine/EngineMaterials/Substrate/GLints/dict_16_192_64_0p5_0p02_0055_0014" 7459
"/Engine/EngineMaterials/Substrate/GLints/dict_16_192_64_0p5_0p02_0055_0013" 7460
"/Engine/EngineMaterials/Substrate/GLints/dict_16_192_64_0p5_0p02_0055_0012" 7461
"/Engine/EngineMaterials/Substrate/GLints/dict_16_192_64_0p5_0p02_0055_0011" 7462
"/Engine/EngineMaterials/Substrate/GLints/dict_16_192_64_0p5_0p02_0055_0010" 7463
"/Engine/EngineMaterials/Substrate/GLints/dict_16_192_64_0p5_0p02_0055_0009" 7464
"/Engine/EngineMaterials/Substrate/GLints/dict_16_192_64_0p5_0p02_0055_0008" 7465
"/Engine/EngineMaterials/Substrate/GLints/dict_16_192_64_0p5_0p02_0055_0007" 7466
"/Engine/EngineMaterials/Substrate/GLints/dict_16_192_64_0p5_0p02_0055_0006" 7467
"/Engine/EngineMaterials/Substrate/GLints/dict_16_192_64_0p5_0p02_0055_0005" 7468
"/Engine/EngineMaterials/Substrate/GLints/dict_16_192_64_0p5_0p02_0055_0004" 7469
"/Engine/EngineMaterials/Substrate/GLints/dict_16_192_64_0p5_0p02_0055_0003" 7470
"/Engine/EngineMaterials/Substrate/GLints/dict_16_192_64_0p5_0p02_0055_0002" 7471
"/Engine/EngineMaterials/Substrate/GLints/dict_16_192_64_0p5_0p02_0055_0001" 7472
"/Engine/EngineMaterials/Substrate/GLints/dict_16_192_64_0p5_0p02_0055_0000" 7473
"/Engine/EngineMaterials/Substrate/GLints/dict_16_192_64_0p5_0p02_0054_0015" 7474
"/Engine/EngineMaterials/Substrate/GLints/dict_16_192_64_0p5_0p02_0054_0014" 7475
"../../../Engine/Content/EngineMaterials/Substrate/GLints/dict_16_192_64_0p5_0p02_0057_0002.uasset" 7476
"../../../Engine/Content/EngineMaterials/Substrate/GLints/dict_16_192_64_0p5_0p02_0057_0007.uasset" 7477
"../../../Engine/Content/EngineMaterials/Substrate/GLints/dict_16_192_64_0p5_0p02_0057_0004.uasset" 7478
"../../../Engine/Content/EngineMaterials/Substrate/GLints/dict_16_192_64_0p5_0p02_0057_0005.uasset" 7479
"../../../Engine/Content/EngineMaterials/Substrate/GLints/dict_16_192_64_0p5_0p02_0057_0009.uasset" 7480
"../../../Engine/Content/EngineMaterials/Substrate/GLints/dict_16_192_64_0p5_0p02_0057_0001.uasset" 7481
"../../../Engine/Content/EngineMaterials/Substrate/GLints/dict_16_192_64_0p5_0p02_0057_0010.uasset" 7482
"../../../Engine/Content/EngineMaterials/Substrate/GLints/dict_16_192_64_0p5_0p02_0057_0006.uasset" 7483
"../../../Engine/Content/EngineMaterials/Substrate/GLints/dict_16_192_64_0p5_0p02_0056_0015.uasset" 7484
"/Engine/EngineMaterials/Substrate/GLints/dict_16_192_64_0p5_0p02_0056_0013" 7485
"../../../Engine/Content/EngineMaterials/Substrate/GLints/dict_16_192_64_0p5_0p02_0056_0014.uasset" 7486
"../../../Engine/Content/EngineMaterials/Substrate/GLints/dict_16_192_64_0p5_0p02_0057_0008.uasset" 7487
"../../../Engine/Content/EngineMaterials/Substrate/GLints/dict_16_192_64_0p5_0p02_0057_0000.uasset" 7488
"../../../Engine/Content/EngineMaterials/Substrate/GLints/dict_16_192_64_0p5_0p02_0057_0011.uasset" 7489
"../../../Engine/Content/EngineMaterials/Substrate/GLints/dict_16_192_64_0p5_0p02_0057_0003.uasset" 7490
"../../../Engine/Content/EngineMaterials/Substrate/GLints/dict_16_192_64_0p5_0p02_0057_0014.uasset" 7491
"../../../Engine/Content/EngineMaterials/Substrate/GLints/dict_16_192_64_0p5_0p02_0057_0012.uasset" 7492
"../../../Engine/Content/EngineMaterials/Substrate/GLints/dict_16_192_64_0p5_0p02_0057_0015.uasset" 7493
"../../../Engine/Content/EngineMaterials/Substrate/GLints/dict_16_192_64_0p5_0p02_0057_0013.uasset" 7494
"/Engine/EngineMaterials/Substrate/GLints/dict_16_192_64_0p5_0p02_0056_0012" 7495
"/Engine/EngineMaterials/Substrate/GLints/dict_16_192_64_0p5_0p02_0056_0011" 7496
"/Engine/EngineMaterials/Substrate/GLints/dict_16_192_64_0p5_0p02_0056_0010" 7497
"/Engine/EngineMaterials/Substrate/GLints/dict_16_192_64_0p5_0p02_0056_0009" 7498
"/Engine/EngineMaterials/Substrate/GLints/dict_16_192_64_0p5_0p02_0056_0008" 7499
"/Engine/EngineMaterials/Substrate/GLints/dict_16_192_64_0p5_0p02_0056_0007" 7500
"/Engine/EngineMaterials/Substrate/GLints/dict_16_192_64_0p5_0p02_0056_0006" 7501
"/Engine/EngineMaterials/Substrate/GLints/dict_16_192_64_0p5_0p02_0056_0005" 7502
"/Engine/EngineMaterials/Substrate/GLints/dict_16_192_64_0p5_0p02_0056_0004" 7503
"/Engine/EngineMaterials/Substrate/GLints/dict_16_192_64_0p5_0p02_0056_0003" 7504
"/Engine/EngineMaterials/Substrate/GLints/dict_16_192_64_0p5_0p02_0056_0002" 7505
"/Engine/EngineMaterials/Substrate/GLints/dict_16_192_64_0p5_0p02_0056_0001" 7506
"/Engine/EngineMaterials/Substrate/GLints/dict_16_192_64_0p5_0p02_0056_0000" 7507
"../../../Engine/Content/EngineMaterials/Substrate/GLints/dict_16_192_64_0p5_0p02_0058_0000.uasset" 7508
"../../../Engine/Content/EngineMaterials/Substrate/GLints/dict_16_192_64_0p5_0p02_0058_0001.uasset" 7509
"../../../Engine/Content/EngineMaterials/Substrate/GLints/dict_16_192_64_0p5_0p02_0058_0003.uasset" 7510
"../../../Engine/Content/EngineMaterials/Substrate/GLints/dict_16_192_64_0p5_0p02_0058_0004.uasset" 7511
"../../../Engine/Content/EngineMaterials/Substrate/GLints/dict_16_192_64_0p5_0p02_0058_0011.uasset" 7512
"../../../Engine/Content/EngineMaterials/Substrate/GLints/dict_16_192_64_0p5_0p02_0058_0012.uasset" 7513
"../../../Engine/Content/EngineMaterials/Substrate/GLints/dict_16_192_64_0p5_0p02_0058_0013.uasset" 7514
"../../../Engine/Content/EngineMaterials/Substrate/GLints/dict_16_192_64_0p5_0p02_0058_0007.uasset" 7515
"../../../Engine/Content/EngineMaterials/Substrate/GLints/dict_16_192_64_0p5_0p02_0058_0008.uasset" 7516
"../../../Engine/Content/EngineMaterials/Substrate/GLints/dict_16_192_64_0p5_0p02_0058_0002.uasset" 7517
"../../../Engine/Content/EngineMaterials/Substrate/GLints/dict_16_192_64_0p5_0p02_0058_0009.uasset" 7518
"../../../Engine/Content/EngineMaterials/Substrate/GLints/dict_16_192_64_0p5_0p02_0058_0010.uasset" 7519
"../../../Engine/Content/EngineMaterials/Substrate/GLints/dict_16_192_64_0p5_0p02_0058_0006.uasset" 7520
"/Engine/EngineMaterials/Substrate/GLints/dict_16_192_64_0p5_0p02_0057_0015" 7521
"../../../Engine/Content/EngineMaterials/Substrate/GLints/dict_16_192_64_0p5_0p02_0058_0005.uasset" 7522
"/Engine/EngineMaterials/Substrate/GLints/dict_16_192_64_0p5_0p02_0057_0014" 7523
"/Engine/EngineMaterials/Substrate/GLints/dict_16_192_64_0p5_0p02_0057_0013" 7524
"/Engine/EngineMaterials/Substrate/GLints/dict_16_192_64_0p5_0p02_0057_0012" 7525
"/Engine/EngineMaterials/Substrate/GLints/dict_16_192_64_0p5_0p02_0057_0011" 7526
"/Engine/EngineMaterials/Substrate/GLints/dict_16_192_64_0p5_0p02_0057_0010" 7527
"/Engine/EngineMaterials/Substrate/GLints/dict_16_192_64_0p5_0p02_0057_0009" 7528
"/Engine/EngineMaterials/Substrate/GLints/dict_16_192_64_0p5_0p02_0057_0008" 7529
"/Engine/EngineMaterials/Substrate/GLints/dict_16_192_64_0p5_0p02_0057_0007" 7530
"/Engine/EngineMaterials/Substrate/GLints/dict_16_192_64_0p5_0p02_0057_0006" 7531
"/Engine/EngineMaterials/Substrate/GLints/dict_16_192_64_0p5_0p02_0057_0005" 7532
"/Engine/EngineMaterials/Substrate/GLints/dict_16_192_64_0p5_0p02_0057_0004" 7533
"/Engine/EngineMaterials/Substrate/GLints/dict_16_192_64_0p5_0p02_0057_0003" 7534
"/Engine/EngineMaterials/Substrate/GLints/dict_16_192_64_0p5_0p02_0057_0002" 7535
"/Engine/EngineMaterials/Substrate/GLints/dict_16_192_64_0p5_0p02_0057_0001" 7536
"/Engine/EngineMaterials/Substrate/GLints/dict_16_192_64_0p5_0p02_0057_0000" 7537
"/Engine/EngineMaterials/Substrate/GLints/dict_16_192_64_0p5_0p02_0056_0015" 7538
"/Engine/EngineMaterials/Substrate/GLints/dict_16_192_64_0p5_0p02_0056_0014" 7539
"../../../Engine/Content/EngineMaterials/Substrate/GLints/dict_16_192_64_0p5_0p02_0059_0001.uasset" 7540
"../../../Engine/Content/EngineMaterials/Substrate/GLints/dict_16_192_64_0p5_0p02_0059_0003.uasset" 7541
"../../../Engine/Content/EngineMaterials/Substrate/GLints/dict_16_192_64_0p5_0p02_0059_0002.uasset" 7542
"../../../Engine/Content/EngineMaterials/Substrate/GLints/dict_16_192_64_0p5_0p02_0058_0015.uasset" 7543
"../../../Engine/Content/EngineMaterials/Substrate/GLints/dict_16_192_64_0p5_0p02_0059_0005.uasset" 7544
"../../../Engine/Content/EngineMaterials/Substrate/GLints/dict_16_192_64_0p5_0p02_0059_0006.uasset" 7545
"/Engine/EngineMaterials/Substrate/GLints/dict_16_192_64_0p5_0p02_0058_0013" 7546
"../../../Engine/Content/EngineMaterials/Substrate/GLints/dict_16_192_64_0p5_0p02_0059_0000.uasset" 7547
"../../../Engine/Content/EngineMaterials/Substrate/GLints/dict_16_192_64_0p5_0p02_0059_0007.uasset" 7548
"../../../Engine/Content/EngineMaterials/Substrate/GLints/dict_16_192_64_0p5_0p02_0059_0008.uasset" 7549
"../../../Engine/Content/EngineMaterials/Substrate/GLints/dict_16_192_64_0p5_0p02_0059_0010.uasset" 7550
"../../../Engine/Content/EngineMaterials/Substrate/GLints/dict_16_192_64_0p5_0p02_0059_0011.uasset" 7551
"../../../Engine/Content/EngineMaterials/Substrate/GLints/dict_16_192_64_0p5_0p02_0058_0014.uasset" 7552
"../../../Engine/Content/EngineMaterials/Substrate/GLints/dict_16_192_64_0p5_0p02_0059_0004.uasset" 7553
"../../../Engine/Content/EngineMaterials/Substrate/GLints/dict_16_192_64_0p5_0p02_0059_0009.uasset" 7554
"../../../Engine/Content/EngineMaterials/Substrate/GLints/dict_16_192_64_0p5_0p02_0059_0013.uasset" 7555
"../../../Engine/Content/EngineMaterials/Substrate/GLints/dict_16_192_64_0p5_0p02_0059_0014.uasset" 7556
"../../../Engine/Content/EngineMaterials/Substrate/GLints/dict_16_192_64_0p5_0p02_0059_0015.uasset" 7557
"../../../Engine/Content/EngineMaterials/Substrate/GLints/dict_16_192_64_0p5_0p02_0059_0012.uasset" 7558
"/Engine/EngineMaterials/Substrate/GLints/dict_16_192_64_0p5_0p02_0058_0012" 7559
"/Engine/EngineMaterials/Substrate/GLints/dict_16_192_64_0p5_0p02_0058_0011" 7560
"/Engine/EngineMaterials/Substrate/GLints/dict_16_192_64_0p5_0p02_0058_0010" 7561
"/Engine/EngineMaterials/Substrate/GLints/dict_16_192_64_0p5_0p02_0058_0009" 7562
"/Engine/EngineMaterials/Substrate/GLints/dict_16_192_64_0p5_0p02_0058_0008" 7563
"/Engine/EngineMaterials/Substrate/GLints/dict_16_192_64_0p5_0p02_0058_0007" 7564
"/Engine/EngineMaterials/Substrate/GLints/dict_16_192_64_0p5_0p02_0058_0006" 7565
"/Engine/EngineMaterials/Substrate/GLints/dict_16_192_64_0p5_0p02_0058_0005" 7566
"/Engine/EngineMaterials/Substrate/GLints/dict_16_192_64_0p5_0p02_0058_0004" 7567
"/Engine/EngineMaterials/Substrate/GLints/dict_16_192_64_0p5_0p02_0058_0003" 7568
"/Engine/EngineMaterials/Substrate/GLints/dict_16_192_64_0p5_0p02_0058_0002" 7569
"/Engine/EngineMaterials/Substrate/GLints/dict_16_192_64_0p5_0p02_0058_0001" 7570
"/Engine/EngineMaterials/Substrate/GLints/dict_16_192_64_0p5_0p02_0058_0000" 7571
"../../../Engine/Content/EngineMaterials/Substrate/GLints/dict_16_192_64_0p5_0p02_0060_0004.uasset" 7572
"../../../Engine/Content/EngineMaterials/Substrate/GLints/dict_16_192_64_0p5_0p02_0060_0006.uasset" 7573
"../../../Engine/Content/EngineMaterials/Substrate/GLints/dict_16_192_64_0p5_0p02_0060_0010.uasset" 7574
"../../../Engine/Content/EngineMaterials/Substrate/GLints/dict_16_192_64_0p5_0p02_0060_0001.uasset" 7575
"../../../Engine/Content/EngineMaterials/Substrate/GLints/dict_16_192_64_0p5_0p02_0060_0013.uasset" 7576
"../../../Engine/Content/EngineMaterials/Substrate/GLints/dict_16_192_64_0p5_0p02_0060_0007.uasset" 7577
"../../../Engine/Content/EngineMaterials/Substrate/GLints/dict_16_192_64_0p5_0p02_0060_0002.uasset" 7578
"../../../Engine/Content/EngineMaterials/Substrate/GLints/dict_16_192_64_0p5_0p02_0060_0009.uasset" 7579
"../../../Engine/Content/EngineMaterials/Substrate/GLints/dict_16_192_64_0p5_0p02_0060_0005.uasset" 7580
"../../../Engine/Content/EngineMaterials/Substrate/GLints/dict_16_192_64_0p5_0p02_0060_0011.uasset" 7581
"/Engine/EngineMaterials/Substrate/GLints/dict_16_192_64_0p5_0p02_0059_0015" 7582
"../../../Engine/Content/EngineMaterials/Substrate/GLints/dict_16_192_64_0p5_0p02_0060_0000.uasset" 7583
"../../../Engine/Content/EngineMaterials/Substrate/GLints/dict_16_192_64_0p5_0p02_0060_0003.uasset" 7584
"../../../Engine/Content/EngineMaterials/Substrate/GLints/dict_16_192_64_0p5_0p02_0060_0008.uasset" 7585
"../../../Engine/Content/EngineMaterials/Substrate/GLints/dict_16_192_64_0p5_0p02_0060_0012.uasset" 7586
"/Engine/EngineMaterials/Substrate/GLints/dict_16_192_64_0p5_0p02_0059_0014" 7587
"/Engine/EngineMaterials/Substrate/GLints/dict_16_192_64_0p5_0p02_0059_0013" 7588
"/Engine/EngineMaterials/Substrate/GLints/dict_16_192_64_0p5_0p02_0059_0012" 7589
"/Engine/EngineMaterials/Substrate/GLints/dict_16_192_64_0p5_0p02_0059_0011" 7590
"/Engine/EngineMaterials/Substrate/GLints/dict_16_192_64_0p5_0p02_0059_0010" 7591
"/Engine/EngineMaterials/Substrate/GLints/dict_16_192_64_0p5_0p02_0059_0009" 7592
"/Engine/EngineMaterials/Substrate/GLints/dict_16_192_64_0p5_0p02_0059_0008" 7593
"/Engine/EngineMaterials/Substrate/GLints/dict_16_192_64_0p5_0p02_0059_0007" 7594
"/Engine/EngineMaterials/Substrate/GLints/dict_16_192_64_0p5_0p02_0059_0006" 7595
"/Engine/EngineMaterials/Substrate/GLints/dict_16_192_64_0p5_0p02_0059_0005" 7596
"/Engine/EngineMaterials/Substrate/GLints/dict_16_192_64_0p5_0p02_0059_0004" 7597
"/Engine/EngineMaterials/Substrate/GLints/dict_16_192_64_0p5_0p02_0059_0003" 7598
"/Engine/EngineMaterials/Substrate/GLints/dict_16_192_64_0p5_0p02_0059_0002" 7599
"/Engine/EngineMaterials/Substrate/GLints/dict_16_192_64_0p5_0p02_0059_0001" 7600
"/Engine/EngineMaterials/Substrate/GLints/dict_16_192_64_0p5_0p02_0059_0000" 7601
"/Engine/EngineMaterials/Substrate/GLints/dict_16_192_64_0p5_0p02_0058_0015" 7602
"/Engine/EngineMaterials/Substrate/GLints/dict_16_192_64_0p5_0p02_0058_0014" 7603
"../../../Engine/Content/EngineMaterials/Substrate/GLints/dict_16_192_64_0p5_0p02_0060_0014.uasset" 7604
"../../../Engine/Content/EngineMaterials/Substrate/GLints/dict_16_192_64_0p5_0p02_0060_0015.uasset" 7605
"/Engine/EngineMaterials/Substrate/GLints/dict_16_192_64_0p5_0p02_0060_0013" 7606
"../../../Engine/Content/EngineMaterials/Substrate/GLints/dict_16_192_64_0p5_0p02_0061_0010.uasset" 7607
"../../../Engine/Content/EngineMaterials/Substrate/GLints/dict_16_192_64_0p5_0p02_0061_0011.uasset" 7608
"../../../Engine/Content/EngineMaterials/Substrate/GLints/dict_16_192_64_0p5_0p02_0061_0003.uasset" 7609
"../../../Engine/Content/EngineMaterials/Substrate/GLints/dict_16_192_64_0p5_0p02_0061_0001.uasset" 7610
"../../../Engine/Content/EngineMaterials/Substrate/GLints/dict_16_192_64_0p5_0p02_0061_0004.uasset" 7611
"../../../Engine/Content/EngineMaterials/Substrate/GLints/dict_16_192_64_0p5_0p02_0061_0005.uasset" 7612
"../../../Engine/Content/EngineMaterials/Substrate/GLints/dict_16_192_64_0p5_0p02_0061_0000.uasset" 7613
"../../../Engine/Content/EngineMaterials/Substrate/GLints/dict_16_192_64_0p5_0p02_0061_0007.uasset" 7614
"../../../Engine/Content/EngineMaterials/Substrate/GLints/dict_16_192_64_0p5_0p02_0061_0006.uasset" 7615
"../../../Engine/Content/EngineMaterials/Substrate/GLints/dict_16_192_64_0p5_0p02_0061_0008.uasset" 7616
"../../../Engine/Content/EngineMaterials/Substrate/GLints/dict_16_192_64_0p5_0p02_0061_0009.uasset" 7617
"../../../Engine/Content/EngineMaterials/Substrate/GLints/dict_16_192_64_0p5_0p02_0061_0002.uasset" 7618
"/Engine/EngineMaterials/Substrate/GLints/dict_16_192_64_0p5_0p02_0060_0012" 7619
"../../../Engine/Content/EngineMaterials/Substrate/GLints/dict_16_192_64_0p5_0p02_0061_0013.uasset" 7620
"../../../Engine/Content/EngineMaterials/Substrate/GLints/dict_16_192_64_0p5_0p02_0061_0012.uasset" 7621
"../../../Engine/Content/EngineMaterials/Substrate/GLints/dict_16_192_64_0p5_0p02_0061_0014.uasset" 7622
"../../../Engine/Content/EngineMaterials/Substrate/GLints/dict_16_192_64_0p5_0p02_0061_0015.uasset" 7623
"/Engine/EngineMaterials/Substrate/GLints/dict_16_192_64_0p5_0p02_0060_0011" 7624
"/Engine/EngineMaterials/Substrate/GLints/dict_16_192_64_0p5_0p02_0060_0010" 7625
"/Engine/EngineMaterials/Substrate/GLints/dict_16_192_64_0p5_0p02_0060_0009" 7626
"/Engine/EngineMaterials/Substrate/GLints/dict_16_192_64_0p5_0p02_0060_0008" 7627
"/Engine/EngineMaterials/Substrate/GLints/dict_16_192_64_0p5_0p02_0060_0007" 7628
"/Engine/EngineMaterials/Substrate/GLints/dict_16_192_64_0p5_0p02_0060_0006" 7629
"/Engine/EngineMaterials/Substrate/GLints/dict_16_192_64_0p5_0p02_0060_0005" 7630
"/Engine/EngineMaterials/Substrate/GLints/dict_16_192_64_0p5_0p02_0060_0004" 7631
"/Engine/EngineMaterials/Substrate/GLints/dict_16_192_64_0p5_0p02_0060_0003" 7632
"/Engine/EngineMaterials/Substrate/GLints/dict_16_192_64_0p5_0p02_0060_0002" 7633
"/Engine/EngineMaterials/Substrate/GLints/dict_16_192_64_0p5_0p02_0060_0001" 7634
"/Engine/EngineMaterials/Substrate/GLints/dict_16_192_64_0p5_0p02_0060_0000" 7635
"../../../Engine/Content/EngineMaterials/Substrate/GLints/dict_16_192_64_0p5_0p02_0062_0006.uasset" 7636
"../../../Engine/Content/EngineMaterials/Substrate/GLints/dict_16_192_64_0p5_0p02_0062_0000.uasset" 7637
"../../../Engine/Content/EngineMaterials/Substrate/GLints/dict_16_192_64_0p5_0p02_0062_0008.uasset" 7638
"../../../Engine/Content/EngineMaterials/Substrate/GLints/dict_16_192_64_0p5_0p02_0062_0005.uasset" 7639
"../../../Engine/Content/EngineMaterials/Substrate/GLints/dict_16_192_64_0p5_0p02_0062_0010.uasset" 7640
"../../../Engine/Content/EngineMaterials/Substrate/GLints/dict_16_192_64_0p5_0p02_0062_0009.uasset" 7641
"../../../Engine/Content/EngineMaterials/Substrate/GLints/dict_16_192_64_0p5_0p02_0062_0004.uasset" 7642
"../../../Engine/Content/EngineMaterials/Substrate/GLints/dict_16_192_64_0p5_0p02_0062_0003.uasset" 7643
"/Engine/EngineMaterials/Substrate/GLints/dict_16_192_64_0p5_0p02_0061_0015" 7644
"../../../Engine/Content/EngineMaterials/Substrate/GLints/dict_16_192_64_0p5_0p02_0062_0002.uasset" 7645
"../../../Engine/Content/EngineMaterials/Substrate/GLints/dict_16_192_64_0p5_0p02_0062_0007.uasset" 7646
"../../../Engine/Content/EngineMaterials/Substrate/GLints/dict_16_192_64_0p5_0p02_0062_0012.uasset" 7647
"../../../Engine/Content/EngineMaterials/Substrate/GLints/dict_16_192_64_0p5_0p02_0062_0011.uasset" 7648
"../../../Engine/Content/EngineMaterials/Substrate/GLints/dict_16_192_64_0p5_0p02_0062_0013.uasset" 7649
"../../../Engine/Content/EngineMaterials/Substrate/GLints/dict_16_192_64_0p5_0p02_0062_0001.uasset" 7650
"/Engine/EngineMaterials/Substrate/GLints/dict_16_192_64_0p5_0p02_0061_0014" 7651
"/Engine/EngineMaterials/Substrate/GLints/dict_16_192_64_0p5_0p02_0061_0013" 7652
"/Engine/EngineMaterials/Substrate/GLints/dict_16_192_64_0p5_0p02_0061_0012" 7653
"/Engine/EngineMaterials/Substrate/GLints/dict_16_192_64_0p5_0p02_0061_0011" 7654
"/Engine/EngineMaterials/Substrate/GLints/dict_16_192_64_0p5_0p02_0061_0010" 7655
"/Engine/EngineMaterials/Substrate/GLints/dict_16_192_64_0p5_0p02_0061_0009" 7656
"/Engine/EngineMaterials/Substrate/GLints/dict_16_192_64_0p5_0p02_0061_0008" 7657
"/Engine/EngineMaterials/Substrate/GLints/dict_16_192_64_0p5_0p02_0061_0007" 7658
"/Engine/EngineMaterials/Substrate/GLints/dict_16_192_64_0p5_0p02_0061_0006" 7659
"/Engine/EngineMaterials/Substrate/GLints/dict_16_192_64_0p5_0p02_0061_0005" 7660
"/Engine/EngineMaterials/Substrate/GLints/dict_16_192_64_0p5_0p02_0061_0004" 7661
"/Engine/EngineMaterials/Substrate/GLints/dict_16_192_64_0p5_0p02_0061_0003" 7662
"/Engine/EngineMaterials/Substrate/GLints/dict_16_192_64_0p5_0p02_0061_0002" 7663
"/Engine/EngineMaterials/Substrate/GLints/dict_16_192_64_0p5_0p02_0061_0001" 7664
"/Engine/EngineMaterials/Substrate/GLints/dict_16_192_64_0p5_0p02_0061_0000" 7665
"/Engine/EngineMaterials/Substrate/GLints/dict_16_192_64_0p5_0p02_0060_0015" 7666
"/Engine/EngineMaterials/Substrate/GLints/dict_16_192_64_0p5_0p02_0060_0014" 7667
"../../../Engine/Content/EngineMaterials/Substrate/GLints/dict_16_192_64_0p5_0p02_0063_0000.uasset" 7668
"../../../Engine/Content/EngineMaterials/Substrate/GLints/dict_16_192_64_0p5_0p02_0063_0008.uasset" 7669
"../../../Engine/Content/EngineMaterials/Substrate/GLints/dict_16_192_64_0p5_0p02_0063_0002.uasset" 7670
"../../../Engine/Content/EngineMaterials/Substrate/GLints/dict_16_192_64_0p5_0p02_0063_0005.uasset" 7671
"../../../Engine/Content/EngineMaterials/Substrate/GLints/dict_16_192_64_0p5_0p02_0062_0015.uasset" 7672
"../../../Engine/Content/EngineMaterials/Substrate/GLints/dict_16_192_64_0p5_0p02_0063_0003.uasset" 7673
"../../../Engine/Content/EngineMaterials/Substrate/GLints/dict_16_192_64_0p5_0p02_0063_0006.uasset" 7674
"../../../Engine/Content/EngineMaterials/Substrate/GLints/dict_16_192_64_0p5_0p02_0063_0004.uasset" 7675
"../../../Engine/Content/EngineMaterials/Substrate/GLints/dict_16_192_64_0p5_0p02_0062_0014.uasset" 7676
"../../../Engine/Content/EngineMaterials/Substrate/GLints/dict_16_192_64_0p5_0p02_0063_0009.uasset" 7677
"../../../Engine/Content/EngineMaterials/Substrate/GLints/dict_16_192_64_0p5_0p02_0063_0010.uasset" 7678
"../../../Engine/Content/EngineMaterials/Substrate/GLints/dict_16_192_64_0p5_0p02_0063_0001.uasset" 7679
"/Engine/EngineMaterials/Substrate/GLints/dict_16_192_64_0p5_0p02_0062_0013" 7680
"../../../Engine/Content/EngineMaterials/Substrate/GLints/dict_16_192_64_0p5_0p02_0063_0007.uasset" 7681
"../../../Engine/Content/EngineMaterials/Substrate/GLints/dict_16_192_64_0p5_0p02_0063_0015.uasset" 7682
"../../../Engine/Content/EngineMaterials/Substrate/GLints/dict_16_192_64_0p5_0p02_0063_0011.uasset" 7683
"../../../Engine/Content/EngineMaterials/Substrate/GLints/dict_16_192_64_0p5_0p02_0063_0012.uasset" 7684
"../../../Engine/Content/EngineMaterials/Substrate/GLints/dict_16_192_64_0p5_0p02_0063_0013.uasset" 7685
"../../../Engine/Content/EngineMaterials/Substrate/GLints/dict_16_192_64_0p5_0p02_0063_0014.uasset" 7686
"/Engine/EngineMaterials/Substrate/GLints/dict_16_192_64_0p5_0p02_0062_0012" 7687
"/Engine/EngineMaterials/Substrate/GLints/dict_16_192_64_0p5_0p02_0062_0011" 7688
"/Engine/EngineMaterials/Substrate/GLints/dict_16_192_64_0p5_0p02_0062_0010" 7689
"/Engine/EngineMaterials/Substrate/GLints/dict_16_192_64_0p5_0p02_0062_0009" 7690
"/Engine/EngineMaterials/Substrate/GLints/dict_16_192_64_0p5_0p02_0062_0008" 7691
"/Engine/EngineMaterials/Substrate/GLints/dict_16_192_64_0p5_0p02_0062_0007" 7692
"/Engine/EngineMaterials/Substrate/GLints/dict_16_192_64_0p5_0p02_0062_0006" 7693
"/Engine/EngineMaterials/Substrate/GLints/dict_16_192_64_0p5_0p02_0062_0005" 7694
"/Engine/EngineMaterials/Substrate/GLints/dict_16_192_64_0p5_0p02_0062_0004" 7695
"/Engine/EngineMaterials/Substrate/GLints/dict_16_192_64_0p5_0p02_0062_0003" 7696
"/Engine/EngineMaterials/Substrate/GLints/dict_16_192_64_0p5_0p02_0062_0002" 7697
"/Engine/EngineMaterials/Substrate/GLints/dict_16_192_64_0p5_0p02_0062_0001" 7698
"/Engine/EngineMaterials/Substrate/GLints/dict_16_192_64_0p5_0p02_0062_0000" 7699
"../../../Engine/Content/EngineMaterials/Substrate/Glints2/dict_0000_0000.uasset" 7700
"../../../Engine/Content/EngineMaterials/Substrate/Glints2/dict_0000_0002.uasset" 7701
"../../../Engine/Content/EngineMaterials/Substrate/Glints2/dict_0000_0006.uasset" 7702
"../../../Engine/Content/EngineMaterials/Substrate/Glints2/dict_0000_0009.uasset" 7703
"../../../Engine/Content/EngineMaterials/Substrate/GLints/AGlintTex2dArray.uasset" 7704
"../../../Engine/Content/EngineMaterials/Substrate/Glints2/dict_0000_0004.uasset" 7705
"/Engine/EngineMaterials/Substrate/GLints/dict_16_192_64_0p5_0p02_0063_0015" 7706
"../../../Engine/Content/EngineMaterials/Substrate/Glints2/dict_0000_0005.uasset" 7707
"../../../Engine/Content/EngineMaterials/Substrate/Glints2/dict_0000_0007.uasset" 7708
"../../../Engine/Content/EngineMaterials/Substrate/Glints2/dict_0000_0008.uasset" 7709
"../../../Engine/Content/EngineMaterials/Substrate/Glints2/dict_0000_0003.uasset" 7710
"../../../Engine/Content/EngineMaterials/Substrate/Glints2/dict_0000_0010.uasset" 7711
"../../../Engine/Content/EngineMaterials/Substrate/Glints2/dict_0000_0011.uasset" 7712
"../../../Engine/Content/EngineMaterials/Substrate/Glints2/dict_0000_0001.uasset" 7713
"../../../Engine/Content/EngineMaterials/Substrate/Glints2/dict_0000_0012.uasset" 7714
"/Engine/EngineMaterials/Substrate/GLints/dict_16_192_64_0p5_0p02_0063_0014" 7715
"/Engine/EngineMaterials/Substrate/GLints/dict_16_192_64_0p5_0p02_0063_0013" 7716
"/Engine/EngineMaterials/Substrate/GLints/dict_16_192_64_0p5_0p02_0063_0012" 7717
"/Engine/EngineMaterials/Substrate/GLints/dict_16_192_64_0p5_0p02_0063_0011" 7718
"/Engine/EngineMaterials/Substrate/GLints/dict_16_192_64_0p5_0p02_0063_0010" 7719
"/Engine/EngineMaterials/Substrate/GLints/dict_16_192_64_0p5_0p02_0063_0009" 7720
"/Engine/EngineMaterials/Substrate/GLints/dict_16_192_64_0p5_0p02_0063_0008" 7721
"/Engine/EngineMaterials/Substrate/GLints/dict_16_192_64_0p5_0p02_0063_0007" 7722
"/Engine/EngineMaterials/Substrate/GLints/dict_16_192_64_0p5_0p02_0063_0006" 7723
"/Engine/EngineMaterials/Substrate/GLints/dict_16_192_64_0p5_0p02_0063_0005" 7724
"/Engine/EngineMaterials/Substrate/GLints/dict_16_192_64_0p5_0p02_0063_0004" 7725
"/Engine/EngineMaterials/Substrate/GLints/dict_16_192_64_0p5_0p02_0063_0003" 7726
"/Engine/EngineMaterials/Substrate/GLints/dict_16_192_64_0p5_0p02_0063_0002" 7727
"/Engine/EngineMaterials/Substrate/GLints/dict_16_192_64_0p5_0p02_0063_0001" 7728
"/Engine/EngineMaterials/Substrate/GLints/dict_16_192_64_0p5_0p02_0063_0000" 7729
"/Engine/EngineMaterials/Substrate/GLints/dict_16_192_64_0p5_0p02_0062_0015" 7730
"/Engine/EngineMaterials/Substrate/GLints/dict_16_192_64_0p5_0p02_0062_0014" 7731
"../../../Engine/Content/EngineMaterials/Substrate/Glints2/dict_0000_0015.uasset" 7732
"../../../Engine/Content/EngineMaterials/Substrate/Glints2/dict_0000_0018.uasset" 7733
"../../../Engine/Content/EngineMaterials/Substrate/Glints2/dict_0000_0022.uasset" 7734
"/Engine/EngineMaterials/Substrate/Glints2/dict_0000_0012" 7735
"../../../Engine/Content/EngineMaterials/Substrate/Glints2/dict_0000_0017.uasset" 7736
"../../../Engine/Content/EngineMaterials/Substrate/Glints2/dict_0000_0014.uasset" 7737
"../../../Engine/Content/EngineMaterials/Substrate/Glints2/dict_0000_0016.uasset" 7738
"../../../Engine/Content/EngineMaterials/Substrate/Glints2/dict_0000_0021.uasset" 7739
"../../../Engine/Content/EngineMaterials/Substrate/Glints2/dict_0000_0013.uasset" 7740
"../../../Engine/Content/EngineMaterials/Substrate/Glints2/dict_0000_0019.uasset" 7741
"../../../Engine/Content/EngineMaterials/Substrate/Glints2/dict_0000_0025.uasset" 7742
"../../../Engine/Content/EngineMaterials/Substrate/Glints2/dict_0000_0023.uasset" 7743
"../../../Engine/Content/EngineMaterials/Substrate/Glints2/dict_0000_0024.uasset" 7744
"../../../Engine/Content/EngineMaterials/Substrate/Glints2/dict_0000_0026.uasset" 7745
"../../../Engine/Content/EngineMaterials/Substrate/Glints2/dict_0000_0020.uasset" 7746
"/Engine/EngineMaterials/Substrate/Glints2/dict_0000_0011" 7747
"../../../Engine/Content/EngineMaterials/Substrate/Glints2/dict_0000_0028.uasset" 7748
"../../../Engine/Content/EngineMaterials/Substrate/Glints2/dict_0000_0029.uasset" 7749
"../../../Engine/Content/EngineMaterials/Substrate/Glints2/dict_0000_0030.uasset" 7750
"/Engine/EngineMaterials/Substrate/Glints2/dict_0000_0010" 7751
"../../../Engine/Content/EngineMaterials/Substrate/Glints2/dict_0000_0027.uasset" 7752
"/Engine/EngineMaterials/Substrate/Glints2/dict_0000_0009" 7753
"/Engine/EngineMaterials/Substrate/Glints2/dict_0000_0008" 7754
"/Engine/EngineMaterials/Substrate/Glints2/dict_0000_0007" 7755
"/Engine/EngineMaterials/Substrate/Glints2/dict_0000_0006" 7756
"/Engine/EngineMaterials/Substrate/Glints2/dict_0000_0005" 7757
"/Engine/EngineMaterials/Substrate/Glints2/dict_0000_0004" 7758
"/Engine/EngineMaterials/Substrate/Glints2/dict_0000_0003" 7759
"/Engine/EngineMaterials/Substrate/Glints2/dict_0000_0002" 7760
"/Engine/EngineMaterials/Substrate/Glints2/dict_0000_0001" 7761
"/Engine/EngineMaterials/Substrate/Glints2/dict_0000_0000" 7762
"/Engine/EngineMaterials/Substrate/GLints/AGlintTex2dArray" 7763
"../../../Engine/Content/EngineMaterials/Substrate/Glints2/dict_0000_0031.uasset" 7764
"../../../Engine/Content/EngineMaterials/Substrate/Glints2/dict_0000_0032.uasset" 7765
"../../../Engine/Content/EngineMaterials/Substrate/Glints2/dict_0000_0036.uasset" 7766
"../../../Engine/Content/EngineMaterials/Substrate/Glints2/dict_0000_0033.uasset" 7767
"../../../Engine/Content/EngineMaterials/Substrate/Glints2/dict_0000_0038.uasset" 7768
"../../../Engine/Content/EngineMaterials/Substrate/Glints2/dict_0000_0039.uasset" 7769
"../../../Engine/Content/EngineMaterials/Substrate/Glints2/dict_0000_0040.uasset" 7770
"../../../Engine/Content/EngineMaterials/Substrate/Glints2/dict_0000_0034.uasset" 7771
"../../../Engine/Content/EngineMaterials/Substrate/Glints2/dict_0000_0037.uasset" 7772
"../../../Engine/Content/EngineMaterials/Substrate/Glints2/dict_0000_0035.uasset" 7773
"../../../Engine/Content/EngineMaterials/Substrate/Glints2/dict_0000_0042.uasset" 7774
"../../../Engine/Content/EngineMaterials/Substrate/Glints2/dict_0000_0041.uasset" 7775
"../../../Engine/Content/EngineMaterials/Substrate/Glints2/dict_0000_0043.uasset" 7776
"../../../Engine/Content/EngineMaterials/Substrate/Glints2/dict_0000_0044.uasset" 7777
"/Engine/EngineMaterials/Substrate/Glints2/dict_0000_0030" 7778
"/Engine/EngineMaterials/Substrate/Glints2/dict_0000_0029" 7779
"/Engine/EngineMaterials/Substrate/Glints2/dict_0000_0028" 7780
"/Engine/EngineMaterials/Substrate/Glints2/dict_0000_0027" 7781
"/Engine/EngineMaterials/Substrate/Glints2/dict_0000_0026" 7782
"/Engine/EngineMaterials/Substrate/Glints2/dict_0000_0025" 7783
"/Engine/EngineMaterials/Substrate/Glints2/dict_0000_0024" 7784
"/Engine/EngineMaterials/Substrate/Glints2/dict_0000_0023" 7785
"/Engine/EngineMaterials/Substrate/Glints2/dict_0000_0022" 7786
"/Engine/EngineMaterials/Substrate/Glints2/dict_0000_0021" 7787
"/Engine/EngineMaterials/Substrate/Glints2/dict_0000_0020" 7788
"/Engine/EngineMaterials/Substrate/Glints2/dict_0000_0019" 7789
"/Engine/EngineMaterials/Substrate/Glints2/dict_0000_0018" 7790
"/Engine/EngineMaterials/Substrate/Glints2/dict_0000_0017" 7791
"/Engine/EngineMaterials/Substrate/Glints2/dict_0000_0016" 7792
"/Engine/EngineMaterials/Substrate/Glints2/dict_0000_0015" 7793
"/Engine/EngineMaterials/Substrate/Glints2/dict_0000_0014" 7794
"/Engine/EngineMaterials/Substrate/Glints2/dict_0000_0013" 7795
"../../../Engine/Content/EngineMaterials/Substrate/Glints2/dict_0000_0046.uasset" 7796
"../../../Engine/Content/EngineMaterials/Substrate/Glints2/dict_0000_0045.uasset" 7797
"../../../Engine/Content/EngineMaterials/Substrate/Glints2/dict_0000_0051.uasset" 7798
"../../../Engine/Content/EngineMaterials/Substrate/Glints2/dict_0000_0052.uasset" 7799
"../../../Engine/Content/EngineMaterials/Substrate/Glints2/dict_0000_0050.uasset" 7800
"/Engine/EngineMaterials/Substrate/Glints2/dict_0000_0044" 7801
"../../../Engine/Content/EngineMaterials/Substrate/Glints2/dict_0000_0054.uasset" 7802
"../../../Engine/Content/EngineMaterials/Substrate/Glints2/dict_0000_0055.uasset" 7803
"../../../Engine/Content/EngineMaterials/Substrate/Glints2/dict_0000_0056.uasset" 7804
"../../../Engine/Content/EngineMaterials/Substrate/Glints2/dict_0000_0057.uasset" 7805
"../../../Engine/Content/EngineMaterials/Substrate/Glints2/dict_0000_0049.uasset" 7806
"../../../Engine/Content/EngineMaterials/Substrate/Glints2/dict_0000_0048.uasset" 7807
"../../../Engine/Content/EngineMaterials/Substrate/Glints2/dict_0000_0058.uasset" 7808
"../../../Engine/Content/EngineMaterials/Substrate/Glints2/dict_0000_0047.uasset" 7809
"/Engine/EngineMaterials/Substrate/Glints2/dict_0000_0043" 7810
"../../../Engine/Content/EngineMaterials/Substrate/Glints2/dict_0000_0060.uasset" 7811
"../../../Engine/Content/EngineMaterials/Substrate/Glints2/dict_0000_0059.uasset" 7812
"../../../Engine/Content/EngineMaterials/Substrate/Glints2/dict_0000_0061.uasset" 7813
"../../../Engine/Content/EngineMaterials/Substrate/Glints2/dict_0000_0053.uasset" 7814
"../../../Engine/Content/EngineMaterials/Substrate/Glints2/dict_0000_0062.uasset" 7815
"/Engine/EngineMaterials/Substrate/Glints2/dict_0000_0042" 7816
"/Engine/EngineMaterials/Substrate/Glints2/dict_0000_0041" 7817
"/Engine/EngineMaterials/Substrate/Glints2/dict_0000_0040" 7818
"/Engine/EngineMaterials/Substrate/Glints2/dict_0000_0039" 7819
"/Engine/EngineMaterials/Substrate/Glints2/dict_0000_0038" 7820
"/Engine/EngineMaterials/Substrate/Glints2/dict_0000_0037" 7821
"/Engine/EngineMaterials/Substrate/Glints2/dict_0000_0036" 7822
"/Engine/EngineMaterials/Substrate/Glints2/dict_0000_0035" 7823
"/Engine/EngineMaterials/Substrate/Glints2/dict_0000_0034" 7824
"/Engine/EngineMaterials/Substrate/Glints2/dict_0000_0033" 7825
"/Engine/EngineMaterials/Substrate/Glints2/dict_0000_0032" 7826
"/Engine/EngineMaterials/Substrate/Glints2/dict_0000_0031" 7827
"/Engine/EngineMaterials/Substrate/Glints2/dict_0000_0062" 7828
"../../../Engine/Content/EngineMaterials/Substrate/Glints2/dict_0000_0069.uasset" 7829
"../../../Engine/Content/EngineMaterials/Substrate/Glints2/dict_0000_0063.uasset" 7830
"../../../Engine/Content/EngineMaterials/Substrate/Glints2/dict_0000_0067.uasset" 7831
"../../../Engine/Content/EngineMaterials/Substrate/Glints2/dict_0000_0064.uasset" 7832
"../../../Engine/Content/EngineMaterials/Substrate/Glints2/dict_0000_0070.uasset" 7833
"../../../Engine/Content/EngineMaterials/Substrate/Glints2/dict_0000_0066.uasset" 7834
"/Engine/EngineMaterials/Substrate/Glints2/dict_0000_0061" 7835
"../../../Engine/Content/EngineMaterials/Substrate/Glints2/dict_0000_0065.uasset" 7836
"../../../Engine/Content/EngineMaterials/Substrate/Glints2/dict_0000_0074.uasset" 7837
"../../../Engine/Content/EngineMaterials/Substrate/Glints2/dict_0000_0076.uasset" 7838
"../../../Engine/Content/EngineMaterials/Substrate/Glints2/dict_0000_0068.uasset" 7839
"../../../Engine/Content/EngineMaterials/Substrate/Glints2/dict_0000_0073.uasset" 7840
"../../../Engine/Content/EngineMaterials/Substrate/Glints2/dict_0000_0071.uasset" 7841
"../../../Engine/Content/EngineMaterials/Substrate/Glints2/dict_0000_0072.uasset" 7842
"../../../Engine/Content/EngineMaterials/Substrate/Glints2/dict_0000_0075.uasset" 7843
"/Engine/EngineMaterials/Substrate/Glints2/dict_0000_0060" 7844
"/Engine/EngineMaterials/Substrate/Glints2/dict_0000_0059" 7845
"/Engine/EngineMaterials/Substrate/Glints2/dict_0000_0058" 7846
"/Engine/EngineMaterials/Substrate/Glints2/dict_0000_0057" 7847
"/Engine/EngineMaterials/Substrate/Glints2/dict_0000_0056" 7848
"/Engine/EngineMaterials/Substrate/Glints2/dict_0000_0055" 7849
"/Engine/EngineMaterials/Substrate/Glints2/dict_0000_0054" 7850
"/Engine/EngineMaterials/Substrate/Glints2/dict_0000_0053" 7851
"/Engine/EngineMaterials/Substrate/Glints2/dict_0000_0052" 7852
"/Engine/EngineMaterials/Substrate/Glints2/dict_0000_0051" 7853
"/Engine/EngineMaterials/Substrate/Glints2/dict_0000_0050" 7854
"/Engine/EngineMaterials/Substrate/Glints2/dict_0000_0049" 7855
"/Engine/EngineMaterials/Substrate/Glints2/dict_0000_0048" 7856
"/Engine/EngineMaterials/Substrate/Glints2/dict_0000_0047" 7857
"/Engine/EngineMaterials/Substrate/Glints2/dict_0000_0046" 7858
"/Engine/EngineMaterials/Substrate/Glints2/dict_0000_0045" 7859
"../../../Engine/Content/EngineMaterials/Substrate/Glints2/dict_0000_0080.uasset" 7860
"../../../Engine/Content/EngineMaterials/Substrate/Glints2/dict_0000_0086.uasset" 7861
"../../../Engine/Content/EngineMaterials/Substrate/Glints2/dict_0000_0077.uasset" 7862
"../../../Engine/Content/EngineMaterials/Substrate/Glints2/dict_0000_0088.uasset" 7863
"../../../Engine/Content/EngineMaterials/Substrate/Glints2/dict_0000_0084.uasset" 7864
"../../../Engine/Content/EngineMaterials/Substrate/Glints2/dict_0000_0085.uasset" 7865
"../../../Engine/Content/EngineMaterials/Substrate/Glints2/dict_0000_0079.uasset" 7866
"../../../Engine/Content/EngineMaterials/Substrate/Glints2/dict_0000_0083.uasset" 7867
"/Engine/EngineMaterials/Substrate/Glints2/dict_0000_0076" 7868
"../../../Engine/Content/EngineMaterials/Substrate/Glints2/dict_0000_0087.uasset" 7869
"../../../Engine/Content/EngineMaterials/Substrate/Glints2/dict_0000_0089.uasset" 7870
"/Engine/EngineMaterials/Substrate/Glints2/dict_0000_0075" 7871
"../../../Engine/Content/EngineMaterials/Substrate/Glints2/dict_0000_0081.uasset" 7872
"../../../Engine/Content/EngineMaterials/Substrate/Glints2/dict_0000_0091.uasset" 7873
"/Engine/EngineMaterials/Substrate/Glints2/dict_0000_0074" 7874
"../../../Engine/Content/EngineMaterials/Substrate/Glints2/dict_0000_0078.uasset" 7875
"../../../Engine/Content/EngineMaterials/Substrate/Glints2/dict_0000_0092.uasset" 7876
"../../../Engine/Content/EngineMaterials/Substrate/Glints2/dict_0000_0093.uasset" 7877
"../../../Engine/Content/EngineMaterials/Substrate/Glints2/dict_0000_0090.uasset" 7878
"../../../Engine/Content/EngineMaterials/Substrate/Glints2/dict_0000_0094.uasset" 7879
"/Engine/EngineMaterials/Substrate/Glints2/dict_0000_0073" 7880
"../../../Engine/Content/EngineMaterials/Substrate/Glints2/dict_0000_0082.uasset" 7881
"/Engine/EngineMaterials/Substrate/Glints2/dict_0000_0072" 7882
"/Engine/EngineMaterials/Substrate/Glints2/dict_0000_0071" 7883
"/Engine/EngineMaterials/Substrate/Glints2/dict_0000_0070" 7884
"/Engine/EngineMaterials/Substrate/Glints2/dict_0000_0069" 7885
"/Engine/EngineMaterials/Substrate/Glints2/dict_0000_0068" 7886
"/Engine/EngineMaterials/Substrate/Glints2/dict_0000_0067" 7887
"/Engine/EngineMaterials/Substrate/Glints2/dict_0000_0066" 7888
"/Engine/EngineMaterials/Substrate/Glints2/dict_0000_0065" 7889
"/Engine/EngineMaterials/Substrate/Glints2/dict_0000_0064" 7890
"/Engine/EngineMaterials/Substrate/Glints2/dict_0000_0063" 7891
"../../../Engine/Content/EngineMaterials/Substrate/Glints2/dict_0000_0096.uasset" 7892
"../../../Engine/Content/EngineMaterials/Substrate/Glints2/dict_0000_0098.uasset" 7893
"../../../Engine/Content/EngineMaterials/Substrate/Glints2/dict_0000_0101.uasset" 7894
"../../../Engine/Content/EngineMaterials/Substrate/Glints2/dict_0000_0097.uasset" 7895
"../../../Engine/Content/EngineMaterials/Substrate/Glints2/dict_0000_0102.uasset" 7896
"../../../Engine/Content/EngineMaterials/Substrate/Glints2/dict_0000_0103.uasset" 7897
"../../../Engine/Content/EngineMaterials/Substrate/Glints2/dict_0000_0099.uasset" 7898
"../../../Engine/Content/EngineMaterials/Substrate/Glints2/dict_0000_0104.uasset" 7899
"../../../Engine/Content/EngineMaterials/Substrate/Glints2/dict_0000_0095.uasset" 7900
"../../../Engine/Content/EngineMaterials/Substrate/Glints2/dict_0000_0106.uasset" 7901
"../../../Engine/Content/EngineMaterials/Substrate/Glints2/dict_0000_0100.uasset" 7902
"../../../Engine/Content/EngineMaterials/Substrate/Glints2/dict_0000_0107.uasset" 7903
"../../../Engine/Content/EngineMaterials/Substrate/Glints2/dict_0000_0105.uasset" 7904
"/Engine/EngineMaterials/Substrate/Glints2/dict_0000_0094" 7905
"../../../Engine/Content/EngineMaterials/Substrate/Glints2/dict_0000_0108.uasset" 7906
"/Engine/EngineMaterials/Substrate/Glints2/dict_0000_0093" 7907
"/Engine/EngineMaterials/Substrate/Glints2/dict_0000_0092" 7908
"/Engine/EngineMaterials/Substrate/Glints2/dict_0000_0091" 7909
"/Engine/EngineMaterials/Substrate/Glints2/dict_0000_0090" 7910
"/Engine/EngineMaterials/Substrate/Glints2/dict_0000_0089" 7911
"/Engine/EngineMaterials/Substrate/Glints2/dict_0000_0088" 7912
"/Engine/EngineMaterials/Substrate/Glints2/dict_0000_0087" 7913
"/Engine/EngineMaterials/Substrate/Glints2/dict_0000_0086" 7914
"/Engine/EngineMaterials/Substrate/Glints2/dict_0000_0085" 7915
"/Engine/EngineMaterials/Substrate/Glints2/dict_0000_0084" 7916
"/Engine/EngineMaterials/Substrate/Glints2/dict_0000_0083" 7917
"/Engine/EngineMaterials/Substrate/Glints2/dict_0000_0082" 7918
"/Engine/EngineMaterials/Substrate/Glints2/dict_0000_0081" 7919
"/Engine/EngineMaterials/Substrate/Glints2/dict_0000_0080" 7920
"/Engine/EngineMaterials/Substrate/Glints2/dict_0000_0079" 7921
"/Engine/EngineMaterials/Substrate/Glints2/dict_0000_0078" 7922
"/Engine/EngineMaterials/Substrate/Glints2/dict_0000_0077" 7923
"../../../Engine/Content/EngineMaterials/Substrate/Glints2/dict_0000_0111.uasset" 7924
"../../../Engine/Content/EngineMaterials/Substrate/Glints2/dict_0000_0113.uasset" 7925
"../../../Engine/Content/EngineMaterials/Substrate/Glints2/dict_0000_0114.uasset" 7926
"../../../Engine/Content/EngineMaterials/Substrate/Glints2/dict_0000_0110.uasset" 7927
"/Engine/EngineMaterials/Substrate/Glints2/dict_0000_0108" 7928
"../../../Engine/Content/EngineMaterials/Substrate/Glints2/dict_0000_0116.uasset" 7929
"../../../Engine/Content/EngineMaterials/Substrate/Glints2/dict_0000_0117.uasset" 7930
"../../../Engine/Content/EngineMaterials/Substrate/Glints2/dict_0000_0115.uasset" 7931
"../../../Engine/Content/EngineMaterials/Substrate/Glints2/dict_0000_0109.uasset" 7932
"../../../Engine/Content/EngineMaterials/Substrate/Glints2/dict_0000_0112.uasset" 7933
"../../../Engine/Content/EngineMaterials/Substrate/Glints2/dict_0000_0119.uasset" 7934
"../../../Engine/Content/EngineMaterials/Substrate/Glints2/dict_0000_0118.uasset" 7935
"../../../Engine/Content/EngineMaterials/Substrate/Glints2/dict_0000_0120.uasset" 7936
"../../../Engine/Content/EngineMaterials/Substrate/Glints2/dict_0000_0121.uasset" 7937
"../../../Engine/Content/EngineMaterials/Substrate/Glints2/dict_0000_0122.uasset" 7938
"/Engine/EngineMaterials/Substrate/Glints2/dict_0000_0107" 7939
"../../../Engine/Content/EngineMaterials/Substrate/Glints2/dict_0000_0123.uasset" 7940
"/Engine/EngineMaterials/Substrate/Glints2/dict_0000_0106" 7941
"../../../Engine/Content/EngineMaterials/Substrate/Glints2/dict_0000_0124.uasset" 7942
"../../../Engine/Content/EngineMaterials/Substrate/Glints2/dict_0000_0125.uasset" 7943
"../../../Engine/Content/EngineMaterials/Substrate/Glints2/dict_0000_0126.uasset" 7944
"/Engine/EngineMaterials/Substrate/Glints2/dict_0000_0105" 7945
"/Engine/EngineMaterials/Substrate/Glints2/dict_0000_0104" 7946
"/Engine/EngineMaterials/Substrate/Glints2/dict_0000_0103" 7947
"/Engine/EngineMaterials/Substrate/Glints2/dict_0000_0102" 7948
"/Engine/EngineMaterials/Substrate/Glints2/dict_0000_0101" 7949
"/Engine/EngineMaterials/Substrate/Glints2/dict_0000_0100" 7950
"/Engine/EngineMaterials/Substrate/Glints2/dict_0000_0099" 7951
"/Engine/EngineMaterials/Substrate/Glints2/dict_0000_0098" 7952
"/Engine/EngineMaterials/Substrate/Glints2/dict_0000_0097" 7953
"/Engine/EngineMaterials/Substrate/Glints2/dict_0000_0096" 7954
"/Engine/EngineMaterials/Substrate/Glints2/dict_0000_0095" 7955
"../../../Engine/Content/EngineMaterials/Substrate/Glints2/dict_0000_0131.uasset" 7956
"../../../Engine/Content/EngineMaterials/Substrate/Glints2/dict_0000_0129.uasset" 7957
"../../../Engine/Content/EngineMaterials/Substrate/Glints2/dict_0000_0134.uasset" 7958
"../../../Engine/Content/EngineMaterials/Substrate/Glints2/dict_0000_0132.uasset" 7959
"../../../Engine/Content/EngineMaterials/Substrate/Glints2/dict_0000_0135.uasset" 7960
"../../../Engine/Content/EngineMaterials/Substrate/Glints2/dict_0000_0137.uasset" 7961
"../../../Engine/Content/EngineMaterials/Substrate/Glints2/dict_0000_0133.uasset" 7962
"../../../Engine/Content/EngineMaterials/Substrate/Glints2/dict_0000_0140.uasset" 7963
"../../../Engine/Content/EngineMaterials/Substrate/Glints2/dict_0000_0128.uasset" 7964
"../../../Engine/Content/EngineMaterials/Substrate/Glints2/dict_0000_0138.uasset" 7965
"/Engine/EngineMaterials/Substrate/Glints2/dict_0000_0126" 7966
"../../../Engine/Content/EngineMaterials/Substrate/Glints2/dict_0000_0127.uasset" 7967
"../../../Engine/Content/EngineMaterials/Substrate/Glints2/dict_0000_0139.uasset" 7968
"../../../Engine/Content/EngineMaterials/Substrate/Glints2/dict_0000_0136.uasset" 7969
"../../../Engine/Content/EngineMaterials/Substrate/Glints2/dict_0000_0130.uasset" 7970
"/Engine/EngineMaterials/Substrate/Glints2/dict_0000_0125" 7971
"/Engine/EngineMaterials/Substrate/Glints2/dict_0000_0124" 7972
"/Engine/EngineMaterials/Substrate/Glints2/dict_0000_0123" 7973
"/Engine/EngineMaterials/Substrate/Glints2/dict_0000_0122" 7974
"/Engine/EngineMaterials/Substrate/Glints2/dict_0000_0121" 7975
"/Engine/EngineMaterials/Substrate/Glints2/dict_0000_0120" 7976
"/Engine/EngineMaterials/Substrate/Glints2/dict_0000_0119" 7977
"/Engine/EngineMaterials/Substrate/Glints2/dict_0000_0118" 7978
"/Engine/EngineMaterials/Substrate/Glints2/dict_0000_0117" 7979
"/Engine/EngineMaterials/Substrate/Glints2/dict_0000_0116" 7980
"/Engine/EngineMaterials/Substrate/Glints2/dict_0000_0115" 7981
"/Engine/EngineMaterials/Substrate/Glints2/dict_0000_0114" 7982
"/Engine/EngineMaterials/Substrate/Glints2/dict_0000_0113" 7983
"/Engine/EngineMaterials/Substrate/Glints2/dict_0000_0112" 7984
"/Engine/EngineMaterials/Substrate/Glints2/dict_0000_0111" 7985
"/Engine/EngineMaterials/Substrate/Glints2/dict_0000_0110" 7986
"/Engine/EngineMaterials/Substrate/Glints2/dict_0000_0109" 7987
"../../../Engine/Content/EngineMaterials/Substrate/Glints2/dict_0000_0142.uasset" 7988
"../../../Engine/Content/EngineMaterials/Substrate/Glints2/dict_0000_0146.uasset" 7989
"../../../Engine/Content/EngineMaterials/Substrate/Glints2/dict_0000_0144.uasset" 7990
"../../../Engine/Content/EngineMaterials/Substrate/Glints2/dict_0000_0153.uasset" 7991
"../../../Engine/Content/EngineMaterials/Substrate/Glints2/dict_0000_0149.uasset" 7992
"../../../Engine/Content/EngineMaterials/Substrate/Glints2/dict_0000_0143.uasset" 7993
"../../../Engine/Content/EngineMaterials/Substrate/Glints2/dict_0000_0141.uasset" 7994
"/Engine/EngineMaterials/Substrate/Glints2/dict_0000_0140" 7995
"../../../Engine/Content/EngineMaterials/Substrate/Glints2/dict_0000_0152.uasset" 7996
"../../../Engine/Content/EngineMaterials/Substrate/Glints2/dict_0000_0154.uasset" 7997
"../../../Engine/Content/EngineMaterials/Substrate/Glints2/dict_0000_0151.uasset" 7998
"../../../Engine/Content/EngineMaterials/Substrate/Glints2/dict_0000_0148.uasset" 7999
"../../../Engine/Content/EngineMaterials/Substrate/Glints2/dict_0000_0145.uasset" 8000
"../../../Engine/Content/EngineMaterials/Substrate/Glints2/dict_0000_0147.uasset" 8001
"../../../Engine/Content/EngineMaterials/Substrate/Glints2/dict_0000_0150.uasset" 8002
"../../../Engine/Content/EngineMaterials/Substrate/Glints2/dict_0000_0156.uasset" 8003
"../../../Engine/Content/EngineMaterials/Substrate/Glints2/dict_0000_0155.uasset" 8004
"../../../Engine/Content/EngineMaterials/Substrate/Glints2/dict_0000_0158.uasset" 8005
"../../../Engine/Content/EngineMaterials/Substrate/Glints2/dict_0000_0157.uasset" 8006
"/Engine/EngineMaterials/Substrate/Glints2/dict_0000_0139" 8007
"/Engine/EngineMaterials/Substrate/Glints2/dict_0000_0138" 8008
"/Engine/EngineMaterials/Substrate/Glints2/dict_0000_0137" 8009
"/Engine/EngineMaterials/Substrate/Glints2/dict_0000_0136" 8010
"/Engine/EngineMaterials/Substrate/Glints2/dict_0000_0135" 8011
"/Engine/EngineMaterials/Substrate/Glints2/dict_0000_0134" 8012
"/Engine/EngineMaterials/Substrate/Glints2/dict_0000_0133" 8013
"/Engine/EngineMaterials/Substrate/Glints2/dict_0000_0132" 8014
"/Engine/EngineMaterials/Substrate/Glints2/dict_0000_0131" 8015
"/Engine/EngineMaterials/Substrate/Glints2/dict_0000_0130" 8016
"/Engine/EngineMaterials/Substrate/Glints2/dict_0000_0129" 8017
"/Engine/EngineMaterials/Substrate/Glints2/dict_0000_0128" 8018
"/Engine/EngineMaterials/Substrate/Glints2/dict_0000_0127" 8019
"../../../Engine/Content/EngineMaterials/Substrate/Glints2/dict_0000_0161.uasset" 8020
"../../../Engine/Content/EngineMaterials/Substrate/Glints2/dict_0000_0164.uasset" 8021
"../../../Engine/Content/EngineMaterials/Substrate/Glints2/dict_0000_0165.uasset" 8022
"/Engine/EngineMaterials/Substrate/Glints2/dict_0000_0158" 8023
"../../../Engine/Content/EngineMaterials/Substrate/Glints2/dict_0000_0168.uasset" 8024
"../../../Engine/Content/EngineMaterials/Substrate/Glints2/dict_0000_0167.uasset" 8025
"../../../Engine/Content/EngineMaterials/Substrate/Glints2/dict_0000_0160.uasset" 8026
"../../../Engine/Content/EngineMaterials/Substrate/Glints2/dict_0000_0159.uasset" 8027
"../../../Engine/Content/EngineMaterials/Substrate/Glints2/dict_0000_0169.uasset" 8028
"../../../Engine/Content/EngineMaterials/Substrate/Glints2/dict_0000_0166.uasset" 8029
"../../../Engine/Content/EngineMaterials/Substrate/Glints2/dict_0000_0162.uasset" 8030
"../../../Engine/Content/EngineMaterials/Substrate/Glints2/dict_0000_0171.uasset" 8031
"../../../Engine/Content/EngineMaterials/Substrate/Glints2/dict_0000_0163.uasset" 8032
"../../../Engine/Content/EngineMaterials/Substrate/Glints2/dict_0000_0172.uasset" 8033
"/Engine/EngineMaterials/Substrate/Glints2/dict_0000_0157" 8034
"../../../Engine/Content/EngineMaterials/Substrate/Glints2/dict_0000_0170.uasset" 8035
"/Engine/EngineMaterials/Substrate/Glints2/dict_0000_0156" 8036
"/Engine/EngineMaterials/Substrate/Glints2/dict_0000_0155" 8037
"/Engine/EngineMaterials/Substrate/Glints2/dict_0000_0154" 8038
"/Engine/EngineMaterials/Substrate/Glints2/dict_0000_0153" 8039
"/Engine/EngineMaterials/Substrate/Glints2/dict_0000_0152" 8040
"/Engine/EngineMaterials/Substrate/Glints2/dict_0000_0151" 8041
"/Engine/EngineMaterials/Substrate/Glints2/dict_0000_0150" 8042
"/Engine/EngineMaterials/Substrate/Glints2/dict_0000_0149" 8043
"/Engine/EngineMaterials/Substrate/Glints2/dict_0000_0148" 8044
"/Engine/EngineMaterials/Substrate/Glints2/dict_0000_0147" 8045
"/Engine/EngineMaterials/Substrate/Glints2/dict_0000_0146" 8046
"/Engine/EngineMaterials/Substrate/Glints2/dict_0000_0145" 8047
"/Engine/EngineMaterials/Substrate/Glints2/dict_0000_0144" 8048
"/Engine/EngineMaterials/Substrate/Glints2/dict_0000_0143" 8049
"/Engine/EngineMaterials/Substrate/Glints2/dict_0000_0142" 8050
"/Engine/EngineMaterials/Substrate/Glints2/dict_0000_0141" 8051
"../../../Engine/Content/EngineMaterials/Substrate/Glints2/dict_0000_0175.uasset" 8052
"../../../Engine/Content/EngineMaterials/Substrate/Glints2/dict_0000_0174.uasset" 8053
"/Engine/EngineMaterials/Substrate/Glints2/dict_0000_0172" 8054
"../../../Engine/Content/EngineMaterials/Substrate/Glints2/dict_0000_0173.uasset" 8055
"../../../Engine/Content/EngineMaterials/Substrate/Glints2/dict_0000_0176.uasset" 8056
"../../../Engine/Content/EngineMaterials/Substrate/Glints2/dict_0000_0177.uasset" 8057
"../../../Engine/Content/EngineMaterials/Substrate/Glints2/dict_0000_0178.uasset" 8058
"../../../Engine/Content/EngineMaterials/Substrate/Glints2/dict_0000_0179.uasset" 8059
"../../../Engine/Content/EngineMaterials/Substrate/Glints2/dict_0000_0180.uasset" 8060
"/Engine/EngineMaterials/Substrate/Glints2/dict_0000_0171" 8061
"../../../Engine/Content/EngineMaterials/Substrate/Glints2/dict_0000_0182.uasset" 8062
"../../../Engine/Content/EngineMaterials/Substrate/Glints2/dict_0000_0183.uasset" 8063
"../../../Engine/Content/EngineMaterials/Substrate/Glints2/dict_0000_0185.uasset" 8064
"../../../Engine/Content/EngineMaterials/Substrate/Glints2/dict_0000_0184.uasset" 8065
"../../../Engine/Content/EngineMaterials/Substrate/Glints2/dict_0000_0187.uasset" 8066
"../../../Engine/Content/EngineMaterials/Substrate/Glints2/dict_0000_0181.uasset" 8067
"../../../Engine/Content/EngineMaterials/Substrate/Glints2/dict_0000_0188.uasset" 8068
"../../../Engine/Content/EngineMaterials/Substrate/Glints2/dict_0000_0186.uasset" 8069
"../../../Engine/Content/EngineMaterials/Substrate/Glints2/dict_0000_0189.uasset" 8070
"/Engine/EngineMaterials/Substrate/Glints2/dict_0000_0170" 8071
"../../../Engine/Content/EngineMaterials/Substrate/Glints2/dict_0000_0190.uasset" 8072
"/Engine/EngineMaterials/Substrate/Glints2/dict_0000_0169" 8073
"/Engine/EngineMaterials/Substrate/Glints2/dict_0000_0168" 8074
"/Engine/EngineMaterials/Substrate/Glints2/dict_0000_0167" 8075
"/Engine/EngineMaterials/Substrate/Glints2/dict_0000_0166" 8076
"/Engine/EngineMaterials/Substrate/Glints2/dict_0000_0165" 8077
"/Engine/EngineMaterials/Substrate/Glints2/dict_0000_0164" 8078
"/Engine/EngineMaterials/Substrate/Glints2/dict_0000_0163" 8079
"/Engine/EngineMaterials/Substrate/Glints2/dict_0000_0162" 8080
"/Engine/EngineMaterials/Substrate/Glints2/dict_0000_0161" 8081
"/Engine/EngineMaterials/Substrate/Glints2/dict_0000_0160" 8082
"/Engine/EngineMaterials/Substrate/Glints2/dict_0000_0159" 8083
"../../../Engine/Content/EngineMaterials/Substrate/Glints2/dict_0000_0192.uasset" 8084
"/Engine/EngineMaterials/Substrate/Glints2/dict_0000_0190" 8085
"../../../Engine/Content/EngineMaterials/Substrate/Glints2/dict_0000_0194.uasset" 8086
"../../../Engine/Content/EngineMaterials/Substrate/Glints2/dict_0000_0193.uasset" 8087
"/Engine/EngineMaterials/Substrate/Glints2/dict_0000_0189" 8088
"../../../Engine/Content/EngineMaterials/Substrate/Glints2/dict_0000_0195.uasset" 8089
"../../../Engine/Content/EngineMaterials/Substrate/Glints2/dict_0000_0191.uasset" 8090
"/Engine/EngineMaterials/Substrate/Glints2/dict_0000_0188" 8091
"../../../Engine/Content/EngineMaterials/Substrate/Glints2/dict_0000_0196.uasset" 8092
"../../../Engine/Content/EngineMaterials/Substrate/Glints2/dict_0000_0197.uasset" 8093
"../../../Engine/Content/EngineMaterials/Substrate/Glints2/dict_0000_0198.uasset" 8094
"/Engine/EngineMaterials/Substrate/Glints2/dict_0000_0187" 8095
"../../../Engine/Content/EngineMaterials/Substrate/Glints2/dict_0000_0199.uasset" 8096
"../../../Engine/Content/EngineMaterials/Substrate/Glints2/dict_0000_0200.uasset" 8097
"../../../Engine/Content/EngineMaterials/Substrate/Glints2/dict_0000_0203.uasset" 8098
"../../../Engine/Content/EngineMaterials/Substrate/Glints2/dict_0000_0202.uasset" 8099
"../../../Engine/Content/EngineMaterials/Substrate/Glints2/dict_0000_0204.uasset" 8100
"/Engine/EngineMaterials/Substrate/Glints2/dict_0000_0186" 8101
"../../../Engine/Content/EngineMaterials/Substrate/Glints2/dict_0000_0201.uasset" 8102
"/Engine/EngineMaterials/Substrate/Glints2/dict_0000_0185" 8103
"/Engine/EngineMaterials/Substrate/Glints2/dict_0000_0184" 8104
"/Engine/EngineMaterials/Substrate/Glints2/dict_0000_0183" 8105
"/Engine/EngineMaterials/Substrate/Glints2/dict_0000_0182" 8106
"/Engine/EngineMaterials/Substrate/Glints2/dict_0000_0181" 8107
"/Engine/EngineMaterials/Substrate/Glints2/dict_0000_0180" 8108
"/Engine/EngineMaterials/Substrate/Glints2/dict_0000_0179" 8109
"/Engine/EngineMaterials/Substrate/Glints2/dict_0000_0178" 8110
"/Engine/EngineMaterials/Substrate/Glints2/dict_0000_0177" 8111
"/Engine/EngineMaterials/Substrate/Glints2/dict_0000_0176" 8112
"/Engine/EngineMaterials/Substrate/Glints2/dict_0000_0175" 8113
"/Engine/EngineMaterials/Substrate/Glints2/dict_0000_0174" 8114
"/Engine/EngineMaterials/Substrate/Glints2/dict_0000_0173" 8115
"../../../Engine/Content/EngineMaterials/Substrate/Glints2/dict_0000_0206.uasset" 8116
"../../../Engine/Content/EngineMaterials/Substrate/Glints2/dict_0000_0210.uasset" 8117
"../../../Engine/Content/EngineMaterials/Substrate/Glints2/dict_0000_0211.uasset" 8118
"/Engine/EngineMaterials/Substrate/Glints2/dict_0000_0204" 8119
"../../../Engine/Content/EngineMaterials/Substrate/Glints2/dict_0000_0209.uasset" 8120
"../../../Engine/Content/EngineMaterials/Substrate/Glints2/dict_0000_0212.uasset" 8121
"../../../Engine/Content/EngineMaterials/Substrate/Glints2/dict_0000_0213.uasset" 8122
"../../../Engine/Content/EngineMaterials/Substrate/Glints2/dict_0000_0214.uasset" 8123
"../../../Engine/Content/EngineMaterials/Substrate/Glints2/dict_0000_0216.uasset" 8124
"../../../Engine/Content/EngineMaterials/Substrate/Glints2/dict_0000_0217.uasset" 8125
"../../../Engine/Content/EngineMaterials/Substrate/Glints2/dict_0000_0207.uasset" 8126
"../../../Engine/Content/EngineMaterials/Substrate/Glints2/dict_0000_0215.uasset" 8127
"../../../Engine/Content/EngineMaterials/Substrate/Glints2/dict_0000_0218.uasset" 8128
"../../../Engine/Content/EngineMaterials/Substrate/Glints2/dict_0000_0208.uasset" 8129
"../../../Engine/Content/EngineMaterials/Substrate/Glints2/dict_0000_0205.uasset" 8130
"/Engine/EngineMaterials/Substrate/Glints2/dict_0000_0203" 8131
"../../../Engine/Content/EngineMaterials/Substrate/Glints2/dict_0000_0219.uasset" 8132
"../../../Engine/Content/EngineMaterials/Substrate/Glints2/dict_0000_0220.uasset" 8133
"../../../Engine/Content/EngineMaterials/Substrate/Glints2/dict_0000_0221.uasset" 8134
"../../../Engine/Content/EngineMaterials/Substrate/Glints2/dict_0000_0222.uasset" 8135
"/Engine/EngineMaterials/Substrate/Glints2/dict_0000_0202" 8136
"/Engine/EngineMaterials/Substrate/Glints2/dict_0000_0201" 8137
"/Engine/EngineMaterials/Substrate/Glints2/dict_0000_0200" 8138
"/Engine/EngineMaterials/Substrate/Glints2/dict_0000_0199" 8139
"/Engine/EngineMaterials/Substrate/Glints2/dict_0000_0198" 8140
"/Engine/EngineMaterials/Substrate/Glints2/dict_0000_0197" 8141
"/Engine/EngineMaterials/Substrate/Glints2/dict_0000_0196" 8142
"/Engine/EngineMaterials/Substrate/Glints2/dict_0000_0195" 8143
"/Engine/EngineMaterials/Substrate/Glints2/dict_0000_0194" 8144
"/Engine/EngineMaterials/Substrate/Glints2/dict_0000_0193" 8145
"/Engine/EngineMaterials/Substrate/Glints2/dict_0000_0192" 8146
"/Engine/EngineMaterials/Substrate/Glints2/dict_0000_0191" 8147
"../../../Engine/Content/EngineMaterials/Substrate/Glints2/dict_0000_0228.uasset" 8148
"../../../Engine/Content/EngineMaterials/Substrate/Glints2/dict_0000_0231.uasset" 8149
"../../../Engine/Content/EngineMaterials/Substrate/Glints2/dict_0000_0233.uasset" 8150
"../../../Engine/Content/EngineMaterials/Substrate/Glints2/dict_0000_0226.uasset" 8151
"../../../Engine/Content/EngineMaterials/Substrate/Glints2/dict_0000_0224.uasset" 8152
"../../../Engine/Content/EngineMaterials/Substrate/Glints2/dict_0000_0234.uasset" 8153
"../../../Engine/Content/EngineMaterials/Substrate/Glints2/dict_0000_0227.uasset" 8154
"../../../Engine/Content/EngineMaterials/Substrate/Glints2/dict_0000_0236.uasset" 8155
"../../../Engine/Content/EngineMaterials/Substrate/Glints2/dict_0000_0223.uasset" 8156
"/Engine/EngineMaterials/Substrate/Glints2/dict_0000_0222" 8157
"../../../Engine/Content/EngineMaterials/Substrate/Glints2/dict_0000_0235.uasset" 8158
"../../../Engine/Content/EngineMaterials/Substrate/Glints2/dict_0000_0229.uasset" 8159
"../../../Engine/Content/EngineMaterials/Substrate/Glints2/dict_0000_0225.uasset" 8160
"../../../Engine/Content/EngineMaterials/Substrate/Glints2/dict_0000_0232.uasset" 8161
"../../../Engine/Content/EngineMaterials/Substrate/Glints2/dict_0000_0230.uasset" 8162
"/Engine/EngineMaterials/Substrate/Glints2/dict_0000_0221" 8163
"/Engine/EngineMaterials/Substrate/Glints2/dict_0000_0220" 8164
"/Engine/EngineMaterials/Substrate/Glints2/dict_0000_0219" 8165
"/Engine/EngineMaterials/Substrate/Glints2/dict_0000_0218" 8166
"/Engine/EngineMaterials/Substrate/Glints2/dict_0000_0217" 8167
"/Engine/EngineMaterials/Substrate/Glints2/dict_0000_0216" 8168
"/Engine/EngineMaterials/Substrate/Glints2/dict_0000_0215" 8169
"/Engine/EngineMaterials/Substrate/Glints2/dict_0000_0214" 8170
"/Engine/EngineMaterials/Substrate/Glints2/dict_0000_0213" 8171
"/Engine/EngineMaterials/Substrate/Glints2/dict_0000_0212" 8172
"/Engine/EngineMaterials/Substrate/Glints2/dict_0000_0211" 8173
"/Engine/EngineMaterials/Substrate/Glints2/dict_0000_0210" 8174
"/Engine/EngineMaterials/Substrate/Glints2/dict_0000_0209" 8175
"/Engine/EngineMaterials/Substrate/Glints2/dict_0000_0208" 8176
"/Engine/EngineMaterials/Substrate/Glints2/dict_0000_0207" 8177
"/Engine/EngineMaterials/Substrate/Glints2/dict_0000_0206" 8178
"/Engine/EngineMaterials/Substrate/Glints2/dict_0000_0205" 8179
"../../../Engine/Content/EngineMaterials/Substrate/Glints2/dict_0000_0241.uasset" 8180
"../../../Engine/Content/EngineMaterials/Substrate/Glints2/dict_0000_0239.uasset" 8181
"/Engine/EngineMaterials/Substrate/Glints2/dict_0000_0236" 8182
"../../../Engine/Content/EngineMaterials/Substrate/Glints2/dict_0000_0247.uasset" 8183
"../../../Engine/Content/EngineMaterials/Substrate/Glints2/dict_0000_0244.uasset" 8184
"../../../Engine/Content/EngineMaterials/Substrate/Glints2/dict_0000_0243.uasset" 8185
"../../../Engine/Content/EngineMaterials/Substrate/Glints2/dict_0000_0245.uasset" 8186
"../../../Engine/Content/EngineMaterials/Substrate/Glints2/dict_0000_0242.uasset" 8187
"../../../Engine/Content/EngineMaterials/Substrate/Glints2/dict_0000_0248.uasset" 8188
"../../../Engine/Content/EngineMaterials/Substrate/Glints2/dict_0000_0250.uasset" 8189
"../../../Engine/Content/EngineMaterials/Substrate/Glints2/dict_0000_0249.uasset" 8190
"../../../Engine/Content/EngineMaterials/Substrate/Glints2/dict_0000_0246.uasset" 8191
"../../../Engine/Content/EngineMaterials/Substrate/Glints2/dict_0000_0251.uasset" 8192
"../../../Engine/Content/EngineMaterials/Substrate/Glints2/dict_0000_0252.uasset" 8193
"../../../Engine/Content/EngineMaterials/Substrate/Glints2/dict_0000_0254.uasset" 8194
"../../../Engine/Content/EngineMaterials/Substrate/Glints2/dict_0000_0253.uasset" 8195
"../../../Engine/Content/EngineMaterials/Substrate/Glints2/dict_0000_0238.uasset" 8196
"../../../Engine/Content/EngineMaterials/Substrate/Glints2/dict_0000_0240.uasset" 8197
"../../../Engine/Content/EngineMaterials/Substrate/Glints2/dict_0000_0237.uasset" 8198
"/Engine/EngineMaterials/Substrate/Glints2/dict_0000_0235" 8199
"/Engine/EngineMaterials/Substrate/Glints2/dict_0000_0234" 8200
"/Engine/EngineMaterials/Substrate/Glints2/dict_0000_0233" 8201
"/Engine/EngineMaterials/Substrate/Glints2/dict_0000_0232" 8202
"/Engine/EngineMaterials/Substrate/Glints2/dict_0000_0231" 8203
"/Engine/EngineMaterials/Substrate/Glints2/dict_0000_0230" 8204
"/Engine/EngineMaterials/Substrate/Glints2/dict_0000_0229" 8205
"/Engine/EngineMaterials/Substrate/Glints2/dict_0000_0228" 8206
"/Engine/EngineMaterials/Substrate/Glints2/dict_0000_0227" 8207
"/Engine/EngineMaterials/Substrate/Glints2/dict_0000_0226" 8208
"/Engine/EngineMaterials/Substrate/Glints2/dict_0000_0225" 8209
"/Engine/EngineMaterials/Substrate/Glints2/dict_0000_0224" 8210
"/Engine/EngineMaterials/Substrate/Glints2/dict_0000_0223" 8211
"../../../Engine/Content/EngineMaterials/Substrate/Glints2/dict_0001_0001.uasset" 8212
"../../../Engine/Content/EngineMaterials/Substrate/Glints2/dict_0001_0007.uasset" 8213
"../../../Engine/Content/EngineMaterials/Substrate/Glints2/dict_0001_0005.uasset" 8214
"/Engine/EngineMaterials/Substrate/Glints2/dict_0000_0254" 8215
"../../../Engine/Content/EngineMaterials/Substrate/Glints2/dict_0001_0006.uasset" 8216
"../../../Engine/Content/EngineMaterials/Substrate/Glints2/dict_0001_0010.uasset" 8217
"../../../Engine/Content/EngineMaterials/Substrate/Glints2/dict_0001_0012.uasset" 8218
"../../../Engine/Content/EngineMaterials/Substrate/Glints2/dict_0001_0009.uasset" 8219
"../../../Engine/Content/EngineMaterials/Substrate/Glints2/dict_0001_0008.uasset" 8220
"../../../Engine/Content/EngineMaterials/Substrate/Glints2/dict_0001_0003.uasset" 8221
"../../../Engine/Content/EngineMaterials/Substrate/Glints2/dict_0001_0011.uasset" 8222
"../../../Engine/Content/EngineMaterials/Substrate/Glints2/dict_0001_0000.uasset" 8223
"../../../Engine/Content/EngineMaterials/Substrate/Glints2/dict_0000_0255.uasset" 8224
"../../../Engine/Content/EngineMaterials/Substrate/Glints2/dict_0001_0002.uasset" 8225
"../../../Engine/Content/EngineMaterials/Substrate/Glints2/dict_0001_0004.uasset" 8226
"/Engine/EngineMaterials/Substrate/Glints2/dict_0000_0253" 8227
"/Engine/EngineMaterials/Substrate/Glints2/dict_0000_0252" 8228
"/Engine/EngineMaterials/Substrate/Glints2/dict_0000_0251" 8229
"/Engine/EngineMaterials/Substrate/Glints2/dict_0000_0250" 8230
"/Engine/EngineMaterials/Substrate/Glints2/dict_0000_0249" 8231
"/Engine/EngineMaterials/Substrate/Glints2/dict_0000_0248" 8232
"/Engine/EngineMaterials/Substrate/Glints2/dict_0000_0247" 8233
"/Engine/EngineMaterials/Substrate/Glints2/dict_0000_0246" 8234
"/Engine/EngineMaterials/Substrate/Glints2/dict_0000_0245" 8235
"/Engine/EngineMaterials/Substrate/Glints2/dict_0000_0244" 8236
"/Engine/EngineMaterials/Substrate/Glints2/dict_0000_0243" 8237
"/Engine/EngineMaterials/Substrate/Glints2/dict_0000_0242" 8238
"/Engine/EngineMaterials/Substrate/Glints2/dict_0000_0241" 8239
"/Engine/EngineMaterials/Substrate/Glints2/dict_0000_0240" 8240
"/Engine/EngineMaterials/Substrate/Glints2/dict_0000_0239" 8241
"/Engine/EngineMaterials/Substrate/Glints2/dict_0000_0238" 8242
"/Engine/EngineMaterials/Substrate/Glints2/dict_0000_0237" 8243
"../../../Engine/Content/EngineMaterials/Substrate/Glints2/dict_0001_0014.uasset" 8244
"../../../Engine/Content/EngineMaterials/Substrate/Glints2/dict_0001_0018.uasset" 8245
"../../../Engine/Content/EngineMaterials/Substrate/Glints2/dict_0001_0013.uasset" 8246
"../../../Engine/Content/EngineMaterials/Substrate/Glints2/dict_0001_0020.uasset" 8247
"../../../Engine/Content/EngineMaterials/Substrate/Glints2/dict_0001_0021.uasset" 8248
"../../../Engine/Content/EngineMaterials/Substrate/Glints2/dict_0001_0022.uasset" 8249
"../../../Engine/Content/EngineMaterials/Substrate/Glints2/dict_0001_0019.uasset" 8250
"../../../Engine/Content/EngineMaterials/Substrate/Glints2/dict_0001_0025.uasset" 8251
"../../../Engine/Content/EngineMaterials/Substrate/Glints2/dict_0001_0023.uasset" 8252
"../../../Engine/Content/EngineMaterials/Substrate/Glints2/dict_0001_0026.uasset" 8253
"../../../Engine/Content/EngineMaterials/Substrate/Glints2/dict_0001_0017.uasset" 8254
"/Engine/EngineMaterials/Substrate/Glints2/dict_0001_0012" 8255
"../../../Engine/Content/EngineMaterials/Substrate/Glints2/dict_0001_0016.uasset" 8256
"../../../Engine/Content/EngineMaterials/Substrate/Glints2/dict_0001_0027.uasset" 8257
"../../../Engine/Content/EngineMaterials/Substrate/Glints2/dict_0001_0028.uasset" 8258
"../../../Engine/Content/EngineMaterials/Substrate/Glints2/dict_0001_0030.uasset" 8259
"../../../Engine/Content/EngineMaterials/Substrate/Glints2/dict_0001_0015.uasset" 8260
"../../../Engine/Content/EngineMaterials/Substrate/Glints2/dict_0001_0024.uasset" 8261
"../../../Engine/Content/EngineMaterials/Substrate/Glints2/dict_0001_0029.uasset" 8262
"/Engine/EngineMaterials/Substrate/Glints2/dict_0001_0011" 8263
"/Engine/EngineMaterials/Substrate/Glints2/dict_0001_0010" 8264
"/Engine/EngineMaterials/Substrate/Glints2/dict_0001_0009" 8265
"/Engine/EngineMaterials/Substrate/Glints2/dict_0001_0008" 8266
"/Engine/EngineMaterials/Substrate/Glints2/dict_0001_0007" 8267
"/Engine/EngineMaterials/Substrate/Glints2/dict_0001_0006" 8268
"/Engine/EngineMaterials/Substrate/Glints2/dict_0001_0005" 8269
"/Engine/EngineMaterials/Substrate/Glints2/dict_0001_0004" 8270
"/Engine/EngineMaterials/Substrate/Glints2/dict_0001_0003" 8271
"/Engine/EngineMaterials/Substrate/Glints2/dict_0001_0002" 8272
"/Engine/EngineMaterials/Substrate/Glints2/dict_0001_0001" 8273
"/Engine/EngineMaterials/Substrate/Glints2/dict_0001_0000" 8274
"/Engine/EngineMaterials/Substrate/Glints2/dict_0000_0255" 8275
"../../../Engine/Content/EngineMaterials/Substrate/Glints2/dict_0001_0036.uasset" 8276
"../../../Engine/Content/EngineMaterials/Substrate/Glints2/dict_0001_0037.uasset" 8277
"../../../Engine/Content/EngineMaterials/Substrate/Glints2/dict_0001_0031.uasset" 8278
"../../../Engine/Content/EngineMaterials/Substrate/Glints2/dict_0001_0039.uasset" 8279
"/Engine/EngineMaterials/Substrate/Glints2/dict_0001_0030" 8280
"../../../Engine/Content/EngineMaterials/Substrate/Glints2/dict_0001_0043.uasset" 8281
"../../../Engine/Content/EngineMaterials/Substrate/Glints2/dict_0001_0038.uasset" 8282
"../../../Engine/Content/EngineMaterials/Substrate/Glints2/dict_0001_0044.uasset" 8283
"../../../Engine/Content/EngineMaterials/Substrate/Glints2/dict_0001_0040.uasset" 8284
"../../../Engine/Content/EngineMaterials/Substrate/Glints2/dict_0001_0041.uasset" 8285
"../../../Engine/Content/EngineMaterials/Substrate/Glints2/dict_0001_0035.uasset" 8286
"../../../Engine/Content/EngineMaterials/Substrate/Glints2/dict_0001_0034.uasset" 8287
"../../../Engine/Content/EngineMaterials/Substrate/Glints2/dict_0001_0033.uasset" 8288
"../../../Engine/Content/EngineMaterials/Substrate/Glints2/dict_0001_0042.uasset" 8289
"../../../Engine/Content/EngineMaterials/Substrate/Glints2/dict_0001_0032.uasset" 8290
"/Engine/EngineMaterials/Substrate/Glints2/dict_0001_0029" 8291
"/Engine/EngineMaterials/Substrate/Glints2/dict_0001_0028" 8292
"/Engine/EngineMaterials/Substrate/Glints2/dict_0001_0027" 8293
"/Engine/EngineMaterials/Substrate/Glints2/dict_0001_0026" 8294
"/Engine/EngineMaterials/Substrate/Glints2/dict_0001_0025" 8295
"/Engine/EngineMaterials/Substrate/Glints2/dict_0001_0024" 8296
"/Engine/EngineMaterials/Substrate/Glints2/dict_0001_0023" 8297
"/Engine/EngineMaterials/Substrate/Glints2/dict_0001_0022" 8298
"/Engine/EngineMaterials/Substrate/Glints2/dict_0001_0021" 8299
"/Engine/EngineMaterials/Substrate/Glints2/dict_0001_0020" 8300
"/Engine/EngineMaterials/Substrate/Glints2/dict_0001_0019" 8301
"/Engine/EngineMaterials/Substrate/Glints2/dict_0001_0018" 8302
"/Engine/EngineMaterials/Substrate/Glints2/dict_0001_0017" 8303
"/Engine/EngineMaterials/Substrate/Glints2/dict_0001_0016" 8304
"/Engine/EngineMaterials/Substrate/Glints2/dict_0001_0015" 8305
"/Engine/EngineMaterials/Substrate/Glints2/dict_0001_0014" 8306
"/Engine/EngineMaterials/Substrate/Glints2/dict_0001_0013" 8307
"/Engine/EngineMaterials/Substrate/Glints2/dict_0001_0044" 8308
"../../../Engine/Content/EngineMaterials/Substrate/Glints2/dict_0001_0045.uasset" 8309
"../../../Engine/Content/EngineMaterials/Substrate/Glints2/dict_0001_0046.uasset" 8310
"../../../Engine/Content/EngineMaterials/Substrate/Glints2/dict_0001_0047.uasset" 8311
"../../../Engine/Content/EngineMaterials/Substrate/Glints2/dict_0001_0049.uasset" 8312
"../../../Engine/Content/EngineMaterials/Substrate/Glints2/dict_0001_0051.uasset" 8313
"../../../Engine/Content/EngineMaterials/Substrate/Glints2/dict_0001_0048.uasset" 8314
"../../../Engine/Content/EngineMaterials/Substrate/Glints2/dict_0001_0052.uasset" 8315
"/Engine/EngineMaterials/Substrate/Glints2/dict_0001_0043" 8316
"../../../Engine/Content/EngineMaterials/Substrate/Glints2/dict_0001_0050.uasset" 8317
"../../../Engine/Content/EngineMaterials/Substrate/Glints2/dict_0001_0053.uasset" 8318
"../../../Engine/Content/EngineMaterials/Substrate/Glints2/dict_0001_0054.uasset" 8319
"../../../Engine/Content/EngineMaterials/Substrate/Glints2/dict_0001_0055.uasset" 8320
"../../../Engine/Content/EngineMaterials/Substrate/Glints2/dict_0001_0056.uasset" 8321
"../../../Engine/Content/EngineMaterials/Substrate/Glints2/dict_0001_0057.uasset" 8322
"../../../Engine/Content/EngineMaterials/Substrate/Glints2/dict_0001_0058.uasset" 8323
"/Engine/EngineMaterials/Substrate/Glints2/dict_0001_0042" 8324
"../../../Engine/Content/EngineMaterials/Substrate/Glints2/dict_0001_0059.uasset" 8325
"../../../Engine/Content/EngineMaterials/Substrate/Glints2/dict_0001_0061.uasset" 8326
"../../../Engine/Content/EngineMaterials/Substrate/Glints2/dict_0001_0060.uasset" 8327
"../../../Engine/Content/EngineMaterials/Substrate/Glints2/dict_0001_0062.uasset" 8328
"/Engine/EngineMaterials/Substrate/Glints2/dict_0001_0041" 8329
"/Engine/EngineMaterials/Substrate/Glints2/dict_0001_0040" 8330
"/Engine/EngineMaterials/Substrate/Glints2/dict_0001_0039" 8331
"/Engine/EngineMaterials/Substrate/Glints2/dict_0001_0038" 8332
"/Engine/EngineMaterials/Substrate/Glints2/dict_0001_0037" 8333
"/Engine/EngineMaterials/Substrate/Glints2/dict_0001_0036" 8334
"/Engine/EngineMaterials/Substrate/Glints2/dict_0001_0035" 8335
"/Engine/EngineMaterials/Substrate/Glints2/dict_0001_0034" 8336
"/Engine/EngineMaterials/Substrate/Glints2/dict_0001_0033" 8337
"/Engine/EngineMaterials/Substrate/Glints2/dict_0001_0032" 8338
"/Engine/EngineMaterials/Substrate/Glints2/dict_0001_0031" 8339
"../../../Engine/Content/EngineMaterials/Substrate/Glints2/dict_0001_0066.uasset" 8340
"../../../Engine/Content/EngineMaterials/Substrate/Glints2/dict_0001_0065.uasset" 8341
"../../../Engine/Content/EngineMaterials/Substrate/Glints2/dict_0001_0068.uasset" 8342
"../../../Engine/Content/EngineMaterials/Substrate/Glints2/dict_0001_0067.uasset" 8343
"../../../Engine/Content/EngineMaterials/Substrate/Glints2/dict_0001_0070.uasset" 8344
"../../../Engine/Content/EngineMaterials/Substrate/Glints2/dict_0001_0069.uasset" 8345
"../../../Engine/Content/EngineMaterials/Substrate/Glints2/dict_0001_0071.uasset" 8346
"../../../Engine/Content/EngineMaterials/Substrate/Glints2/dict_0001_0072.uasset" 8347
"../../../Engine/Content/EngineMaterials/Substrate/Glints2/dict_0001_0063.uasset" 8348
"../../../Engine/Content/EngineMaterials/Substrate/Glints2/dict_0001_0073.uasset" 8349
"../../../Engine/Content/EngineMaterials/Substrate/Glints2/dict_0001_0074.uasset" 8350
"../../../Engine/Content/EngineMaterials/Substrate/Glints2/dict_0001_0075.uasset" 8351
"../../../Engine/Content/EngineMaterials/Substrate/Glints2/dict_0001_0076.uasset" 8352
"/Engine/EngineMaterials/Substrate/Glints2/dict_0001_0062" 8353
"../../../Engine/Content/EngineMaterials/Substrate/Glints2/dict_0001_0064.uasset" 8354
"/Engine/EngineMaterials/Substrate/Glints2/dict_0001_0061" 8355
"/Engine/EngineMaterials/Substrate/Glints2/dict_0001_0060" 8356
"/Engine/EngineMaterials/Substrate/Glints2/dict_0001_0059" 8357
"/Engine/EngineMaterials/Substrate/Glints2/dict_0001_0058" 8358
"/Engine/EngineMaterials/Substrate/Glints2/dict_0001_0057" 8359
"/Engine/EngineMaterials/Substrate/Glints2/dict_0001_0056" 8360
"/Engine/EngineMaterials/Substrate/Glints2/dict_0001_0055" 8361
"/Engine/EngineMaterials/Substrate/Glints2/dict_0001_0054" 8362
"/Engine/EngineMaterials/Substrate/Glints2/dict_0001_0053" 8363
"/Engine/EngineMaterials/Substrate/Glints2/dict_0001_0052" 8364
"/Engine/EngineMaterials/Substrate/Glints2/dict_0001_0051" 8365
"/Engine/EngineMaterials/Substrate/Glints2/dict_0001_0050" 8366
"/Engine/EngineMaterials/Substrate/Glints2/dict_0001_0049" 8367
"/Engine/EngineMaterials/Substrate/Glints2/dict_0001_0048" 8368
"/Engine/EngineMaterials/Substrate/Glints2/dict_0001_0047" 8369
"/Engine/EngineMaterials/Substrate/Glints2/dict_0001_0046" 8370
"/Engine/EngineMaterials/Substrate/Glints2/dict_0001_0045" 8371
"../../../Engine/Content/EngineMaterials/Substrate/Glints2/dict_0001_0079.uasset" 8372
"../../../Engine/Content/EngineMaterials/Substrate/Glints2/dict_0001_0083.uasset" 8373
"../../../Engine/Content/EngineMaterials/Substrate/Glints2/dict_0001_0085.uasset" 8374
"../../../Engine/Content/EngineMaterials/Substrate/Glints2/dict_0001_0086.uasset" 8375
"../../../Engine/Content/EngineMaterials/Substrate/Glints2/dict_0001_0087.uasset" 8376
"../../../Engine/Content/EngineMaterials/Substrate/Glints2/dict_0001_0088.uasset" 8377
"/Engine/EngineMaterials/Substrate/Glints2/dict_0001_0076" 8378
"../../../Engine/Content/EngineMaterials/Substrate/Glints2/dict_0001_0084.uasset" 8379
"../../../Engine/Content/EngineMaterials/Substrate/Glints2/dict_0001_0082.uasset" 8380
"../../../Engine/Content/EngineMaterials/Substrate/Glints2/dict_0001_0089.uasset" 8381
"../../../Engine/Content/EngineMaterials/Substrate/Glints2/dict_0001_0078.uasset" 8382
"../../../Engine/Content/EngineMaterials/Substrate/Glints2/dict_0001_0090.uasset" 8383
"../../../Engine/Content/EngineMaterials/Substrate/Glints2/dict_0001_0081.uasset" 8384
"../../../Engine/Content/EngineMaterials/Substrate/Glints2/dict_0001_0091.uasset" 8385
"../../../Engine/Content/EngineMaterials/Substrate/Glints2/dict_0001_0092.uasset" 8386
"../../../Engine/Content/EngineMaterials/Substrate/Glints2/dict_0001_0093.uasset" 8387
"../../../Engine/Content/EngineMaterials/Substrate/Glints2/dict_0001_0094.uasset" 8388
"../../../Engine/Content/EngineMaterials/Substrate/Glints2/dict_0001_0077.uasset" 8389
"../../../Engine/Content/EngineMaterials/Substrate/Glints2/dict_0001_0080.uasset" 8390
"/Engine/EngineMaterials/Substrate/Glints2/dict_0001_0075" 8391
"/Engine/EngineMaterials/Substrate/Glints2/dict_0001_0074" 8392
"/Engine/EngineMaterials/Substrate/Glints2/dict_0001_0073" 8393
"/Engine/EngineMaterials/Substrate/Glints2/dict_0001_0072" 8394
"/Engine/EngineMaterials/Substrate/Glints2/dict_0001_0071" 8395
"/Engine/EngineMaterials/Substrate/Glints2/dict_0001_0070" 8396
"/Engine/EngineMaterials/Substrate/Glints2/dict_0001_0069" 8397
"/Engine/EngineMaterials/Substrate/Glints2/dict_0001_0068" 8398
"/Engine/EngineMaterials/Substrate/Glints2/dict_0001_0067" 8399
"/Engine/EngineMaterials/Substrate/Glints2/dict_0001_0066" 8400
"/Engine/EngineMaterials/Substrate/Glints2/dict_0001_0065" 8401
"/Engine/EngineMaterials/Substrate/Glints2/dict_0001_0064" 8402
"/Engine/EngineMaterials/Substrate/Glints2/dict_0001_0063" 8403
"../../../Engine/Content/EngineMaterials/Substrate/Glints2/dict_0001_0095.uasset" 8404
"../../../Engine/Content/EngineMaterials/Substrate/Glints2/dict_0001_0100.uasset" 8405
"../../../Engine/Content/EngineMaterials/Substrate/Glints2/dict_0001_0099.uasset" 8406
"/Engine/EngineMaterials/Substrate/Glints2/dict_0001_0094" 8407
"../../../Engine/Content/EngineMaterials/Substrate/Glints2/dict_0001_0104.uasset" 8408
"../../../Engine/Content/EngineMaterials/Substrate/Glints2/dict_0001_0105.uasset" 8409
"../../../Engine/Content/EngineMaterials/Substrate/Glints2/dict_0001_0102.uasset" 8410
"../../../Engine/Content/EngineMaterials/Substrate/Glints2/dict_0001_0106.uasset" 8411
"../../../Engine/Content/EngineMaterials/Substrate/Glints2/dict_0001_0103.uasset" 8412
"../../../Engine/Content/EngineMaterials/Substrate/Glints2/dict_0001_0096.uasset" 8413
"../../../Engine/Content/EngineMaterials/Substrate/Glints2/dict_0001_0107.uasset" 8414
"../../../Engine/Content/EngineMaterials/Substrate/Glints2/dict_0001_0101.uasset" 8415
"../../../Engine/Content/EngineMaterials/Substrate/Glints2/dict_0001_0108.uasset" 8416
"/Engine/EngineMaterials/Substrate/Glints2/dict_0001_0093" 8417
"../../../Engine/Content/EngineMaterials/Substrate/Glints2/dict_0001_0098.uasset" 8418
"/Engine/EngineMaterials/Substrate/Glints2/dict_0001_0092" 8419
"../../../Engine/Content/EngineMaterials/Substrate/Glints2/dict_0001_0097.uasset" 8420
"/Engine/EngineMaterials/Substrate/Glints2/dict_0001_0091" 8421
"/Engine/EngineMaterials/Substrate/Glints2/dict_0001_0090" 8422
"/Engine/EngineMaterials/Substrate/Glints2/dict_0001_0089" 8423
"/Engine/EngineMaterials/Substrate/Glints2/dict_0001_0088" 8424
"/Engine/EngineMaterials/Substrate/Glints2/dict_0001_0087" 8425
"/Engine/EngineMaterials/Substrate/Glints2/dict_0001_0086" 8426
"/Engine/EngineMaterials/Substrate/Glints2/dict_0001_0085" 8427
"/Engine/EngineMaterials/Substrate/Glints2/dict_0001_0084" 8428
"/Engine/EngineMaterials/Substrate/Glints2/dict_0001_0083" 8429
"/Engine/EngineMaterials/Substrate/Glints2/dict_0001_0082" 8430
"/Engine/EngineMaterials/Substrate/Glints2/dict_0001_0081" 8431
"/Engine/EngineMaterials/Substrate/Glints2/dict_0001_0080" 8432
"/Engine/EngineMaterials/Substrate/Glints2/dict_0001_0079" 8433
"/Engine/EngineMaterials/Substrate/Glints2/dict_0001_0078" 8434
"/Engine/EngineMaterials/Substrate/Glints2/dict_0001_0077" 8435
"../../../Engine/Content/EngineMaterials/Substrate/Glints2/dict_0001_0112.uasset" 8436
"../../../Engine/Content/EngineMaterials/Substrate/Glints2/dict_0001_0116.uasset" 8437
"../../../Engine/Content/EngineMaterials/Substrate/Glints2/dict_0001_0117.uasset" 8438
"../../../Engine/Content/EngineMaterials/Substrate/Glints2/dict_0001_0110.uasset" 8439
"/Engine/EngineMaterials/Substrate/Glints2/dict_0001_0108" 8440
"../../../Engine/Content/EngineMaterials/Substrate/Glints2/dict_0001_0119.uasset" 8441
"../../../Engine/Content/EngineMaterials/Substrate/Glints2/dict_0001_0120.uasset" 8442
"../../../Engine/Content/EngineMaterials/Substrate/Glints2/dict_0001_0122.uasset" 8443
"../../../Engine/Content/EngineMaterials/Substrate/Glints2/dict_0001_0114.uasset" 8444
"../../../Engine/Content/EngineMaterials/Substrate/Glints2/dict_0001_0121.uasset" 8445
"../../../Engine/Content/EngineMaterials/Substrate/Glints2/dict_0001_0109.uasset" 8446
"../../../Engine/Content/EngineMaterials/Substrate/Glints2/dict_0001_0111.uasset" 8447
"../../../Engine/Content/EngineMaterials/Substrate/Glints2/dict_0001_0118.uasset" 8448
"../../../Engine/Content/EngineMaterials/Substrate/Glints2/dict_0001_0113.uasset" 8449
"../../../Engine/Content/EngineMaterials/Substrate/Glints2/dict_0001_0115.uasset" 8450
"../../../Engine/Content/EngineMaterials/Substrate/Glints2/dict_0001_0124.uasset" 8451
"../../../Engine/Content/EngineMaterials/Substrate/Glints2/dict_0001_0123.uasset" 8452
"../../../Engine/Content/EngineMaterials/Substrate/Glints2/dict_0001_0126.uasset" 8453
"../../../Engine/Content/EngineMaterials/Substrate/Glints2/dict_0001_0125.uasset" 8454
"/Engine/EngineMaterials/Substrate/Glints2/dict_0001_0107" 8455
"/Engine/EngineMaterials/Substrate/Glints2/dict_0001_0106" 8456
"/Engine/EngineMaterials/Substrate/Glints2/dict_0001_0105" 8457
"/Engine/EngineMaterials/Substrate/Glints2/dict_0001_0104" 8458
"/Engine/EngineMaterials/Substrate/Glints2/dict_0001_0103" 8459
"/Engine/EngineMaterials/Substrate/Glints2/dict_0001_0102" 8460
"/Engine/EngineMaterials/Substrate/Glints2/dict_0001_0101" 8461
"/Engine/EngineMaterials/Substrate/Glints2/dict_0001_0100" 8462
"/Engine/EngineMaterials/Substrate/Glints2/dict_0001_0099" 8463
"/Engine/EngineMaterials/Substrate/Glints2/dict_0001_0098" 8464
"/Engine/EngineMaterials/Substrate/Glints2/dict_0001_0097" 8465
"/Engine/EngineMaterials/Substrate/Glints2/dict_0001_0096" 8466
"/Engine/EngineMaterials/Substrate/Glints2/dict_0001_0095" 8467
"../../../Engine/Content/EngineMaterials/Substrate/Glints2/dict_0001_0130.uasset" 8468
"../../../Engine/Content/EngineMaterials/Substrate/Glints2/dict_0001_0135.uasset" 8469
"../../../Engine/Content/EngineMaterials/Substrate/Glints2/dict_0001_0136.uasset" 8470
"../../../Engine/Content/EngineMaterials/Substrate/Glints2/dict_0001_0138.uasset" 8471
"../../../Engine/Content/EngineMaterials/Substrate/Glints2/dict_0001_0139.uasset" 8472
"../../../Engine/Content/EngineMaterials/Substrate/Glints2/dict_0001_0132.uasset" 8473
"/Engine/EngineMaterials/Substrate/Glints2/dict_0001_0126" 8474
"../../../Engine/Content/EngineMaterials/Substrate/Glints2/dict_0001_0137.uasset" 8475
"../../../Engine/Content/EngineMaterials/Substrate/Glints2/dict_0001_0128.uasset" 8476
"../../../Engine/Content/EngineMaterials/Substrate/Glints2/dict_0001_0129.uasset" 8477
"../../../Engine/Content/EngineMaterials/Substrate/Glints2/dict_0001_0133.uasset" 8478
"../../../Engine/Content/EngineMaterials/Substrate/Glints2/dict_0001_0134.uasset" 8479
"/Engine/EngineMaterials/Substrate/Glints2/dict_0001_0125" 8480
"../../../Engine/Content/EngineMaterials/Substrate/Glints2/dict_0001_0140.uasset" 8481
"/Engine/EngineMaterials/Substrate/Glints2/dict_0001_0124" 8482
"../../../Engine/Content/EngineMaterials/Substrate/Glints2/dict_0001_0127.uasset" 8483
"/Engine/EngineMaterials/Substrate/Glints2/dict_0001_0123" 8484
"../../../Engine/Content/EngineMaterials/Substrate/Glints2/dict_0001_0131.uasset" 8485
"/Engine/EngineMaterials/Substrate/Glints2/dict_0001_0122" 8486
"/Engine/EngineMaterials/Substrate/Glints2/dict_0001_0121" 8487
"/Engine/EngineMaterials/Substrate/Glints2/dict_0001_0120" 8488
"/Engine/EngineMaterials/Substrate/Glints2/dict_0001_0119" 8489
"/Engine/EngineMaterials/Substrate/Glints2/dict_0001_0118" 8490
"/Engine/EngineMaterials/Substrate/Glints2/dict_0001_0117" 8491
"/Engine/EngineMaterials/Substrate/Glints2/dict_0001_0116" 8492
"/Engine/EngineMaterials/Substrate/Glints2/dict_0001_0115" 8493
"/Engine/EngineMaterials/Substrate/Glints2/dict_0001_0114" 8494
"/Engine/EngineMaterials/Substrate/Glints2/dict_0001_0113" 8495
"/Engine/EngineMaterials/Substrate/Glints2/dict_0001_0112" 8496
"/Engine/EngineMaterials/Substrate/Glints2/dict_0001_0111" 8497
"/Engine/EngineMaterials/Substrate/Glints2/dict_0001_0110" 8498
"/Engine/EngineMaterials/Substrate/Glints2/dict_0001_0109" 8499
"../../../Engine/Content/EngineMaterials/Substrate/Glints2/dict_0001_0143.uasset" 8500
"../../../Engine/Content/EngineMaterials/Substrate/Glints2/dict_0001_0144.uasset" 8501
"../../../Engine/Content/EngineMaterials/Substrate/Glints2/dict_0001_0145.uasset" 8502
"../../../Engine/Content/EngineMaterials/Substrate/Glints2/dict_0001_0146.uasset" 8503
"../../../Engine/Content/EngineMaterials/Substrate/Glints2/dict_0001_0142.uasset" 8504
"../../../Engine/Content/EngineMaterials/Substrate/Glints2/dict_0001_0150.uasset" 8505
"../../../Engine/Content/EngineMaterials/Substrate/Glints2/dict_0001_0149.uasset" 8506
"../../../Engine/Content/EngineMaterials/Substrate/Glints2/dict_0001_0147.uasset" 8507
"../../../Engine/Content/EngineMaterials/Substrate/Glints2/dict_0001_0148.uasset" 8508
"../../../Engine/Content/EngineMaterials/Substrate/Glints2/dict_0001_0141.uasset" 8509
"/Engine/EngineMaterials/Substrate/Glints2/dict_0001_0140" 8510
"../../../Engine/Content/EngineMaterials/Substrate/Glints2/dict_0001_0151.uasset" 8511
"../../../Engine/Content/EngineMaterials/Substrate/Glints2/dict_0001_0152.uasset" 8512
"../../../Engine/Content/EngineMaterials/Substrate/Glints2/dict_0001_0153.uasset" 8513
"../../../Engine/Content/EngineMaterials/Substrate/Glints2/dict_0001_0154.uasset" 8514
"../../../Engine/Content/EngineMaterials/Substrate/Glints2/dict_0001_0155.uasset" 8515
"../../../Engine/Content/EngineMaterials/Substrate/Glints2/dict_0001_0157.uasset" 8516
"../../../Engine/Content/EngineMaterials/Substrate/Glints2/dict_0001_0156.uasset" 8517
"../../../Engine/Content/EngineMaterials/Substrate/Glints2/dict_0001_0158.uasset" 8518
"/Engine/EngineMaterials/Substrate/Glints2/dict_0001_0139" 8519
"/Engine/EngineMaterials/Substrate/Glints2/dict_0001_0138" 8520
"/Engine/EngineMaterials/Substrate/Glints2/dict_0001_0137" 8521
"/Engine/EngineMaterials/Substrate/Glints2/dict_0001_0136" 8522
"/Engine/EngineMaterials/Substrate/Glints2/dict_0001_0135" 8523
"/Engine/EngineMaterials/Substrate/Glints2/dict_0001_0134" 8524
"/Engine/EngineMaterials/Substrate/Glints2/dict_0001_0133" 8525
"/Engine/EngineMaterials/Substrate/Glints2/dict_0001_0132" 8526
"/Engine/EngineMaterials/Substrate/Glints2/dict_0001_0131" 8527
"/Engine/EngineMaterials/Substrate/Glints2/dict_0001_0130" 8528
"/Engine/EngineMaterials/Substrate/Glints2/dict_0001_0129" 8529
"/Engine/EngineMaterials/Substrate/Glints2/dict_0001_0128" 8530
"/Engine/EngineMaterials/Substrate/Glints2/dict_0001_0127" 8531
"../../../Engine/Content/EngineMaterials/Substrate/Glints2/dict_0001_0161.uasset" 8532
"../../../Engine/Content/EngineMaterials/Substrate/Glints2/dict_0001_0163.uasset" 8533
"../../../Engine/Content/EngineMaterials/Substrate/Glints2/dict_0001_0168.uasset" 8534
"../../../Engine/Content/EngineMaterials/Substrate/Glints2/dict_0001_0165.uasset" 8535
"../../../Engine/Content/EngineMaterials/Substrate/Glints2/dict_0001_0172.uasset" 8536
"../../../Engine/Content/EngineMaterials/Substrate/Glints2/dict_0001_0171.uasset" 8537
"../../../Engine/Content/EngineMaterials/Substrate/Glints2/dict_0001_0164.uasset" 8538
"../../../Engine/Content/EngineMaterials/Substrate/Glints2/dict_0001_0160.uasset" 8539
"../../../Engine/Content/EngineMaterials/Substrate/Glints2/dict_0001_0162.uasset" 8540
"../../../Engine/Content/EngineMaterials/Substrate/Glints2/dict_0001_0167.uasset" 8541
"../../../Engine/Content/EngineMaterials/Substrate/Glints2/dict_0001_0159.uasset" 8542
"/Engine/EngineMaterials/Substrate/Glints2/dict_0001_0158" 8543
"../../../Engine/Content/EngineMaterials/Substrate/Glints2/dict_0001_0169.uasset" 8544
"../../../Engine/Content/EngineMaterials/Substrate/Glints2/dict_0001_0170.uasset" 8545
"../../../Engine/Content/EngineMaterials/Substrate/Glints2/dict_0001_0166.uasset" 8546
"/Engine/EngineMaterials/Substrate/Glints2/dict_0001_0157" 8547
"/Engine/EngineMaterials/Substrate/Glints2/dict_0001_0156" 8548
"/Engine/EngineMaterials/Substrate/Glints2/dict_0001_0155" 8549
"/Engine/EngineMaterials/Substrate/Glints2/dict_0001_0154" 8550
"/Engine/EngineMaterials/Substrate/Glints2/dict_0001_0153" 8551
"/Engine/EngineMaterials/Substrate/Glints2/dict_0001_0152" 8552
"/Engine/EngineMaterials/Substrate/Glints2/dict_0001_0151" 8553
"/Engine/EngineMaterials/Substrate/Glints2/dict_0001_0150" 8554
"/Engine/EngineMaterials/Substrate/Glints2/dict_0001_0149" 8555
"/Engine/EngineMaterials/Substrate/Glints2/dict_0001_0148" 8556
"/Engine/EngineMaterials/Substrate/Glints2/dict_0001_0147" 8557
"/Engine/EngineMaterials/Substrate/Glints2/dict_0001_0146" 8558
"/Engine/EngineMaterials/Substrate/Glints2/dict_0001_0145" 8559
"/Engine/EngineMaterials/Substrate/Glints2/dict_0001_0144" 8560
"/Engine/EngineMaterials/Substrate/Glints2/dict_0001_0143" 8561
"/Engine/EngineMaterials/Substrate/Glints2/dict_0001_0142" 8562
"/Engine/EngineMaterials/Substrate/Glints2/dict_0001_0141" 8563
"../../../Engine/Content/EngineMaterials/Substrate/Glints2/dict_0001_0174.uasset" 8564
"../../../Engine/Content/EngineMaterials/Substrate/Glints2/dict_0001_0177.uasset" 8565
"../../../Engine/Content/EngineMaterials/Substrate/Glints2/dict_0001_0181.uasset" 8566
"../../../Engine/Content/EngineMaterials/Substrate/Glints2/dict_0001_0178.uasset" 8567
"/Engine/EngineMaterials/Substrate/Glints2/dict_0001_0172" 8568
"../../../Engine/Content/EngineMaterials/Substrate/Glints2/dict_0001_0179.uasset" 8569
"../../../Engine/Content/EngineMaterials/Substrate/Glints2/dict_0001_0180.uasset" 8570
"../../../Engine/Content/EngineMaterials/Substrate/Glints2/dict_0001_0175.uasset" 8571
"../../../Engine/Content/EngineMaterials/Substrate/Glints2/dict_0001_0189.uasset" 8572
"../../../Engine/Content/EngineMaterials/Substrate/Glints2/dict_0001_0182.uasset" 8573
"../../../Engine/Content/EngineMaterials/Substrate/Glints2/dict_0001_0188.uasset" 8574
"../../../Engine/Content/EngineMaterials/Substrate/Glints2/dict_0001_0190.uasset" 8575
"../../../Engine/Content/EngineMaterials/Substrate/Glints2/dict_0001_0184.uasset" 8576
"../../../Engine/Content/EngineMaterials/Substrate/Glints2/dict_0001_0186.uasset" 8577
"../../../Engine/Content/EngineMaterials/Substrate/Glints2/dict_0001_0185.uasset" 8578
"../../../Engine/Content/EngineMaterials/Substrate/Glints2/dict_0001_0183.uasset" 8579
"../../../Engine/Content/EngineMaterials/Substrate/Glints2/dict_0001_0173.uasset" 8580
"../../../Engine/Content/EngineMaterials/Substrate/Glints2/dict_0001_0187.uasset" 8581
"../../../Engine/Content/EngineMaterials/Substrate/Glints2/dict_0001_0176.uasset" 8582
"/Engine/EngineMaterials/Substrate/Glints2/dict_0001_0171" 8583
"/Engine/EngineMaterials/Substrate/Glints2/dict_0001_0170" 8584
"/Engine/EngineMaterials/Substrate/Glints2/dict_0001_0169" 8585
"/Engine/EngineMaterials/Substrate/Glints2/dict_0001_0168" 8586
"/Engine/EngineMaterials/Substrate/Glints2/dict_0001_0167" 8587
"/Engine/EngineMaterials/Substrate/Glints2/dict_0001_0166" 8588
"/Engine/EngineMaterials/Substrate/Glints2/dict_0001_0165" 8589
"/Engine/EngineMaterials/Substrate/Glints2/dict_0001_0164" 8590
"/Engine/EngineMaterials/Substrate/Glints2/dict_0001_0163" 8591
"/Engine/EngineMaterials/Substrate/Glints2/dict_0001_0162" 8592
"/Engine/EngineMaterials/Substrate/Glints2/dict_0001_0161" 8593
"/Engine/EngineMaterials/Substrate/Glints2/dict_0001_0160" 8594
"/Engine/EngineMaterials/Substrate/Glints2/dict_0001_0159" 8595
"../../../Engine/Content/EngineMaterials/Substrate/Glints2/dict_0001_0192.uasset" 8596
"../../../Engine/Content/EngineMaterials/Substrate/Glints2/dict_0001_0194.uasset" 8597
"/Engine/EngineMaterials/Substrate/Glints2/dict_0001_0190" 8598
"../../../Engine/Content/EngineMaterials/Substrate/Glints2/dict_0001_0193.uasset" 8599
"../../../Engine/Content/EngineMaterials/Substrate/Glints2/dict_0001_0195.uasset" 8600
"../../../Engine/Content/EngineMaterials/Substrate/Glints2/dict_0001_0191.uasset" 8601
"../../../Engine/Content/EngineMaterials/Substrate/Glints2/dict_0001_0196.uasset" 8602
"/Engine/EngineMaterials/Substrate/Glints2/dict_0001_0189" 8603
"../../../Engine/Content/EngineMaterials/Substrate/Glints2/dict_0001_0197.uasset" 8604
"../../../Engine/Content/EngineMaterials/Substrate/Glints2/dict_0001_0199.uasset" 8605
"../../../Engine/Content/EngineMaterials/Substrate/Glints2/dict_0001_0198.uasset" 8606
"../../../Engine/Content/EngineMaterials/Substrate/Glints2/dict_0001_0200.uasset" 8607
"../../../Engine/Content/EngineMaterials/Substrate/Glints2/dict_0001_0201.uasset" 8608
"../../../Engine/Content/EngineMaterials/Substrate/Glints2/dict_0001_0202.uasset" 8609
"/Engine/EngineMaterials/Substrate/Glints2/dict_0001_0188" 8610
"../../../Engine/Content/EngineMaterials/Substrate/Glints2/dict_0001_0203.uasset" 8611
"../../../Engine/Content/EngineMaterials/Substrate/Glints2/dict_0001_0204.uasset" 8612
"/Engine/EngineMaterials/Substrate/Glints2/dict_0001_0187" 8613
"/Engine/EngineMaterials/Substrate/Glints2/dict_0001_0186" 8614
"/Engine/EngineMaterials/Substrate/Glints2/dict_0001_0185" 8615
"/Engine/EngineMaterials/Substrate/Glints2/dict_0001_0184" 8616
"/Engine/EngineMaterials/Substrate/Glints2/dict_0001_0183" 8617
"/Engine/EngineMaterials/Substrate/Glints2/dict_0001_0182" 8618
"/Engine/EngineMaterials/Substrate/Glints2/dict_0001_0181" 8619
"/Engine/EngineMaterials/Substrate/Glints2/dict_0001_0180" 8620
"/Engine/EngineMaterials/Substrate/Glints2/dict_0001_0179" 8621
"/Engine/EngineMaterials/Substrate/Glints2/dict_0001_0178" 8622
"/Engine/EngineMaterials/Substrate/Glints2/dict_0001_0177" 8623
"/Engine/EngineMaterials/Substrate/Glints2/dict_0001_0176" 8624
"/Engine/EngineMaterials/Substrate/Glints2/dict_0001_0175" 8625
"/Engine/EngineMaterials/Substrate/Glints2/dict_0001_0174" 8626
"/Engine/EngineMaterials/Substrate/Glints2/dict_0001_0173" 8627
"../../../Engine/Content/EngineMaterials/Substrate/Glints2/dict_0001_0208.uasset" 8628
"../../../Engine/Content/EngineMaterials/Substrate/Glints2/dict_0001_0213.uasset" 8629
"../../../Engine/Content/EngineMaterials/Substrate/Glints2/dict_0001_0214.uasset" 8630
"../../../Engine/Content/EngineMaterials/Substrate/Glints2/dict_0001_0206.uasset" 8631
"../../../Engine/Content/EngineMaterials/Substrate/Glints2/dict_0001_0212.uasset" 8632
"../../../Engine/Content/EngineMaterials/Substrate/Glints2/dict_0001_0209.uasset" 8633
"../../../Engine/Content/EngineMaterials/Substrate/Glints2/dict_0001_0210.uasset" 8634
"../../../Engine/Content/EngineMaterials/Substrate/Glints2/dict_0001_0216.uasset" 8635
"/Engine/EngineMaterials/Substrate/Glints2/dict_0001_0204" 8636
"../../../Engine/Content/EngineMaterials/Substrate/Glints2/dict_0001_0211.uasset" 8637
"../../../Engine/Content/EngineMaterials/Substrate/Glints2/dict_0001_0219.uasset" 8638
"../../../Engine/Content/EngineMaterials/Substrate/Glints2/dict_0001_0215.uasset" 8639
"../../../Engine/Content/EngineMaterials/Substrate/Glints2/dict_0001_0220.uasset" 8640
"../../../Engine/Content/EngineMaterials/Substrate/Glints2/dict_0001_0222.uasset" 8641
"../../../Engine/Content/EngineMaterials/Substrate/Glints2/dict_0001_0221.uasset" 8642
"../../../Engine/Content/EngineMaterials/Substrate/Glints2/dict_0001_0217.uasset" 8643
"../../../Engine/Content/EngineMaterials/Substrate/Glints2/dict_0001_0218.uasset" 8644
"../../../Engine/Content/EngineMaterials/Substrate/Glints2/dict_0001_0205.uasset" 8645
"../../../Engine/Content/EngineMaterials/Substrate/Glints2/dict_0001_0207.uasset" 8646
"/Engine/EngineMaterials/Substrate/Glints2/dict_0001_0203" 8647
"/Engine/EngineMaterials/Substrate/Glints2/dict_0001_0202" 8648
"/Engine/EngineMaterials/Substrate/Glints2/dict_0001_0201" 8649
"/Engine/EngineMaterials/Substrate/Glints2/dict_0001_0200" 8650
"/Engine/EngineMaterials/Substrate/Glints2/dict_0001_0199" 8651
"/Engine/EngineMaterials/Substrate/Glints2/dict_0001_0198" 8652
"/Engine/EngineMaterials/Substrate/Glints2/dict_0001_0197" 8653
"/Engine/EngineMaterials/Substrate/Glints2/dict_0001_0196" 8654
"/Engine/EngineMaterials/Substrate/Glints2/dict_0001_0195" 8655
"/Engine/EngineMaterials/Substrate/Glints2/dict_0001_0194" 8656
"/Engine/EngineMaterials/Substrate/Glints2/dict_0001_0193" 8657
"/Engine/EngineMaterials/Substrate/Glints2/dict_0001_0192" 8658
"/Engine/EngineMaterials/Substrate/Glints2/dict_0001_0191" 8659
"../../../Engine/Content/EngineMaterials/Substrate/Glints2/dict_0001_0225.uasset" 8660
"../../../Engine/Content/EngineMaterials/Substrate/Glints2/dict_0001_0227.uasset" 8661
"../../../Engine/Content/EngineMaterials/Substrate/Glints2/dict_0001_0226.uasset" 8662
"../../../Engine/Content/EngineMaterials/Substrate/Glints2/dict_0001_0231.uasset" 8663
"../../../Engine/Content/EngineMaterials/Substrate/Glints2/dict_0001_0233.uasset" 8664
"/Engine/EngineMaterials/Substrate/Glints2/dict_0001_0222" 8665
"../../../Engine/Content/EngineMaterials/Substrate/Glints2/dict_0001_0229.uasset" 8666
"../../../Engine/Content/EngineMaterials/Substrate/Glints2/dict_0001_0228.uasset" 8667
"../../../Engine/Content/EngineMaterials/Substrate/Glints2/dict_0001_0230.uasset" 8668
"../../../Engine/Content/EngineMaterials/Substrate/Glints2/dict_0001_0232.uasset" 8669
"../../../Engine/Content/EngineMaterials/Substrate/Glints2/dict_0001_0234.uasset" 8670
"../../../Engine/Content/EngineMaterials/Substrate/Glints2/dict_0001_0223.uasset" 8671
"../../../Engine/Content/EngineMaterials/Substrate/Glints2/dict_0001_0235.uasset" 8672
"../../../Engine/Content/EngineMaterials/Substrate/Glints2/dict_0001_0236.uasset" 8673
"../../../Engine/Content/EngineMaterials/Substrate/Glints2/dict_0001_0224.uasset" 8674
"/Engine/EngineMaterials/Substrate/Glints2/dict_0001_0221" 8675
"/Engine/EngineMaterials/Substrate/Glints2/dict_0001_0220" 8676
"/Engine/EngineMaterials/Substrate/Glints2/dict_0001_0219" 8677
"/Engine/EngineMaterials/Substrate/Glints2/dict_0001_0218" 8678
"/Engine/EngineMaterials/Substrate/Glints2/dict_0001_0217" 8679
"/Engine/EngineMaterials/Substrate/Glints2/dict_0001_0216" 8680
"/Engine/EngineMaterials/Substrate/Glints2/dict_0001_0215" 8681
"/Engine/EngineMaterials/Substrate/Glints2/dict_0001_0214" 8682
"/Engine/EngineMaterials/Substrate/Glints2/dict_0001_0213" 8683
"/Engine/EngineMaterials/Substrate/Glints2/dict_0001_0212" 8684
"/Engine/EngineMaterials/Substrate/Glints2/dict_0001_0211" 8685
"/Engine/EngineMaterials/Substrate/Glints2/dict_0001_0210" 8686
"/Engine/EngineMaterials/Substrate/Glints2/dict_0001_0209" 8687
"/Engine/EngineMaterials/Substrate/Glints2/dict_0001_0208" 8688
"/Engine/EngineMaterials/Substrate/Glints2/dict_0001_0207" 8689
"/Engine/EngineMaterials/Substrate/Glints2/dict_0001_0206" 8690
"/Engine/EngineMaterials/Substrate/Glints2/dict_0001_0205" 8691
"../../../Engine/Content/EngineMaterials/Substrate/Glints2/dict_0001_0241.uasset" 8692
"../../../Engine/Content/EngineMaterials/Substrate/Glints2/dict_0001_0245.uasset" 8693
"../../../Engine/Content/EngineMaterials/Substrate/Glints2/dict_0001_0239.uasset" 8694
"/Engine/EngineMaterials/Substrate/Glints2/dict_0001_0236" 8695
"../../../Engine/Content/EngineMaterials/Substrate/Glints2/dict_0001_0248.uasset" 8696
"../../../Engine/Content/EngineMaterials/Substrate/Glints2/dict_0001_0247.uasset" 8697
"../../../Engine/Content/EngineMaterials/Substrate/Glints2/dict_0001_0249.uasset" 8698
"../../../Engine/Content/EngineMaterials/Substrate/Glints2/dict_0001_0237.uasset" 8699
"../../../Engine/Content/EngineMaterials/Substrate/Glints2/dict_0001_0240.uasset" 8700
"../../../Engine/Content/EngineMaterials/Substrate/Glints2/dict_0001_0243.uasset" 8701
"../../../Engine/Content/EngineMaterials/Substrate/Glints2/dict_0001_0246.uasset" 8702
"../../../Engine/Content/EngineMaterials/Substrate/Glints2/dict_0001_0244.uasset" 8703
"../../../Engine/Content/EngineMaterials/Substrate/Glints2/dict_0001_0250.uasset" 8704
"../../../Engine/Content/EngineMaterials/Substrate/Glints2/dict_0001_0242.uasset" 8705
"../../../Engine/Content/EngineMaterials/Substrate/Glints2/dict_0001_0238.uasset" 8706
"/Engine/EngineMaterials/Substrate/Glints2/dict_0001_0235" 8707
"../../../Engine/Content/EngineMaterials/Substrate/Glints2/dict_0001_0251.uasset" 8708
"../../../Engine/Content/EngineMaterials/Substrate/Glints2/dict_0001_0252.uasset" 8709
"../../../Engine/Content/EngineMaterials/Substrate/Glints2/dict_0001_0253.uasset" 8710
"/Engine/EngineMaterials/Substrate/Glints2/dict_0001_0234" 8711
"../../../Engine/Content/EngineMaterials/Substrate/Glints2/dict_0001_0254.uasset" 8712
"/Engine/EngineMaterials/Substrate/Glints2/dict_0001_0233" 8713
"/Engine/EngineMaterials/Substrate/Glints2/dict_0001_0232" 8714
"/Engine/EngineMaterials/Substrate/Glints2/dict_0001_0231" 8715
"/Engine/EngineMaterials/Substrate/Glints2/dict_0001_0230" 8716
"/Engine/EngineMaterials/Substrate/Glints2/dict_0001_0229" 8717
"/Engine/EngineMaterials/Substrate/Glints2/dict_0001_0228" 8718
"/Engine/EngineMaterials/Substrate/Glints2/dict_0001_0227" 8719
"/Engine/EngineMaterials/Substrate/Glints2/dict_0001_0226" 8720
"/Engine/EngineMaterials/Substrate/Glints2/dict_0001_0225" 8721
"/Engine/EngineMaterials/Substrate/Glints2/dict_0001_0224" 8722
"/Engine/EngineMaterials/Substrate/Glints2/dict_0001_0223" 8723
"../../../Engine/Content/EngineMaterials/Substrate/Glints2/dict_0001_0255.uasset" 8724
"../../../Engine/Content/EngineMaterials/Substrate/Glints2/dict_0002_0002.uasset" 8725
"../../../Engine/Content/EngineMaterials/Substrate/Glints2/dict_0002_0000.uasset" 8726
"../../../Engine/Content/EngineMaterials/Substrate/Glints2/dict_0002_0001.uasset" 8727
"../../../Engine/Content/EngineMaterials/Substrate/Glints2/dict_0002_0003.uasset" 8728
"/Engine/EngineMaterials/Substrate/Glints2/dict_0001_0254" 8729
"../../../Engine/Content/EngineMaterials/Substrate/Glints2/dict_0002_0005.uasset" 8730
"../../../Engine/Content/EngineMaterials/Substrate/Glints2/dict_0002_0004.uasset" 8731
"../../../Engine/Content/EngineMaterials/Substrate/Glints2/dict_0002_0007.uasset" 8732
"../../../Engine/Content/EngineMaterials/Substrate/Glints2/dict_0002_0008.uasset" 8733
"../../../Engine/Content/EngineMaterials/Substrate/Glints2/dict_0002_0009.uasset" 8734
"../../../Engine/Content/EngineMaterials/Substrate/Glints2/dict_0002_0010.uasset" 8735
"../../../Engine/Content/EngineMaterials/Substrate/Glints2/dict_0002_0011.uasset" 8736
"../../../Engine/Content/EngineMaterials/Substrate/Glints2/dict_0002_0012.uasset" 8737
"../../../Engine/Content/EngineMaterials/Substrate/Glints2/dict_0002_0006.uasset" 8738
"/Engine/EngineMaterials/Substrate/Glints2/dict_0001_0253" 8739
"/Engine/EngineMaterials/Substrate/Glints2/dict_0001_0252" 8740
"/Engine/EngineMaterials/Substrate/Glints2/dict_0001_0251" 8741
"/Engine/EngineMaterials/Substrate/Glints2/dict_0001_0250" 8742
"/Engine/EngineMaterials/Substrate/Glints2/dict_0001_0249" 8743
"/Engine/EngineMaterials/Substrate/Glints2/dict_0001_0248" 8744
"/Engine/EngineMaterials/Substrate/Glints2/dict_0001_0247" 8745
"/Engine/EngineMaterials/Substrate/Glints2/dict_0001_0246" 8746
"/Engine/EngineMaterials/Substrate/Glints2/dict_0001_0245" 8747
"/Engine/EngineMaterials/Substrate/Glints2/dict_0001_0244" 8748
"/Engine/EngineMaterials/Substrate/Glints2/dict_0001_0243" 8749
"/Engine/EngineMaterials/Substrate/Glints2/dict_0001_0242" 8750
"/Engine/EngineMaterials/Substrate/Glints2/dict_0001_0241" 8751
"/Engine/EngineMaterials/Substrate/Glints2/dict_0001_0240" 8752
"/Engine/EngineMaterials/Substrate/Glints2/dict_0001_0239" 8753
"/Engine/EngineMaterials/Substrate/Glints2/dict_0001_0238" 8754
"/Engine/EngineMaterials/Substrate/Glints2/dict_0001_0237" 8755
"../../../Engine/Content/EngineMaterials/Substrate/Glints2/dict_0002_0015.uasset" 8756
"/Engine/EngineMaterials/Substrate/Glints2/dict_0002_0012" 8757
"../../../Engine/Content/EngineMaterials/Substrate/Glints2/dict_0002_0013.uasset" 8758
"../../../Engine/Content/EngineMaterials/Substrate/Glints2/dict_0002_0018.uasset" 8759
"../../../Engine/Content/EngineMaterials/Substrate/Glints2/dict_0002_0017.uasset" 8760
"../../../Engine/Content/EngineMaterials/Substrate/Glints2/dict_0002_0016.uasset" 8761
"../../../Engine/Content/EngineMaterials/Substrate/Glints2/dict_0002_0019.uasset" 8762
"../../../Engine/Content/EngineMaterials/Substrate/Glints2/dict_0002_0020.uasset" 8763
"../../../Engine/Content/EngineMaterials/Substrate/Glints2/dict_0002_0021.uasset" 8764
"../../../Engine/Content/EngineMaterials/Substrate/Glints2/dict_0002_0023.uasset" 8765
"/Engine/EngineMaterials/Substrate/Glints2/dict_0002_0011" 8766
"../../../Engine/Content/EngineMaterials/Substrate/Glints2/dict_0002_0022.uasset" 8767
"/Engine/EngineMaterials/Substrate/Glints2/dict_0002_0010" 8768
"/Engine/EngineMaterials/Substrate/Glints2/dict_0002_0009" 8769
"../../../Engine/Content/EngineMaterials/Substrate/Glints2/dict_0002_0026.uasset" 8770
"../../../Engine/Content/EngineMaterials/Substrate/Glints2/dict_0002_0029.uasset" 8771
"../../../Engine/Content/EngineMaterials/Substrate/Glints2/dict_0002_0028.uasset" 8772
"../../../Engine/Content/EngineMaterials/Substrate/Glints2/dict_0002_0030.uasset" 8773
"../../../Engine/Content/EngineMaterials/Substrate/Glints2/dict_0002_0014.uasset" 8774
"/Engine/EngineMaterials/Substrate/Glints2/dict_0002_0008" 8775
"/Engine/EngineMaterials/Substrate/Glints2/dict_0002_0007" 8776
"../../../Engine/Content/EngineMaterials/Substrate/Glints2/dict_0002_0024.uasset" 8777
"../../../Engine/Content/EngineMaterials/Substrate/Glints2/dict_0002_0025.uasset" 8778
"../../../Engine/Content/EngineMaterials/Substrate/Glints2/dict_0002_0027.uasset" 8779
"/Engine/EngineMaterials/Substrate/Glints2/dict_0002_0006" 8780
"/Engine/EngineMaterials/Substrate/Glints2/dict_0002_0005" 8781
"/Engine/EngineMaterials/Substrate/Glints2/dict_0002_0004" 8782
"/Engine/EngineMaterials/Substrate/Glints2/dict_0002_0003" 8783
"/Engine/EngineMaterials/Substrate/Glints2/dict_0002_0002" 8784
"/Engine/EngineMaterials/Substrate/Glints2/dict_0002_0001" 8785
"/Engine/EngineMaterials/Substrate/Glints2/dict_0002_0000" 8786
"/Engine/EngineMaterials/Substrate/Glints2/dict_0001_0255" 8787
"../../../Engine/Content/EngineMaterials/Substrate/Glints2/dict_0002_0033.uasset" 8788
"../../../Engine/Content/EngineMaterials/Substrate/Glints2/dict_0002_0036.uasset" 8789
"../../../Engine/Content/EngineMaterials/Substrate/Glints2/dict_0002_0035.uasset" 8790
"../../../Engine/Content/EngineMaterials/Substrate/Glints2/dict_0002_0037.uasset" 8791
"/Engine/EngineMaterials/Substrate/Glints2/dict_0002_0030" 8792
"../../../Engine/Content/EngineMaterials/Substrate/Glints2/dict_0002_0039.uasset" 8793
"../../../Engine/Content/EngineMaterials/Substrate/Glints2/dict_0002_0038.uasset" 8794
"../../../Engine/Content/EngineMaterials/Substrate/Glints2/dict_0002_0041.uasset" 8795
"../../../Engine/Content/EngineMaterials/Substrate/Glints2/dict_0002_0040.uasset" 8796
"../../../Engine/Content/EngineMaterials/Substrate/Glints2/dict_0002_0034.uasset" 8797
"../../../Engine/Content/EngineMaterials/Substrate/Glints2/dict_0002_0042.uasset" 8798
"../../../Engine/Content/EngineMaterials/Substrate/Glints2/dict_0002_0043.uasset" 8799
"../../../Engine/Content/EngineMaterials/Substrate/Glints2/dict_0002_0044.uasset" 8800
"../../../Engine/Content/EngineMaterials/Substrate/Glints2/dict_0002_0032.uasset" 8801
"../../../Engine/Content/EngineMaterials/Substrate/Glints2/dict_0002_0031.uasset" 8802
"/Engine/EngineMaterials/Substrate/Glints2/dict_0002_0029" 8803
"/Engine/EngineMaterials/Substrate/Glints2/dict_0002_0028" 8804
"/Engine/EngineMaterials/Substrate/Glints2/dict_0002_0027" 8805
"/Engine/EngineMaterials/Substrate/Glints2/dict_0002_0026" 8806
"/Engine/EngineMaterials/Substrate/Glints2/dict_0002_0025" 8807
"/Engine/EngineMaterials/Substrate/Glints2/dict_0002_0024" 8808
"/Engine/EngineMaterials/Substrate/Glints2/dict_0002_0023" 8809
"/Engine/EngineMaterials/Substrate/Glints2/dict_0002_0022" 8810
"/Engine/EngineMaterials/Substrate/Glints2/dict_0002_0021" 8811
"/Engine/EngineMaterials/Substrate/Glints2/dict_0002_0020" 8812
"/Engine/EngineMaterials/Substrate/Glints2/dict_0002_0019" 8813
"/Engine/EngineMaterials/Substrate/Glints2/dict_0002_0018" 8814
"/Engine/EngineMaterials/Substrate/Glints2/dict_0002_0017" 8815
"/Engine/EngineMaterials/Substrate/Glints2/dict_0002_0016" 8816
"/Engine/EngineMaterials/Substrate/Glints2/dict_0002_0015" 8817
"/Engine/EngineMaterials/Substrate/Glints2/dict_0002_0014" 8818
"/Engine/EngineMaterials/Substrate/Glints2/dict_0002_0013" 8819
"../../../Engine/Content/EngineMaterials/Substrate/Glints2/dict_0002_0047.uasset" 8820
"../../../Engine/Content/EngineMaterials/Substrate/Glints2/dict_0002_0048.uasset" 8821
"../../../Engine/Content/EngineMaterials/Substrate/Glints2/dict_0002_0046.uasset" 8822
"../../../Engine/Content/EngineMaterials/Substrate/Glints2/dict_0002_0049.uasset" 8823
"../../../Engine/Content/EngineMaterials/Substrate/Glints2/dict_0002_0050.uasset" 8824
"../../../Engine/Content/EngineMaterials/Substrate/Glints2/dict_0002_0045.uasset" 8825
"/Engine/EngineMaterials/Substrate/Glints2/dict_0002_0044" 8826
"../../../Engine/Content/EngineMaterials/Substrate/Glints2/dict_0002_0051.uasset" 8827
"../../../Engine/Content/EngineMaterials/Substrate/Glints2/dict_0002_0052.uasset" 8828
"../../../Engine/Content/EngineMaterials/Substrate/Glints2/dict_0002_0053.uasset" 8829
"../../../Engine/Content/EngineMaterials/Substrate/Glints2/dict_0002_0054.uasset" 8830
"../../../Engine/Content/EngineMaterials/Substrate/Glints2/dict_0002_0055.uasset" 8831
"../../../Engine/Content/EngineMaterials/Substrate/Glints2/dict_0002_0056.uasset" 8832
"../../../Engine/Content/EngineMaterials/Substrate/Glints2/dict_0002_0058.uasset" 8833
"../../../Engine/Content/EngineMaterials/Substrate/Glints2/dict_0002_0057.uasset" 8834
"../../../Engine/Content/EngineMaterials/Substrate/Glints2/dict_0002_0060.uasset" 8835
"../../../Engine/Content/EngineMaterials/Substrate/Glints2/dict_0002_0061.uasset" 8836
"../../../Engine/Content/EngineMaterials/Substrate/Glints2/dict_0002_0062.uasset" 8837
"../../../Engine/Content/EngineMaterials/Substrate/Glints2/dict_0002_0059.uasset" 8838
"/Engine/EngineMaterials/Substrate/Glints2/dict_0002_0043" 8839
"/Engine/EngineMaterials/Substrate/Glints2/dict_0002_0042" 8840
"/Engine/EngineMaterials/Substrate/Glints2/dict_0002_0041" 8841
"/Engine/EngineMaterials/Substrate/Glints2/dict_0002_0040" 8842
"/Engine/EngineMaterials/Substrate/Glints2/dict_0002_0039" 8843
"/Engine/EngineMaterials/Substrate/Glints2/dict_0002_0038" 8844
"/Engine/EngineMaterials/Substrate/Glints2/dict_0002_0037" 8845
"/Engine/EngineMaterials/Substrate/Glints2/dict_0002_0036" 8846
"/Engine/EngineMaterials/Substrate/Glints2/dict_0002_0035" 8847
"/Engine/EngineMaterials/Substrate/Glints2/dict_0002_0034" 8848
"/Engine/EngineMaterials/Substrate/Glints2/dict_0002_0033" 8849
"/Engine/EngineMaterials/Substrate/Glints2/dict_0002_0032" 8850
"/Engine/EngineMaterials/Substrate/Glints2/dict_0002_0031" 8851
"../../../Engine/Content/EngineMaterials/Substrate/Glints2/dict_0002_0064.uasset" 8852
"../../../Engine/Content/EngineMaterials/Substrate/Glints2/dict_0002_0070.uasset" 8853
"../../../Engine/Content/EngineMaterials/Substrate/Glints2/dict_0002_0071.uasset" 8854
"../../../Engine/Content/EngineMaterials/Substrate/Glints2/dict_0002_0067.uasset" 8855
"../../../Engine/Content/EngineMaterials/Substrate/Glints2/dict_0002_0072.uasset" 8856
"/Engine/EngineMaterials/Substrate/Glints2/dict_0002_0062" 8857
"../../../Engine/Content/EngineMaterials/Substrate/Glints2/dict_0002_0076.uasset" 8858
"../../../Engine/Content/EngineMaterials/Substrate/Glints2/dict_0002_0073.uasset" 8859
"../../../Engine/Content/EngineMaterials/Substrate/Glints2/dict_0002_0075.uasset" 8860
"../../../Engine/Content/EngineMaterials/Substrate/Glints2/dict_0002_0066.uasset" 8861
"../../../Engine/Content/EngineMaterials/Substrate/Glints2/dict_0002_0065.uasset" 8862
"../../../Engine/Content/EngineMaterials/Substrate/Glints2/dict_0002_0063.uasset" 8863
"../../../Engine/Content/EngineMaterials/Substrate/Glints2/dict_0002_0068.uasset" 8864
"../../../Engine/Content/EngineMaterials/Substrate/Glints2/dict_0002_0069.uasset" 8865
"../../../Engine/Content/EngineMaterials/Substrate/Glints2/dict_0002_0074.uasset" 8866
"/Engine/EngineMaterials/Substrate/Glints2/dict_0002_0061" 8867
"/Engine/EngineMaterials/Substrate/Glints2/dict_0002_0060" 8868
"/Engine/EngineMaterials/Substrate/Glints2/dict_0002_0059" 8869
"/Engine/EngineMaterials/Substrate/Glints2/dict_0002_0058" 8870
"/Engine/EngineMaterials/Substrate/Glints2/dict_0002_0057" 8871
"/Engine/EngineMaterials/Substrate/Glints2/dict_0002_0056" 8872
"/Engine/EngineMaterials/Substrate/Glints2/dict_0002_0055" 8873
"/Engine/EngineMaterials/Substrate/Glints2/dict_0002_0054" 8874
"/Engine/EngineMaterials/Substrate/Glints2/dict_0002_0053" 8875
"/Engine/EngineMaterials/Substrate/Glints2/dict_0002_0052" 8876
"/Engine/EngineMaterials/Substrate/Glints2/dict_0002_0051" 8877
"/Engine/EngineMaterials/Substrate/Glints2/dict_0002_0050" 8878
"/Engine/EngineMaterials/Substrate/Glints2/dict_0002_0049" 8879
"/Engine/EngineMaterials/Substrate/Glints2/dict_0002_0048" 8880
"/Engine/EngineMaterials/Substrate/Glints2/dict_0002_0047" 8881
"/Engine/EngineMaterials/Substrate/Glints2/dict_0002_0046" 8882
"/Engine/EngineMaterials/Substrate/Glints2/dict_0002_0045" 8883
"../../../Engine/Content/EngineMaterials/Substrate/Glints2/dict_0002_0081.uasset" 8884
"../../../Engine/Content/EngineMaterials/Substrate/Glints2/dict_0002_0079.uasset" 8885
"../../../Engine/Content/EngineMaterials/Substrate/Glints2/dict_0002_0083.uasset" 8886
"../../../Engine/Content/EngineMaterials/Substrate/Glints2/dict_0002_0084.uasset" 8887
"../../../Engine/Content/EngineMaterials/Substrate/Glints2/dict_0002_0085.uasset" 8888
"/Engine/EngineMaterials/Substrate/Glints2/dict_0002_0076" 8889
"../../../Engine/Content/EngineMaterials/Substrate/Glints2/dict_0002_0086.uasset" 8890
"../../../Engine/Content/EngineMaterials/Substrate/Glints2/dict_0002_0080.uasset" 8891
"../../../Engine/Content/EngineMaterials/Substrate/Glints2/dict_0002_0087.uasset" 8892
"../../../Engine/Content/EngineMaterials/Substrate/Glints2/dict_0002_0077.uasset" 8893
"../../../Engine/Content/EngineMaterials/Substrate/Glints2/dict_0002_0082.uasset" 8894
"../../../Engine/Content/EngineMaterials/Substrate/Glints2/dict_0002_0090.uasset" 8895
"../../../Engine/Content/EngineMaterials/Substrate/Glints2/dict_0002_0078.uasset" 8896
"../../../Engine/Content/EngineMaterials/Substrate/Glints2/dict_0002_0092.uasset" 8897
"../../../Engine/Content/EngineMaterials/Substrate/Glints2/dict_0002_0088.uasset" 8898
"../../../Engine/Content/EngineMaterials/Substrate/Glints2/dict_0002_0089.uasset" 8899
"../../../Engine/Content/EngineMaterials/Substrate/Glints2/dict_0002_0093.uasset" 8900
"../../../Engine/Content/EngineMaterials/Substrate/Glints2/dict_0002_0094.uasset" 8901
"/Engine/EngineMaterials/Substrate/Glints2/dict_0002_0075" 8902
"../../../Engine/Content/EngineMaterials/Substrate/Glints2/dict_0002_0091.uasset" 8903
"/Engine/EngineMaterials/Substrate/Glints2/dict_0002_0074" 8904
"/Engine/EngineMaterials/Substrate/Glints2/dict_0002_0073" 8905
"/Engine/EngineMaterials/Substrate/Glints2/dict_0002_0072" 8906
"/Engine/EngineMaterials/Substrate/Glints2/dict_0002_0071" 8907
"/Engine/EngineMaterials/Substrate/Glints2/dict_0002_0070" 8908
"/Engine/EngineMaterials/Substrate/Glints2/dict_0002_0069" 8909
"/Engine/EngineMaterials/Substrate/Glints2/dict_0002_0068" 8910
"/Engine/EngineMaterials/Substrate/Glints2/dict_0002_0067" 8911
"/Engine/EngineMaterials/Substrate/Glints2/dict_0002_0066" 8912
"/Engine/EngineMaterials/Substrate/Glints2/dict_0002_0065" 8913
"/Engine/EngineMaterials/Substrate/Glints2/dict_0002_0064" 8914
"/Engine/EngineMaterials/Substrate/Glints2/dict_0002_0063" 8915
"../../../Engine/Content/EngineMaterials/Substrate/Glints2/dict_0002_0097.uasset" 8916
"../../../Engine/Content/EngineMaterials/Substrate/Glints2/dict_0002_0095.uasset" 8917
"../../../Engine/Content/EngineMaterials/Substrate/Glints2/dict_0002_0101.uasset" 8918
"../../../Engine/Content/EngineMaterials/Substrate/Glints2/dict_0002_0105.uasset" 8919
"../../../Engine/Content/EngineMaterials/Substrate/Glints2/dict_0002_0096.uasset" 8920
"../../../Engine/Content/EngineMaterials/Substrate/Glints2/dict_0002_0098.uasset" 8921
"../../../Engine/Content/EngineMaterials/Substrate/Glints2/dict_0002_0099.uasset" 8922
"../../../Engine/Content/EngineMaterials/Substrate/Glints2/dict_0002_0106.uasset" 8923
"/Engine/EngineMaterials/Substrate/Glints2/dict_0002_0094" 8924
"../../../Engine/Content/EngineMaterials/Substrate/Glints2/dict_0002_0104.uasset" 8925
"../../../Engine/Content/EngineMaterials/Substrate/Glints2/dict_0002_0103.uasset" 8926
"../../../Engine/Content/EngineMaterials/Substrate/Glints2/dict_0002_0108.uasset" 8927
"../../../Engine/Content/EngineMaterials/Substrate/Glints2/dict_0002_0107.uasset" 8928
"../../../Engine/Content/EngineMaterials/Substrate/Glints2/dict_0002_0100.uasset" 8929
"../../../Engine/Content/EngineMaterials/Substrate/Glints2/dict_0002_0102.uasset" 8930
"/Engine/EngineMaterials/Substrate/Glints2/dict_0002_0093" 8931
"/Engine/EngineMaterials/Substrate/Glints2/dict_0002_0092" 8932
"/Engine/EngineMaterials/Substrate/Glints2/dict_0002_0091" 8933
"/Engine/EngineMaterials/Substrate/Glints2/dict_0002_0090" 8934
"/Engine/EngineMaterials/Substrate/Glints2/dict_0002_0089" 8935
"/Engine/EngineMaterials/Substrate/Glints2/dict_0002_0088" 8936
"/Engine/EngineMaterials/Substrate/Glints2/dict_0002_0087" 8937
"/Engine/EngineMaterials/Substrate/Glints2/dict_0002_0086" 8938
"/Engine/EngineMaterials/Substrate/Glints2/dict_0002_0085" 8939
"/Engine/EngineMaterials/Substrate/Glints2/dict_0002_0084" 8940
"/Engine/EngineMaterials/Substrate/Glints2/dict_0002_0083" 8941
"/Engine/EngineMaterials/Substrate/Glints2/dict_0002_0082" 8942
"/Engine/EngineMaterials/Substrate/Glints2/dict_0002_0081" 8943
"/Engine/EngineMaterials/Substrate/Glints2/dict_0002_0080" 8944
"/Engine/EngineMaterials/Substrate/Glints2/dict_0002_0079" 8945
"/Engine/EngineMaterials/Substrate/Glints2/dict_0002_0078" 8946
"/Engine/EngineMaterials/Substrate/Glints2/dict_0002_0077" 8947
"../../../Engine/Content/EngineMaterials/Substrate/Glints2/dict_0002_0114.uasset" 8948
"../../../Engine/Content/EngineMaterials/Substrate/Glints2/dict_0002_0115.uasset" 8949
"/Engine/EngineMaterials/Substrate/Glints2/dict_0002_0108" 8950
"../../../Engine/Content/EngineMaterials/Substrate/Glints2/dict_0002_0118.uasset" 8951
"../../../Engine/Content/EngineMaterials/Substrate/Glints2/dict_0002_0119.uasset" 8952
"../../../Engine/Content/EngineMaterials/Substrate/Glints2/dict_0002_0110.uasset" 8953
"../../../Engine/Content/EngineMaterials/Substrate/Glints2/dict_0002_0112.uasset" 8954
"../../../Engine/Content/EngineMaterials/Substrate/Glints2/dict_0002_0121.uasset" 8955
"../../../Engine/Content/EngineMaterials/Substrate/Glints2/dict_0002_0109.uasset" 8956
"../../../Engine/Content/EngineMaterials/Substrate/Glints2/dict_0002_0117.uasset" 8957
"../../../Engine/Content/EngineMaterials/Substrate/Glints2/dict_0002_0122.uasset" 8958
"../../../Engine/Content/EngineMaterials/Substrate/Glints2/dict_0002_0111.uasset" 8959
"../../../Engine/Content/EngineMaterials/Substrate/Glints2/dict_0002_0120.uasset" 8960
"../../../Engine/Content/EngineMaterials/Substrate/Glints2/dict_0002_0113.uasset" 8961
"../../../Engine/Content/EngineMaterials/Substrate/Glints2/dict_0002_0116.uasset" 8962
"/Engine/EngineMaterials/Substrate/Glints2/dict_0002_0107" 8963
"../../../Engine/Content/EngineMaterials/Substrate/Glints2/dict_0002_0124.uasset" 8964
"../../../Engine/Content/EngineMaterials/Substrate/Glints2/dict_0002_0123.uasset" 8965
"../../../Engine/Content/EngineMaterials/Substrate/Glints2/dict_0002_0125.uasset" 8966
"../../../Engine/Content/EngineMaterials/Substrate/Glints2/dict_0002_0126.uasset" 8967
"/Engine/EngineMaterials/Substrate/Glints2/dict_0002_0106" 8968
"/Engine/EngineMaterials/Substrate/Glints2/dict_0002_0105" 8969
"/Engine/EngineMaterials/Substrate/Glints2/dict_0002_0104" 8970
"/Engine/EngineMaterials/Substrate/Glints2/dict_0002_0103" 8971
"/Engine/EngineMaterials/Substrate/Glints2/dict_0002_0102" 8972
"/Engine/EngineMaterials/Substrate/Glints2/dict_0002_0101" 8973
"/Engine/EngineMaterials/Substrate/Glints2/dict_0002_0100" 8974
"/Engine/EngineMaterials/Substrate/Glints2/dict_0002_0099" 8975
"/Engine/EngineMaterials/Substrate/Glints2/dict_0002_0098" 8976
"/Engine/EngineMaterials/Substrate/Glints2/dict_0002_0097" 8977
"/Engine/EngineMaterials/Substrate/Glints2/dict_0002_0096" 8978
"/Engine/EngineMaterials/Substrate/Glints2/dict_0002_0095" 8979
"../../../Engine/Content/EngineMaterials/Substrate/Glints2/dict_0002_0129.uasset" 8980
"../../../Engine/Content/EngineMaterials/Substrate/Glints2/dict_0002_0127.uasset" 8981
"../../../Engine/Content/EngineMaterials/Substrate/Glints2/dict_0002_0133.uasset" 8982
"/Engine/EngineMaterials/Substrate/Glints2/dict_0002_0126" 8983
"../../../Engine/Content/EngineMaterials/Substrate/Glints2/dict_0002_0128.uasset" 8984
"../../../Engine/Content/EngineMaterials/Substrate/Glints2/dict_0002_0132.uasset" 8985
"../../../Engine/Content/EngineMaterials/Substrate/Glints2/dict_0002_0131.uasset" 8986
"../../../Engine/Content/EngineMaterials/Substrate/Glints2/dict_0002_0135.uasset" 8987
"../../../Engine/Content/EngineMaterials/Substrate/Glints2/dict_0002_0130.uasset" 8988
"../../../Engine/Content/EngineMaterials/Substrate/Glints2/dict_0002_0138.uasset" 8989
"../../../Engine/Content/EngineMaterials/Substrate/Glints2/dict_0002_0140.uasset" 8990
"/Engine/EngineMaterials/Substrate/Glints2/dict_0002_0125" 8991
"../../../Engine/Content/EngineMaterials/Substrate/Glints2/dict_0002_0136.uasset" 8992
"../../../Engine/Content/EngineMaterials/Substrate/Glints2/dict_0002_0139.uasset" 8993
"../../../Engine/Content/EngineMaterials/Substrate/Glints2/dict_0002_0134.uasset" 8994
"../../../Engine/Content/EngineMaterials/Substrate/Glints2/dict_0002_0137.uasset" 8995
"/Engine/EngineMaterials/Substrate/Glints2/dict_0002_0124" 8996
"/Engine/EngineMaterials/Substrate/Glints2/dict_0002_0123" 8997
"/Engine/EngineMaterials/Substrate/Glints2/dict_0002_0122" 8998
"/Engine/EngineMaterials/Substrate/Glints2/dict_0002_0121" 8999
"/Engine/EngineMaterials/Substrate/Glints2/dict_0002_0120" 9000
"/Engine/EngineMaterials/Substrate/Glints2/dict_0002_0119" 9001
"/Engine/EngineMaterials/Substrate/Glints2/dict_0002_0118" 9002
"/Engine/EngineMaterials/Substrate/Glints2/dict_0002_0117" 9003
"/Engine/EngineMaterials/Substrate/Glints2/dict_0002_0116" 9004
"/Engine/EngineMaterials/Substrate/Glints2/dict_0002_0115" 9005
"/Engine/EngineMaterials/Substrate/Glints2/dict_0002_0114" 9006
"/Engine/EngineMaterials/Substrate/Glints2/dict_0002_0113" 9007
"/Engine/EngineMaterials/Substrate/Glints2/dict_0002_0112" 9008
"/Engine/EngineMaterials/Substrate/Glints2/dict_0002_0111" 9009
"/Engine/EngineMaterials/Substrate/Glints2/dict_0002_0110" 9010
"/Engine/EngineMaterials/Substrate/Glints2/dict_0002_0109" 9011
"../../../Engine/Content/EngineMaterials/Substrate/Glints2/dict_0002_0144.uasset" 9012
"../../../Engine/Content/EngineMaterials/Substrate/Glints2/dict_0002_0143.uasset" 9013
"../../../Engine/Content/EngineMaterials/Substrate/Glints2/dict_0002_0146.uasset" 9014
"../../../Engine/Content/EngineMaterials/Substrate/Glints2/dict_0002_0142.uasset" 9015
"../../../Engine/Content/EngineMaterials/Substrate/Glints2/dict_0002_0147.uasset" 9016
"../../../Engine/Content/EngineMaterials/Substrate/Glints2/dict_0002_0148.uasset" 9017
"../../../Engine/Content/EngineMaterials/Substrate/Glints2/dict_0002_0141.uasset" 9018
"../../../Engine/Content/EngineMaterials/Substrate/Glints2/dict_0002_0151.uasset" 9019
"../../../Engine/Content/EngineMaterials/Substrate/Glints2/dict_0002_0145.uasset" 9020
"../../../Engine/Content/EngineMaterials/Substrate/Glints2/dict_0002_0149.uasset" 9021
"../../../Engine/Content/EngineMaterials/Substrate/Glints2/dict_0002_0152.uasset" 9022
"/Engine/EngineMaterials/Substrate/Glints2/dict_0002_0140" 9023
"../../../Engine/Content/EngineMaterials/Substrate/Glints2/dict_0002_0153.uasset" 9024
"../../../Engine/Content/EngineMaterials/Substrate/Glints2/dict_0002_0150.uasset" 9025
"../../../Engine/Content/EngineMaterials/Substrate/Glints2/dict_0002_0154.uasset" 9026
"../../../Engine/Content/EngineMaterials/Substrate/Glints2/dict_0002_0155.uasset" 9027
"../../../Engine/Content/EngineMaterials/Substrate/Glints2/dict_0002_0156.uasset" 9028
"../../../Engine/Content/EngineMaterials/Substrate/Glints2/dict_0002_0158.uasset" 9029
"../../../Engine/Content/EngineMaterials/Substrate/Glints2/dict_0002_0157.uasset" 9030
"/Engine/EngineMaterials/Substrate/Glints2/dict_0002_0139" 9031
"/Engine/EngineMaterials/Substrate/Glints2/dict_0002_0138" 9032
"/Engine/EngineMaterials/Substrate/Glints2/dict_0002_0137" 9033
"/Engine/EngineMaterials/Substrate/Glints2/dict_0002_0136" 9034
"/Engine/EngineMaterials/Substrate/Glints2/dict_0002_0135" 9035
"/Engine/EngineMaterials/Substrate/Glints2/dict_0002_0134" 9036
"/Engine/EngineMaterials/Substrate/Glints2/dict_0002_0133" 9037
"/Engine/EngineMaterials/Substrate/Glints2/dict_0002_0132" 9038
"/Engine/EngineMaterials/Substrate/Glints2/dict_0002_0131" 9039
"/Engine/EngineMaterials/Substrate/Glints2/dict_0002_0130" 9040
"/Engine/EngineMaterials/Substrate/Glints2/dict_0002_0129" 9041
"/Engine/EngineMaterials/Substrate/Glints2/dict_0002_0128" 9042
"/Engine/EngineMaterials/Substrate/Glints2/dict_0002_0127" 9043
"../../../Engine/Content/EngineMaterials/Substrate/Glints2/dict_0002_0163.uasset" 9044
"../../../Engine/Content/EngineMaterials/Substrate/Glints2/dict_0002_0161.uasset" 9045
"../../../Engine/Content/EngineMaterials/Substrate/Glints2/dict_0002_0159.uasset" 9046
"../../../Engine/Content/EngineMaterials/Substrate/Glints2/dict_0002_0166.uasset" 9047
"../../../Engine/Content/EngineMaterials/Substrate/Glints2/dict_0002_0168.uasset" 9048
"/Engine/EngineMaterials/Substrate/Glints2/dict_0002_0158" 9049
"../../../Engine/Content/EngineMaterials/Substrate/Glints2/dict_0002_0170.uasset" 9050
"../../../Engine/Content/EngineMaterials/Substrate/Glints2/dict_0002_0165.uasset" 9051
"../../../Engine/Content/EngineMaterials/Substrate/Glints2/dict_0002_0164.uasset" 9052
"../../../Engine/Content/EngineMaterials/Substrate/Glints2/dict_0002_0160.uasset" 9053
"../../../Engine/Content/EngineMaterials/Substrate/Glints2/dict_0002_0171.uasset" 9054
"../../../Engine/Content/EngineMaterials/Substrate/Glints2/dict_0002_0162.uasset" 9055
"../../../Engine/Content/EngineMaterials/Substrate/Glints2/dict_0002_0169.uasset" 9056
"../../../Engine/Content/EngineMaterials/Substrate/Glints2/dict_0002_0167.uasset" 9057
"../../../Engine/Content/EngineMaterials/Substrate/Glints2/dict_0002_0172.uasset" 9058
"/Engine/EngineMaterials/Substrate/Glints2/dict_0002_0157" 9059
"/Engine/EngineMaterials/Substrate/Glints2/dict_0002_0156" 9060
"/Engine/EngineMaterials/Substrate/Glints2/dict_0002_0155" 9061
"/Engine/EngineMaterials/Substrate/Glints2/dict_0002_0154" 9062
"/Engine/EngineMaterials/Substrate/Glints2/dict_0002_0153" 9063
"/Engine/EngineMaterials/Substrate/Glints2/dict_0002_0152" 9064
"/Engine/EngineMaterials/Substrate/Glints2/dict_0002_0151" 9065
"/Engine/EngineMaterials/Substrate/Glints2/dict_0002_0150" 9066
"/Engine/EngineMaterials/Substrate/Glints2/dict_0002_0149" 9067
"/Engine/EngineMaterials/Substrate/Glints2/dict_0002_0148" 9068
"/Engine/EngineMaterials/Substrate/Glints2/dict_0002_0147" 9069
"/Engine/EngineMaterials/Substrate/Glints2/dict_0002_0146" 9070
"/Engine/EngineMaterials/Substrate/Glints2/dict_0002_0145" 9071
"/Engine/EngineMaterials/Substrate/Glints2/dict_0002_0144" 9072
"/Engine/EngineMaterials/Substrate/Glints2/dict_0002_0143" 9073
"/Engine/EngineMaterials/Substrate/Glints2/dict_0002_0142" 9074
"/Engine/EngineMaterials/Substrate/Glints2/dict_0002_0141" 9075
"../../../Engine/Content/EngineMaterials/Substrate/Glints2/dict_0002_0174.uasset" 9076
"../../../Engine/Content/EngineMaterials/Substrate/Glints2/dict_0002_0176.uasset" 9077
"../../../Engine/Content/EngineMaterials/Substrate/Glints2/dict_0002_0181.uasset" 9078
"../../../Engine/Content/EngineMaterials/Substrate/Glints2/dict_0002_0173.uasset" 9079
"/Engine/EngineMaterials/Substrate/Glints2/dict_0002_0172" 9080
"../../../Engine/Content/EngineMaterials/Substrate/Glints2/dict_0002_0177.uasset" 9081
"../../../Engine/Content/EngineMaterials/Substrate/Glints2/dict_0002_0175.uasset" 9082
"../../../Engine/Content/EngineMaterials/Substrate/Glints2/dict_0002_0182.uasset" 9083
"../../../Engine/Content/EngineMaterials/Substrate/Glints2/dict_0002_0178.uasset" 9084
"../../../Engine/Content/EngineMaterials/Substrate/Glints2/dict_0002_0183.uasset" 9085
"../../../Engine/Content/EngineMaterials/Substrate/Glints2/dict_0002_0179.uasset" 9086
"../../../Engine/Content/EngineMaterials/Substrate/Glints2/dict_0002_0184.uasset" 9087
"../../../Engine/Content/EngineMaterials/Substrate/Glints2/dict_0002_0185.uasset" 9088
"../../../Engine/Content/EngineMaterials/Substrate/Glints2/dict_0002_0180.uasset" 9089
"../../../Engine/Content/EngineMaterials/Substrate/Glints2/dict_0002_0186.uasset" 9090
"../../../Engine/Content/EngineMaterials/Substrate/Glints2/dict_0002_0187.uasset" 9091
"/Engine/EngineMaterials/Substrate/Glints2/dict_0002_0171" 9092
"../../../Engine/Content/EngineMaterials/Substrate/Glints2/dict_0002_0188.uasset" 9093
"../../../Engine/Content/EngineMaterials/Substrate/Glints2/dict_0002_0189.uasset" 9094
"../../../Engine/Content/EngineMaterials/Substrate/Glints2/dict_0002_0190.uasset" 9095
"/Engine/EngineMaterials/Substrate/Glints2/dict_0002_0170" 9096
"/Engine/EngineMaterials/Substrate/Glints2/dict_0002_0169" 9097
"/Engine/EngineMaterials/Substrate/Glints2/dict_0002_0168" 9098
"/Engine/EngineMaterials/Substrate/Glints2/dict_0002_0167" 9099
"/Engine/EngineMaterials/Substrate/Glints2/dict_0002_0166" 9100
"/Engine/EngineMaterials/Substrate/Glints2/dict_0002_0165" 9101
"/Engine/EngineMaterials/Substrate/Glints2/dict_0002_0164" 9102
"/Engine/EngineMaterials/Substrate/Glints2/dict_0002_0163" 9103
"/Engine/EngineMaterials/Substrate/Glints2/dict_0002_0162" 9104
"/Engine/EngineMaterials/Substrate/Glints2/dict_0002_0161" 9105
"/Engine/EngineMaterials/Substrate/Glints2/dict_0002_0160" 9106
"/Engine/EngineMaterials/Substrate/Glints2/dict_0002_0159" 9107
"../../../Engine/Content/EngineMaterials/Substrate/Glints2/dict_0002_0191.uasset" 9108
"../../../Engine/Content/EngineMaterials/Substrate/Glints2/dict_0002_0192.uasset" 9109
"../../../Engine/Content/EngineMaterials/Substrate/Glints2/dict_0002_0194.uasset" 9110
"../../../Engine/Content/EngineMaterials/Substrate/Glints2/dict_0002_0195.uasset" 9111
"/Engine/EngineMaterials/Substrate/Glints2/dict_0002_0190" 9112
"../../../Engine/Content/EngineMaterials/Substrate/Glints2/dict_0002_0196.uasset" 9113
"../../../Engine/Content/EngineMaterials/Substrate/Glints2/dict_0002_0197.uasset" 9114
"../../../Engine/Content/EngineMaterials/Substrate/Glints2/dict_0002_0199.uasset" 9115
"../../../Engine/Content/EngineMaterials/Substrate/Glints2/dict_0002_0198.uasset" 9116
"../../../Engine/Content/EngineMaterials/Substrate/Glints2/dict_0002_0200.uasset" 9117
"../../../Engine/Content/EngineMaterials/Substrate/Glints2/dict_0002_0193.uasset" 9118
"../../../Engine/Content/EngineMaterials/Substrate/Glints2/dict_0002_0201.uasset" 9119
"/Engine/EngineMaterials/Substrate/Glints2/dict_0002_0189" 9120
"../../../Engine/Content/EngineMaterials/Substrate/Glints2/dict_0002_0203.uasset" 9121
"../../../Engine/Content/EngineMaterials/Substrate/Glints2/dict_0002_0204.uasset" 9122
"../../../Engine/Content/EngineMaterials/Substrate/Glints2/dict_0002_0202.uasset" 9123
"/Engine/EngineMaterials/Substrate/Glints2/dict_0002_0188" 9124
"/Engine/EngineMaterials/Substrate/Glints2/dict_0002_0187" 9125
"/Engine/EngineMaterials/Substrate/Glints2/dict_0002_0186" 9126
"/Engine/EngineMaterials/Substrate/Glints2/dict_0002_0185" 9127
"/Engine/EngineMaterials/Substrate/Glints2/dict_0002_0184" 9128
"/Engine/EngineMaterials/Substrate/Glints2/dict_0002_0183" 9129
"/Engine/EngineMaterials/Substrate/Glints2/dict_0002_0182" 9130
"/Engine/EngineMaterials/Substrate/Glints2/dict_0002_0181" 9131
"/Engine/EngineMaterials/Substrate/Glints2/dict_0002_0180" 9132
"/Engine/EngineMaterials/Substrate/Glints2/dict_0002_0179" 9133
"/Engine/EngineMaterials/Substrate/Glints2/dict_0002_0178" 9134
"/Engine/EngineMaterials/Substrate/Glints2/dict_0002_0177" 9135
"/Engine/EngineMaterials/Substrate/Glints2/dict_0002_0176" 9136
"/Engine/EngineMaterials/Substrate/Glints2/dict_0002_0175" 9137
"/Engine/EngineMaterials/Substrate/Glints2/dict_0002_0174" 9138
"/Engine/EngineMaterials/Substrate/Glints2/dict_0002_0173" 9139
"../../../Engine/Content/EngineMaterials/Substrate/Glints2/dict_0002_0210.uasset" 9140
"../../../Engine/Content/EngineMaterials/Substrate/Glints2/dict_0002_0212.uasset" 9141
"../../../Engine/Content/EngineMaterials/Substrate/Glints2/dict_0002_0211.uasset" 9142
"../../../Engine/Content/EngineMaterials/Substrate/Glints2/dict_0002_0207.uasset" 9143
"../../../Engine/Content/EngineMaterials/Substrate/Glints2/dict_0002_0213.uasset" 9144
"../../../Engine/Content/EngineMaterials/Substrate/Glints2/dict_0002_0215.uasset" 9145
"/Engine/EngineMaterials/Substrate/Glints2/dict_0002_0204" 9146
"../../../Engine/Content/EngineMaterials/Substrate/Glints2/dict_0002_0209.uasset" 9147
"../../../Engine/Content/EngineMaterials/Substrate/Glints2/dict_0002_0216.uasset" 9148
"../../../Engine/Content/EngineMaterials/Substrate/Glints2/dict_0002_0208.uasset" 9149
"../../../Engine/Content/EngineMaterials/Substrate/Glints2/dict_0002_0217.uasset" 9150
"../../../Engine/Content/EngineMaterials/Substrate/Glints2/dict_0002_0218.uasset" 9151
"../../../Engine/Content/EngineMaterials/Substrate/Glints2/dict_0002_0206.uasset" 9152
"../../../Engine/Content/EngineMaterials/Substrate/Glints2/dict_0002_0219.uasset" 9153
"../../../Engine/Content/EngineMaterials/Substrate/Glints2/dict_0002_0220.uasset" 9154
"../../../Engine/Content/EngineMaterials/Substrate/Glints2/dict_0002_0214.uasset" 9155
"../../../Engine/Content/EngineMaterials/Substrate/Glints2/dict_0002_0221.uasset" 9156
"../../../Engine/Content/EngineMaterials/Substrate/Glints2/dict_0002_0205.uasset" 9157
"../../../Engine/Content/EngineMaterials/Substrate/Glints2/dict_0002_0222.uasset" 9158
"/Engine/EngineMaterials/Substrate/Glints2/dict_0002_0203" 9159
"/Engine/EngineMaterials/Substrate/Glints2/dict_0002_0202" 9160
"/Engine/EngineMaterials/Substrate/Glints2/dict_0002_0201" 9161
"/Engine/EngineMaterials/Substrate/Glints2/dict_0002_0200" 9162
"/Engine/EngineMaterials/Substrate/Glints2/dict_0002_0199" 9163
"/Engine/EngineMaterials/Substrate/Glints2/dict_0002_0198" 9164
"/Engine/EngineMaterials/Substrate/Glints2/dict_0002_0197" 9165
"/Engine/EngineMaterials/Substrate/Glints2/dict_0002_0196" 9166
"/Engine/EngineMaterials/Substrate/Glints2/dict_0002_0195" 9167
"/Engine/EngineMaterials/Substrate/Glints2/dict_0002_0194" 9168
"/Engine/EngineMaterials/Substrate/Glints2/dict_0002_0193" 9169
"/Engine/EngineMaterials/Substrate/Glints2/dict_0002_0192" 9170
"/Engine/EngineMaterials/Substrate/Glints2/dict_0002_0191" 9171
"../../../Engine/Content/EngineMaterials/Substrate/Glints2/dict_0002_0229.uasset" 9172
"../../../Engine/Content/EngineMaterials/Substrate/Glints2/dict_0002_0228.uasset" 9173
"../../../Engine/Content/EngineMaterials/Substrate/Glints2/dict_0002_0234.uasset" 9174
"/Engine/EngineMaterials/Substrate/Glints2/dict_0002_0222" 9175
"../../../Engine/Content/EngineMaterials/Substrate/Glints2/dict_0002_0225.uasset" 9176
"../../../Engine/Content/EngineMaterials/Substrate/Glints2/dict_0002_0226.uasset" 9177
"../../../Engine/Content/EngineMaterials/Substrate/Glints2/dict_0002_0232.uasset" 9178
"../../../Engine/Content/EngineMaterials/Substrate/Glints2/dict_0002_0231.uasset" 9179
"../../../Engine/Content/EngineMaterials/Substrate/Glints2/dict_0002_0224.uasset" 9180
"../../../Engine/Content/EngineMaterials/Substrate/Glints2/dict_0002_0235.uasset" 9181
"../../../Engine/Content/EngineMaterials/Substrate/Glints2/dict_0002_0223.uasset" 9182
"../../../Engine/Content/EngineMaterials/Substrate/Glints2/dict_0002_0230.uasset" 9183
"../../../Engine/Content/EngineMaterials/Substrate/Glints2/dict_0002_0227.uasset" 9184
"../../../Engine/Content/EngineMaterials/Substrate/Glints2/dict_0002_0233.uasset" 9185
"../../../Engine/Content/EngineMaterials/Substrate/Glints2/dict_0002_0236.uasset" 9186
"/Engine/EngineMaterials/Substrate/Glints2/dict_0002_0221" 9187
"/Engine/EngineMaterials/Substrate/Glints2/dict_0002_0220" 9188
"/Engine/EngineMaterials/Substrate/Glints2/dict_0002_0219" 9189
"/Engine/EngineMaterials/Substrate/Glints2/dict_0002_0218" 9190
"/Engine/EngineMaterials/Substrate/Glints2/dict_0002_0217" 9191
"/Engine/EngineMaterials/Substrate/Glints2/dict_0002_0216" 9192
"/Engine/EngineMaterials/Substrate/Glints2/dict_0002_0215" 9193
"/Engine/EngineMaterials/Substrate/Glints2/dict_0002_0214" 9194
"/Engine/EngineMaterials/Substrate/Glints2/dict_0002_0213" 9195
"/Engine/EngineMaterials/Substrate/Glints2/dict_0002_0212" 9196
"/Engine/EngineMaterials/Substrate/Glints2/dict_0002_0211" 9197
"/Engine/EngineMaterials/Substrate/Glints2/dict_0002_0210" 9198
"/Engine/EngineMaterials/Substrate/Glints2/dict_0002_0209" 9199
"/Engine/EngineMaterials/Substrate/Glints2/dict_0002_0208" 9200
"/Engine/EngineMaterials/Substrate/Glints2/dict_0002_0207" 9201
"/Engine/EngineMaterials/Substrate/Glints2/dict_0002_0206" 9202
"/Engine/EngineMaterials/Substrate/Glints2/dict_0002_0205" 9203
"../../../Engine/Content/EngineMaterials/Substrate/Glints2/dict_0002_0242.uasset" 9204
"../../../Engine/Content/EngineMaterials/Substrate/Glints2/dict_0002_0241.uasset" 9205
"../../../Engine/Content/EngineMaterials/Substrate/Glints2/dict_0002_0240.uasset" 9206
"../../../Engine/Content/EngineMaterials/Substrate/Glints2/dict_0002_0238.uasset" 9207
"../../../Engine/Content/EngineMaterials/Substrate/Glints2/dict_0002_0239.uasset" 9208
"../../../Engine/Content/EngineMaterials/Substrate/Glints2/dict_0002_0246.uasset" 9209
"../../../Engine/Content/EngineMaterials/Substrate/Glints2/dict_0002_0247.uasset" 9210
"../../../Engine/Content/EngineMaterials/Substrate/Glints2/dict_0002_0249.uasset" 9211
"../../../Engine/Content/EngineMaterials/Substrate/Glints2/dict_0002_0244.uasset" 9212
"../../../Engine/Content/EngineMaterials/Substrate/Glints2/dict_0002_0243.uasset" 9213
"../../../Engine/Content/EngineMaterials/Substrate/Glints2/dict_0002_0250.uasset" 9214
"/Engine/EngineMaterials/Substrate/Glints2/dict_0002_0236" 9215
"../../../Engine/Content/EngineMaterials/Substrate/Glints2/dict_0002_0237.uasset" 9216
"../../../Engine/Content/EngineMaterials/Substrate/Glints2/dict_0002_0245.uasset" 9217
"../../../Engine/Content/EngineMaterials/Substrate/Glints2/dict_0002_0253.uasset" 9218
"../../../Engine/Content/EngineMaterials/Substrate/Glints2/dict_0002_0252.uasset" 9219
"../../../Engine/Content/EngineMaterials/Substrate/Glints2/dict_0002_0248.uasset" 9220
"../../../Engine/Content/EngineMaterials/Substrate/Glints2/dict_0002_0254.uasset" 9221
"../../../Engine/Content/EngineMaterials/Substrate/Glints2/dict_0002_0251.uasset" 9222
"/Engine/EngineMaterials/Substrate/Glints2/dict_0002_0235" 9223
"/Engine/EngineMaterials/Substrate/Glints2/dict_0002_0234" 9224
"/Engine/EngineMaterials/Substrate/Glints2/dict_0002_0233" 9225
"/Engine/EngineMaterials/Substrate/Glints2/dict_0002_0232" 9226
"/Engine/EngineMaterials/Substrate/Glints2/dict_0002_0231" 9227
"/Engine/EngineMaterials/Substrate/Glints2/dict_0002_0230" 9228
"/Engine/EngineMaterials/Substrate/Glints2/dict_0002_0229" 9229
"/Engine/EngineMaterials/Substrate/Glints2/dict_0002_0228" 9230
"/Engine/EngineMaterials/Substrate/Glints2/dict_0002_0227" 9231
"/Engine/EngineMaterials/Substrate/Glints2/dict_0002_0226" 9232
"/Engine/EngineMaterials/Substrate/Glints2/dict_0002_0225" 9233
"/Engine/EngineMaterials/Substrate/Glints2/dict_0002_0224" 9234
"/Engine/EngineMaterials/Substrate/Glints2/dict_0002_0223" 9235
"../../../Engine/Content/EngineMaterials/Substrate/Glints2/dict_0003_0001.uasset" 9236
"../../../Engine/Content/EngineMaterials/Substrate/Glints2/dict_0002_0255.uasset" 9237
"../../../Engine/Content/EngineMaterials/Substrate/Glints2/dict_0003_0007.uasset" 9238
"../../../Engine/Content/EngineMaterials/Substrate/Glints2/dict_0003_0000.uasset" 9239
"../../../Engine/Content/EngineMaterials/Substrate/Glints2/dict_0003_0002.uasset" 9240
"../../../Engine/Content/EngineMaterials/Substrate/Glints2/dict_0003_0004.uasset" 9241
"../../../Engine/Content/EngineMaterials/Substrate/Glints2/dict_0003_0011.uasset" 9242
"../../../Engine/Content/EngineMaterials/Substrate/Glints2/dict_0003_0012.uasset" 9243
"../../../Engine/Content/EngineMaterials/Substrate/Glints2/dict_0003_0005.uasset" 9244
"../../../Engine/Content/EngineMaterials/Substrate/Glints2/dict_0003_0003.uasset" 9245
"../../../Engine/Content/EngineMaterials/Substrate/Glints2/dict_0003_0009.uasset" 9246
"../../../Engine/Content/EngineMaterials/Substrate/Glints2/dict_0003_0010.uasset" 9247
"../../../Engine/Content/EngineMaterials/Substrate/Glints2/dict_0003_0006.uasset" 9248
"/Engine/EngineMaterials/Substrate/Glints2/dict_0002_0254" 9249
"../../../Engine/Content/EngineMaterials/Substrate/Glints2/dict_0003_0008.uasset" 9250
"/Engine/EngineMaterials/Substrate/Glints2/dict_0002_0253" 9251
"/Engine/EngineMaterials/Substrate/Glints2/dict_0002_0252" 9252
"/Engine/EngineMaterials/Substrate/Glints2/dict_0002_0251" 9253
"/Engine/EngineMaterials/Substrate/Glints2/dict_0002_0250" 9254
"/Engine/EngineMaterials/Substrate/Glints2/dict_0002_0249" 9255
"/Engine/EngineMaterials/Substrate/Glints2/dict_0002_0248" 9256
"/Engine/EngineMaterials/Substrate/Glints2/dict_0002_0247" 9257
"/Engine/EngineMaterials/Substrate/Glints2/dict_0002_0246" 9258
"/Engine/EngineMaterials/Substrate/Glints2/dict_0002_0245" 9259
"/Engine/EngineMaterials/Substrate/Glints2/dict_0002_0244" 9260
"/Engine/EngineMaterials/Substrate/Glints2/dict_0002_0243" 9261
"/Engine/EngineMaterials/Substrate/Glints2/dict_0002_0242" 9262
"/Engine/EngineMaterials/Substrate/Glints2/dict_0002_0241" 9263
"/Engine/EngineMaterials/Substrate/Glints2/dict_0002_0240" 9264
"/Engine/EngineMaterials/Substrate/Glints2/dict_0002_0239" 9265
"/Engine/EngineMaterials/Substrate/Glints2/dict_0002_0238" 9266
"/Engine/EngineMaterials/Substrate/Glints2/dict_0002_0237" 9267
"../../../Engine/Content/EngineMaterials/Substrate/Glints2/dict_0003_0013.uasset" 9268
"../../../Engine/Content/EngineMaterials/Substrate/Glints2/dict_0003_0016.uasset" 9269
"../../../Engine/Content/EngineMaterials/Substrate/Glints2/dict_0003_0020.uasset" 9270
"../../../Engine/Content/EngineMaterials/Substrate/Glints2/dict_0003_0014.uasset" 9271
"../../../Engine/Content/EngineMaterials/Substrate/Glints2/dict_0003_0021.uasset" 9272
"../../../Engine/Content/EngineMaterials/Substrate/Glints2/dict_0003_0022.uasset" 9273
"../../../Engine/Content/EngineMaterials/Substrate/Glints2/dict_0003_0017.uasset" 9274
"../../../Engine/Content/EngineMaterials/Substrate/Glints2/dict_0003_0023.uasset" 9275
"/Engine/EngineMaterials/Substrate/Glints2/dict_0003_0012" 9276
"../../../Engine/Content/EngineMaterials/Substrate/Glints2/dict_0003_0025.uasset" 9277
"../../../Engine/Content/EngineMaterials/Substrate/Glints2/dict_0003_0026.uasset" 9278
"../../../Engine/Content/EngineMaterials/Substrate/Glints2/dict_0003_0018.uasset" 9279
"../../../Engine/Content/EngineMaterials/Substrate/Glints2/dict_0003_0024.uasset" 9280
"../../../Engine/Content/EngineMaterials/Substrate/Glints2/dict_0003_0019.uasset" 9281
"../../../Engine/Content/EngineMaterials/Substrate/Glints2/dict_0003_0015.uasset" 9282
"../../../Engine/Content/EngineMaterials/Substrate/Glints2/dict_0003_0028.uasset" 9283
"../../../Engine/Content/EngineMaterials/Substrate/Glints2/dict_0003_0029.uasset" 9284
"../../../Engine/Content/EngineMaterials/Substrate/Glints2/dict_0003_0030.uasset" 9285
"../../../Engine/Content/EngineMaterials/Substrate/Glints2/dict_0003_0027.uasset" 9286
"/Engine/EngineMaterials/Substrate/Glints2/dict_0003_0011" 9287
"/Engine/EngineMaterials/Substrate/Glints2/dict_0003_0010" 9288
"/Engine/EngineMaterials/Substrate/Glints2/dict_0003_0009" 9289
"/Engine/EngineMaterials/Substrate/Glints2/dict_0003_0008" 9290
"/Engine/EngineMaterials/Substrate/Glints2/dict_0003_0007" 9291
"/Engine/EngineMaterials/Substrate/Glints2/dict_0003_0006" 9292
"/Engine/EngineMaterials/Substrate/Glints2/dict_0003_0005" 9293
"/Engine/EngineMaterials/Substrate/Glints2/dict_0003_0004" 9294
"/Engine/EngineMaterials/Substrate/Glints2/dict_0003_0003" 9295
"/Engine/EngineMaterials/Substrate/Glints2/dict_0003_0002" 9296
"/Engine/EngineMaterials/Substrate/Glints2/dict_0003_0001" 9297
"/Engine/EngineMaterials/Substrate/Glints2/dict_0003_0000" 9298
"/Engine/EngineMaterials/Substrate/Glints2/dict_0002_0255" 9299
"../../../Engine/Content/EngineMaterials/Substrate/Glints2/dict_0003_0032.uasset" 9300
"../../../Engine/Content/EngineMaterials/Substrate/Glints2/dict_0003_0038.uasset" 9301
"../../../Engine/Content/EngineMaterials/Substrate/Glints2/dict_0003_0039.uasset" 9302
"../../../Engine/Content/EngineMaterials/Substrate/Glints2/dict_0003_0035.uasset" 9303
"/Engine/EngineMaterials/Substrate/Glints2/dict_0003_0030" 9304
"../../../Engine/Content/EngineMaterials/Substrate/Glints2/dict_0003_0031.uasset" 9305
"../../../Engine/Content/EngineMaterials/Substrate/Glints2/dict_0003_0042.uasset" 9306
"../../../Engine/Content/EngineMaterials/Substrate/Glints2/dict_0003_0041.uasset" 9307
"../../../Engine/Content/EngineMaterials/Substrate/Glints2/dict_0003_0034.uasset" 9308
"../../../Engine/Content/EngineMaterials/Substrate/Glints2/dict_0003_0037.uasset" 9309
"../../../Engine/Content/EngineMaterials/Substrate/Glints2/dict_0003_0043.uasset" 9310
"../../../Engine/Content/EngineMaterials/Substrate/Glints2/dict_0003_0040.uasset" 9311
"../../../Engine/Content/EngineMaterials/Substrate/Glints2/dict_0003_0036.uasset" 9312
"../../../Engine/Content/EngineMaterials/Substrate/Glints2/dict_0003_0044.uasset" 9313
"../../../Engine/Content/EngineMaterials/Substrate/Glints2/dict_0003_0033.uasset" 9314
"/Engine/EngineMaterials/Substrate/Glints2/dict_0003_0029" 9315
"/Engine/EngineMaterials/Substrate/Glints2/dict_0003_0028" 9316
"/Engine/EngineMaterials/Substrate/Glints2/dict_0003_0027" 9317
"/Engine/EngineMaterials/Substrate/Glints2/dict_0003_0026" 9318
"/Engine/EngineMaterials/Substrate/Glints2/dict_0003_0025" 9319
"/Engine/EngineMaterials/Substrate/Glints2/dict_0003_0024" 9320
"/Engine/EngineMaterials/Substrate/Glints2/dict_0003_0023" 9321
"/Engine/EngineMaterials/Substrate/Glints2/dict_0003_0022" 9322
"/Engine/EngineMaterials/Substrate/Glints2/dict_0003_0021" 9323
"/Engine/EngineMaterials/Substrate/Glints2/dict_0003_0020" 9324
"/Engine/EngineMaterials/Substrate/Glints2/dict_0003_0019" 9325
"/Engine/EngineMaterials/Substrate/Glints2/dict_0003_0018" 9326
"/Engine/EngineMaterials/Substrate/Glints2/dict_0003_0017" 9327
"/Engine/EngineMaterials/Substrate/Glints2/dict_0003_0016" 9328
"/Engine/EngineMaterials/Substrate/Glints2/dict_0003_0015" 9329
"/Engine/EngineMaterials/Substrate/Glints2/dict_0003_0014" 9330
"/Engine/EngineMaterials/Substrate/Glints2/dict_0003_0013" 9331
"../../../Engine/Content/EngineMaterials/Substrate/Glints2/dict_0003_0049.uasset" 9332
"../../../Engine/Content/EngineMaterials/Substrate/Glints2/dict_0003_0052.uasset" 9333
"../../../Engine/Content/EngineMaterials/Substrate/Glints2/dict_0003_0046.uasset" 9334
"/Engine/EngineMaterials/Substrate/Glints2/dict_0003_0044" 9335
"../../../Engine/Content/EngineMaterials/Substrate/Glints2/dict_0003_0055.uasset" 9336
"../../../Engine/Content/EngineMaterials/Substrate/Glints2/dict_0003_0054.uasset" 9337
"../../../Engine/Content/EngineMaterials/Substrate/Glints2/dict_0003_0045.uasset" 9338
"../../../Engine/Content/EngineMaterials/Substrate/Glints2/dict_0003_0059.uasset" 9339
"../../../Engine/Content/EngineMaterials/Substrate/Glints2/dict_0003_0050.uasset" 9340
"../../../Engine/Content/EngineMaterials/Substrate/Glints2/dict_0003_0060.uasset" 9341
"../../../Engine/Content/EngineMaterials/Substrate/Glints2/dict_0003_0061.uasset" 9342
"/Engine/EngineMaterials/Substrate/Glints2/dict_0003_0043" 9343
"../../../Engine/Content/EngineMaterials/Substrate/Glints2/dict_0003_0056.uasset" 9344
"../../../Engine/Content/EngineMaterials/Substrate/Glints2/dict_0003_0057.uasset" 9345
"../../../Engine/Content/EngineMaterials/Substrate/Glints2/dict_0003_0062.uasset" 9346
"../../../Engine/Content/EngineMaterials/Substrate/Glints2/dict_0003_0051.uasset" 9347
"../../../Engine/Content/EngineMaterials/Substrate/Glints2/dict_0003_0048.uasset" 9348
"../../../Engine/Content/EngineMaterials/Substrate/Glints2/dict_0003_0047.uasset" 9349
"../../../Engine/Content/EngineMaterials/Substrate/Glints2/dict_0003_0058.uasset" 9350
"/Engine/EngineMaterials/Substrate/Glints2/dict_0003_0042" 9351
"../../../Engine/Content/EngineMaterials/Substrate/Glints2/dict_0003_0053.uasset" 9352
"/Engine/EngineMaterials/Substrate/Glints2/dict_0003_0041" 9353
"/Engine/EngineMaterials/Substrate/Glints2/dict_0003_0040" 9354
"/Engine/EngineMaterials/Substrate/Glints2/dict_0003_0039" 9355
"/Engine/EngineMaterials/Substrate/Glints2/dict_0003_0038" 9356
"/Engine/EngineMaterials/Substrate/Glints2/dict_0003_0037" 9357
"/Engine/EngineMaterials/Substrate/Glints2/dict_0003_0036" 9358
"/Engine/EngineMaterials/Substrate/Glints2/dict_0003_0035" 9359
"/Engine/EngineMaterials/Substrate/Glints2/dict_0003_0034" 9360
"/Engine/EngineMaterials/Substrate/Glints2/dict_0003_0033" 9361
"/Engine/EngineMaterials/Substrate/Glints2/dict_0003_0032" 9362
"/Engine/EngineMaterials/Substrate/Glints2/dict_0003_0031" 9363
"../../../Engine/Content/EngineMaterials/Substrate/Glints2/dict_0003_0065.uasset" 9364
"../../../Engine/Content/EngineMaterials/Substrate/Glints2/dict_0003_0066.uasset" 9365
"../../../Engine/Content/EngineMaterials/Substrate/Glints2/dict_0003_0067.uasset" 9366
"../../../Engine/Content/EngineMaterials/Substrate/Glints2/dict_0003_0064.uasset" 9367
"../../../Engine/Content/EngineMaterials/Substrate/Glints2/dict_0003_0070.uasset" 9368
"../../../Engine/Content/EngineMaterials/Substrate/Glints2/dict_0003_0068.uasset" 9369
"../../../Engine/Content/EngineMaterials/Substrate/Glints2/dict_0003_0071.uasset" 9370
"/Engine/EngineMaterials/Substrate/Glints2/dict_0003_0062" 9371
"../../../Engine/Content/EngineMaterials/Substrate/Glints2/dict_0003_0073.uasset" 9372
"../../../Engine/Content/EngineMaterials/Substrate/Glints2/dict_0003_0072.uasset" 9373
"../../../Engine/Content/EngineMaterials/Substrate/Glints2/dict_0003_0074.uasset" 9374
"../../../Engine/Content/EngineMaterials/Substrate/Glints2/dict_0003_0069.uasset" 9375
"../../../Engine/Content/EngineMaterials/Substrate/Glints2/dict_0003_0075.uasset" 9376
"/Engine/EngineMaterials/Substrate/Glints2/dict_0003_0061" 9377
"../../../Engine/Content/EngineMaterials/Substrate/Glints2/dict_0003_0076.uasset" 9378
"/Engine/EngineMaterials/Substrate/Glints2/dict_0003_0060" 9379
"/Engine/EngineMaterials/Substrate/Glints2/dict_0003_0059" 9380
"../../../Engine/Content/EngineMaterials/Substrate/Glints2/dict_0003_0063.uasset" 9381
"/Engine/EngineMaterials/Substrate/Glints2/dict_0003_0058" 9382
"/Engine/EngineMaterials/Substrate/Glints2/dict_0003_0057" 9383
"/Engine/EngineMaterials/Substrate/Glints2/dict_0003_0056" 9384
"/Engine/EngineMaterials/Substrate/Glints2/dict_0003_0055" 9385
"/Engine/EngineMaterials/Substrate/Glints2/dict_0003_0054" 9386
"/Engine/EngineMaterials/Substrate/Glints2/dict_0003_0053" 9387
"/Engine/EngineMaterials/Substrate/Glints2/dict_0003_0052" 9388
"/Engine/EngineMaterials/Substrate/Glints2/dict_0003_0051" 9389
"/Engine/EngineMaterials/Substrate/Glints2/dict_0003_0050" 9390
"/Engine/EngineMaterials/Substrate/Glints2/dict_0003_0049" 9391
"/Engine/EngineMaterials/Substrate/Glints2/dict_0003_0048" 9392
"/Engine/EngineMaterials/Substrate/Glints2/dict_0003_0047" 9393
"/Engine/EngineMaterials/Substrate/Glints2/dict_0003_0046" 9394
"/Engine/EngineMaterials/Substrate/Glints2/dict_0003_0045" 9395
"../../../Engine/Content/EngineMaterials/Substrate/Glints2/dict_0003_0083.uasset" 9396
"../../../Engine/Content/EngineMaterials/Substrate/Glints2/dict_0003_0077.uasset" 9397
"/Engine/EngineMaterials/Substrate/Glints2/dict_0003_0076" 9398
"../../../Engine/Content/EngineMaterials/Substrate/Glints2/dict_0003_0080.uasset" 9399
"../../../Engine/Content/EngineMaterials/Substrate/Glints2/dict_0003_0079.uasset" 9400
"../../../Engine/Content/EngineMaterials/Substrate/Glints2/dict_0003_0086.uasset" 9401
"../../../Engine/Content/EngineMaterials/Substrate/Glints2/dict_0003_0084.uasset" 9402
"../../../Engine/Content/EngineMaterials/Substrate/Glints2/dict_0003_0088.uasset" 9403
"../../../Engine/Content/EngineMaterials/Substrate/Glints2/dict_0003_0085.uasset" 9404
"../../../Engine/Content/EngineMaterials/Substrate/Glints2/dict_0003_0082.uasset" 9405
"../../../Engine/Content/EngineMaterials/Substrate/Glints2/dict_0003_0089.uasset" 9406
"../../../Engine/Content/EngineMaterials/Substrate/Glints2/dict_0003_0091.uasset" 9407
"../../../Engine/Content/EngineMaterials/Substrate/Glints2/dict_0003_0081.uasset" 9408
"../../../Engine/Content/EngineMaterials/Substrate/Glints2/dict_0003_0094.uasset" 9409
"../../../Engine/Content/EngineMaterials/Substrate/Glints2/dict_0003_0090.uasset" 9410
"../../../Engine/Content/EngineMaterials/Substrate/Glints2/dict_0003_0078.uasset" 9411
"../../../Engine/Content/EngineMaterials/Substrate/Glints2/dict_0003_0087.uasset" 9412
"/Engine/EngineMaterials/Substrate/Glints2/dict_0003_0075" 9413
"../../../Engine/Content/EngineMaterials/Substrate/Glints2/dict_0003_0092.uasset" 9414
"../../../Engine/Content/EngineMaterials/Substrate/Glints2/dict_0003_0093.uasset" 9415
"/Engine/EngineMaterials/Substrate/Glints2/dict_0003_0074" 9416
"/Engine/EngineMaterials/Substrate/Glints2/dict_0003_0073" 9417
"/Engine/EngineMaterials/Substrate/Glints2/dict_0003_0072" 9418
"/Engine/EngineMaterials/Substrate/Glints2/dict_0003_0071" 9419
"/Engine/EngineMaterials/Substrate/Glints2/dict_0003_0070" 9420
"/Engine/EngineMaterials/Substrate/Glints2/dict_0003_0069" 9421
"/Engine/EngineMaterials/Substrate/Glints2/dict_0003_0068" 9422
"/Engine/EngineMaterials/Substrate/Glints2/dict_0003_0067" 9423
"/Engine/EngineMaterials/Substrate/Glints2/dict_0003_0066" 9424
"/Engine/EngineMaterials/Substrate/Glints2/dict_0003_0065" 9425
"/Engine/EngineMaterials/Substrate/Glints2/dict_0003_0064" 9426
"/Engine/EngineMaterials/Substrate/Glints2/dict_0003_0063" 9427
"../../../Engine/Content/EngineMaterials/Substrate/Glints2/dict_0003_0095.uasset" 9428
"../../../Engine/Content/EngineMaterials/Substrate/Glints2/dict_0003_0098.uasset" 9429
"../../../Engine/Content/EngineMaterials/Substrate/Glints2/dict_0003_0099.uasset" 9430
"/Engine/EngineMaterials/Substrate/Glints2/dict_0003_0094" 9431
"../../../Engine/Content/EngineMaterials/Substrate/Glints2/dict_0003_0101.uasset" 9432
"../../../Engine/Content/EngineMaterials/Substrate/Glints2/dict_0003_0102.uasset" 9433
"../../../Engine/Content/EngineMaterials/Substrate/Glints2/dict_0003_0100.uasset" 9434
"../../../Engine/Content/EngineMaterials/Substrate/Glints2/dict_0003_0097.uasset" 9435
"../../../Engine/Content/EngineMaterials/Substrate/Glints2/dict_0003_0096.uasset" 9436
"../../../Engine/Content/EngineMaterials/Substrate/Glints2/dict_0003_0105.uasset" 9437
"../../../Engine/Content/EngineMaterials/Substrate/Glints2/dict_0003_0103.uasset" 9438
"../../../Engine/Content/EngineMaterials/Substrate/Glints2/dict_0003_0104.uasset" 9439
"/Engine/EngineMaterials/Substrate/Glints2/dict_0003_0093" 9440
"../../../Engine/Content/EngineMaterials/Substrate/Glints2/dict_0003_0108.uasset" 9441
"/Engine/EngineMaterials/Substrate/Glints2/dict_0003_0092" 9442
"../../../Engine/Content/EngineMaterials/Substrate/Glints2/dict_0003_0107.uasset" 9443
"../../../Engine/Content/EngineMaterials/Substrate/Glints2/dict_0003_0106.uasset" 9444
"/Engine/EngineMaterials/Substrate/Glints2/dict_0003_0091" 9445
"/Engine/EngineMaterials/Substrate/Glints2/dict_0003_0090" 9446
"/Engine/EngineMaterials/Substrate/Glints2/dict_0003_0089" 9447
"/Engine/EngineMaterials/Substrate/Glints2/dict_0003_0088" 9448
"/Engine/EngineMaterials/Substrate/Glints2/dict_0003_0087" 9449
"/Engine/EngineMaterials/Substrate/Glints2/dict_0003_0086" 9450
"/Engine/EngineMaterials/Substrate/Glints2/dict_0003_0085" 9451
"/Engine/EngineMaterials/Substrate/Glints2/dict_0003_0084" 9452
"/Engine/EngineMaterials/Substrate/Glints2/dict_0003_0083" 9453
"/Engine/EngineMaterials/Substrate/Glints2/dict_0003_0082" 9454
"/Engine/EngineMaterials/Substrate/Glints2/dict_0003_0081" 9455
"/Engine/EngineMaterials/Substrate/Glints2/dict_0003_0080" 9456
"/Engine/EngineMaterials/Substrate/Glints2/dict_0003_0079" 9457
"/Engine/EngineMaterials/Substrate/Glints2/dict_0003_0078" 9458
"/Engine/EngineMaterials/Substrate/Glints2/dict_0003_0077" 9459
"/Engine/EngineMaterials/Substrate/Glints2/dict_0003_0108" 9460
"../../../Engine/Content/EngineMaterials/Substrate/Glints2/dict_0003_0111.uasset" 9461
"../../../Engine/Content/EngineMaterials/Substrate/Glints2/dict_0003_0113.uasset" 9462
"../../../Engine/Content/EngineMaterials/Substrate/Glints2/dict_0003_0116.uasset" 9463
"../../../Engine/Content/EngineMaterials/Substrate/Glints2/dict_0003_0112.uasset" 9464
"../../../Engine/Content/EngineMaterials/Substrate/Glints2/dict_0003_0118.uasset" 9465
"../../../Engine/Content/EngineMaterials/Substrate/Glints2/dict_0003_0119.uasset" 9466
"../../../Engine/Content/EngineMaterials/Substrate/Glints2/dict_0003_0115.uasset" 9467
"../../../Engine/Content/EngineMaterials/Substrate/Glints2/dict_0003_0114.uasset" 9468
"../../../Engine/Content/EngineMaterials/Substrate/Glints2/dict_0003_0110.uasset" 9469
"../../../Engine/Content/EngineMaterials/Substrate/Glints2/dict_0003_0117.uasset" 9470
"../../../Engine/Content/EngineMaterials/Substrate/Glints2/dict_0003_0120.uasset" 9471
"../../../Engine/Content/EngineMaterials/Substrate/Glints2/dict_0003_0121.uasset" 9472
"../../../Engine/Content/EngineMaterials/Substrate/Glints2/dict_0003_0122.uasset" 9473
"../../../Engine/Content/EngineMaterials/Substrate/Glints2/dict_0003_0123.uasset" 9474
"../../../Engine/Content/EngineMaterials/Substrate/Glints2/dict_0003_0124.uasset" 9475
"../../../Engine/Content/EngineMaterials/Substrate/Glints2/dict_0003_0125.uasset" 9476
"../../../Engine/Content/EngineMaterials/Substrate/Glints2/dict_0003_0126.uasset" 9477
"/Engine/EngineMaterials/Substrate/Glints2/dict_0003_0107" 9478
"../../../Engine/Content/EngineMaterials/Substrate/Glints2/dict_0003_0109.uasset" 9479
"/Engine/EngineMaterials/Substrate/Glints2/dict_0003_0106" 9480
"/Engine/EngineMaterials/Substrate/Glints2/dict_0003_0105" 9481
"/Engine/EngineMaterials/Substrate/Glints2/dict_0003_0104" 9482
"/Engine/EngineMaterials/Substrate/Glints2/dict_0003_0103" 9483
"/Engine/EngineMaterials/Substrate/Glints2/dict_0003_0102" 9484
"/Engine/EngineMaterials/Substrate/Glints2/dict_0003_0101" 9485
"/Engine/EngineMaterials/Substrate/Glints2/dict_0003_0100" 9486
"/Engine/EngineMaterials/Substrate/Glints2/dict_0003_0099" 9487
"/Engine/EngineMaterials/Substrate/Glints2/dict_0003_0098" 9488
"/Engine/EngineMaterials/Substrate/Glints2/dict_0003_0097" 9489
"/Engine/EngineMaterials/Substrate/Glints2/dict_0003_0096" 9490
"/Engine/EngineMaterials/Substrate/Glints2/dict_0003_0095" 9491
"../../../Engine/Content/EngineMaterials/Substrate/Glints2/dict_0003_0129.uasset" 9492
"../../../Engine/Content/EngineMaterials/Substrate/Glints2/dict_0003_0133.uasset" 9493
"../../../Engine/Content/EngineMaterials/Substrate/Glints2/dict_0003_0136.uasset" 9494
"../../../Engine/Content/EngineMaterials/Substrate/Glints2/dict_0003_0127.uasset" 9495
"../../../Engine/Content/EngineMaterials/Substrate/Glints2/dict_0003_0137.uasset" 9496
"../../../Engine/Content/EngineMaterials/Substrate/Glints2/dict_0003_0138.uasset" 9497
"../../../Engine/Content/EngineMaterials/Substrate/Glints2/dict_0003_0139.uasset" 9498
"../../../Engine/Content/EngineMaterials/Substrate/Glints2/dict_0003_0140.uasset" 9499
"../../../Engine/Content/EngineMaterials/Substrate/Glints2/dict_0003_0135.uasset" 9500
"../../../Engine/Content/EngineMaterials/Substrate/Glints2/dict_0003_0130.uasset" 9501
"/Engine/EngineMaterials/Substrate/Glints2/dict_0003_0126" 9502
"../../../Engine/Content/EngineMaterials/Substrate/Glints2/dict_0003_0134.uasset" 9503
"../../../Engine/Content/EngineMaterials/Substrate/Glints2/dict_0003_0128.uasset" 9504
"../../../Engine/Content/EngineMaterials/Substrate/Glints2/dict_0003_0132.uasset" 9505
"../../../Engine/Content/EngineMaterials/Substrate/Glints2/dict_0003_0131.uasset" 9506
"/Engine/EngineMaterials/Substrate/Glints2/dict_0003_0125" 9507
"/Engine/EngineMaterials/Substrate/Glints2/dict_0003_0124" 9508
"/Engine/EngineMaterials/Substrate/Glints2/dict_0003_0123" 9509
"/Engine/EngineMaterials/Substrate/Glints2/dict_0003_0122" 9510
"/Engine/EngineMaterials/Substrate/Glints2/dict_0003_0121" 9511
"/Engine/EngineMaterials/Substrate/Glints2/dict_0003_0120" 9512
"/Engine/EngineMaterials/Substrate/Glints2/dict_0003_0119" 9513
"/Engine/EngineMaterials/Substrate/Glints2/dict_0003_0118" 9514
"/Engine/EngineMaterials/Substrate/Glints2/dict_0003_0117" 9515
"/Engine/EngineMaterials/Substrate/Glints2/dict_0003_0116" 9516
"/Engine/EngineMaterials/Substrate/Glints2/dict_0003_0115" 9517
"/Engine/EngineMaterials/Substrate/Glints2/dict_0003_0114" 9518
"/Engine/EngineMaterials/Substrate/Glints2/dict_0003_0113" 9519
"/Engine/EngineMaterials/Substrate/Glints2/dict_0003_0112" 9520
"/Engine/EngineMaterials/Substrate/Glints2/dict_0003_0111" 9521
"/Engine/EngineMaterials/Substrate/Glints2/dict_0003_0110" 9522
"/Engine/EngineMaterials/Substrate/Glints2/dict_0003_0109" 9523
"../../../Engine/Content/EngineMaterials/Substrate/Glints2/dict_0003_0142.uasset" 9524
"../../../Engine/Content/EngineMaterials/Substrate/Glints2/dict_0003_0141.uasset" 9525
"../../../Engine/Content/EngineMaterials/Substrate/Glints2/dict_0003_0148.uasset" 9526
"../../../Engine/Content/EngineMaterials/Substrate/Glints2/dict_0003_0147.uasset" 9527
"../../../Engine/Content/EngineMaterials/Substrate/Glints2/dict_0003_0152.uasset" 9528
"../../../Engine/Content/EngineMaterials/Substrate/Glints2/dict_0003_0149.uasset" 9529
"../../../Engine/Content/EngineMaterials/Substrate/Glints2/dict_0003_0150.uasset" 9530
"../../../Engine/Content/EngineMaterials/Substrate/Glints2/dict_0003_0145.uasset" 9531
"../../../Engine/Content/EngineMaterials/Substrate/Glints2/dict_0003_0146.uasset" 9532
"/Engine/EngineMaterials/Substrate/Glints2/dict_0003_0140" 9533
"../../../Engine/Content/EngineMaterials/Substrate/Glints2/dict_0003_0153.uasset" 9534
"../../../Engine/Content/EngineMaterials/Substrate/Glints2/dict_0003_0154.uasset" 9535
"../../../Engine/Content/EngineMaterials/Substrate/Glints2/dict_0003_0156.uasset" 9536
"../../../Engine/Content/EngineMaterials/Substrate/Glints2/dict_0003_0155.uasset" 9537
"../../../Engine/Content/EngineMaterials/Substrate/Glints2/dict_0003_0151.uasset" 9538
"../../../Engine/Content/EngineMaterials/Substrate/Glints2/dict_0003_0157.uasset" 9539
"../../../Engine/Content/EngineMaterials/Substrate/Glints2/dict_0003_0143.uasset" 9540
"/Engine/EngineMaterials/Substrate/Glints2/dict_0003_0139" 9541
"../../../Engine/Content/EngineMaterials/Substrate/Glints2/dict_0003_0144.uasset" 9542
"../../../Engine/Content/EngineMaterials/Substrate/Glints2/dict_0003_0158.uasset" 9543
"/Engine/EngineMaterials/Substrate/Glints2/dict_0003_0138" 9544
"/Engine/EngineMaterials/Substrate/Glints2/dict_0003_0137" 9545
"/Engine/EngineMaterials/Substrate/Glints2/dict_0003_0136" 9546
"/Engine/EngineMaterials/Substrate/Glints2/dict_0003_0135" 9547
"/Engine/EngineMaterials/Substrate/Glints2/dict_0003_0134" 9548
"/Engine/EngineMaterials/Substrate/Glints2/dict_0003_0133" 9549
"/Engine/EngineMaterials/Substrate/Glints2/dict_0003_0132" 9550
"/Engine/EngineMaterials/Substrate/Glints2/dict_0003_0131" 9551
"/Engine/EngineMaterials/Substrate/Glints2/dict_0003_0130" 9552
"/Engine/EngineMaterials/Substrate/Glints2/dict_0003_0129" 9553
"/Engine/EngineMaterials/Substrate/Glints2/dict_0003_0128" 9554
"/Engine/EngineMaterials/Substrate/Glints2/dict_0003_0127" 9555
"../../../Engine/Content/EngineMaterials/Substrate/Glints2/dict_0003_0160.uasset" 9556
"../../../Engine/Content/EngineMaterials/Substrate/Glints2/dict_0003_0162.uasset" 9557
"../../../Engine/Content/EngineMaterials/Substrate/Glints2/dict_0003_0169.uasset" 9558
"../../../Engine/Content/EngineMaterials/Substrate/Glints2/dict_0003_0168.uasset" 9559
"../../../Engine/Content/EngineMaterials/Substrate/Glints2/dict_0003_0163.uasset" 9560
"../../../Engine/Content/EngineMaterials/Substrate/Glints2/dict_0003_0170.uasset" 9561
"/Engine/EngineMaterials/Substrate/Glints2/dict_0003_0158" 9562
"../../../Engine/Content/EngineMaterials/Substrate/Glints2/dict_0003_0161.uasset" 9563
"../../../Engine/Content/EngineMaterials/Substrate/Glints2/dict_0003_0165.uasset" 9564
"../../../Engine/Content/EngineMaterials/Substrate/Glints2/dict_0003_0171.uasset" 9565
"../../../Engine/Content/EngineMaterials/Substrate/Glints2/dict_0003_0167.uasset" 9566
"../../../Engine/Content/EngineMaterials/Substrate/Glints2/dict_0003_0172.uasset" 9567
"../../../Engine/Content/EngineMaterials/Substrate/Glints2/dict_0003_0164.uasset" 9568
"../../../Engine/Content/EngineMaterials/Substrate/Glints2/dict_0003_0166.uasset" 9569
"../../../Engine/Content/EngineMaterials/Substrate/Glints2/dict_0003_0159.uasset" 9570
"/Engine/EngineMaterials/Substrate/Glints2/dict_0003_0157" 9571
"/Engine/EngineMaterials/Substrate/Glints2/dict_0003_0156" 9572
"/Engine/EngineMaterials/Substrate/Glints2/dict_0003_0155" 9573
"/Engine/EngineMaterials/Substrate/Glints2/dict_0003_0154" 9574
"/Engine/EngineMaterials/Substrate/Glints2/dict_0003_0153" 9575
"/Engine/EngineMaterials/Substrate/Glints2/dict_0003_0152" 9576
"/Engine/EngineMaterials/Substrate/Glints2/dict_0003_0151" 9577
"/Engine/EngineMaterials/Substrate/Glints2/dict_0003_0150" 9578
"/Engine/EngineMaterials/Substrate/Glints2/dict_0003_0149" 9579
"/Engine/EngineMaterials/Substrate/Glints2/dict_0003_0148" 9580
"/Engine/EngineMaterials/Substrate/Glints2/dict_0003_0147" 9581
"/Engine/EngineMaterials/Substrate/Glints2/dict_0003_0146" 9582
"/Engine/EngineMaterials/Substrate/Glints2/dict_0003_0145" 9583
"/Engine/EngineMaterials/Substrate/Glints2/dict_0003_0144" 9584
"/Engine/EngineMaterials/Substrate/Glints2/dict_0003_0143" 9585
"/Engine/EngineMaterials/Substrate/Glints2/dict_0003_0142" 9586
"/Engine/EngineMaterials/Substrate/Glints2/dict_0003_0141" 9587
"../../../Engine/Content/EngineMaterials/Substrate/Glints2/dict_0003_0178.uasset" 9588
"../../../Engine/Content/EngineMaterials/Substrate/Glints2/dict_0003_0179.uasset" 9589
"../../../Engine/Content/EngineMaterials/Substrate/Glints2/dict_0003_0175.uasset" 9590
"../../../Engine/Content/EngineMaterials/Substrate/Glints2/dict_0003_0180.uasset" 9591
"../../../Engine/Content/EngineMaterials/Substrate/Glints2/dict_0003_0173.uasset" 9592
"../../../Engine/Content/EngineMaterials/Substrate/Glints2/dict_0003_0183.uasset" 9593
"../../../Engine/Content/EngineMaterials/Substrate/Glints2/dict_0003_0181.uasset" 9594
"/Engine/EngineMaterials/Substrate/Glints2/dict_0003_0172" 9595
"../../../Engine/Content/EngineMaterials/Substrate/Glints2/dict_0003_0176.uasset" 9596
"../../../Engine/Content/EngineMaterials/Substrate/Glints2/dict_0003_0177.uasset" 9597
"../../../Engine/Content/EngineMaterials/Substrate/Glints2/dict_0003_0185.uasset" 9598
"../../../Engine/Content/EngineMaterials/Substrate/Glints2/dict_0003_0186.uasset" 9599
"../../../Engine/Content/EngineMaterials/Substrate/Glints2/dict_0003_0184.uasset" 9600
"../../../Engine/Content/EngineMaterials/Substrate/Glints2/dict_0003_0174.uasset" 9601
"../../../Engine/Content/EngineMaterials/Substrate/Glints2/dict_0003_0182.uasset" 9602
"/Engine/EngineMaterials/Substrate/Glints2/dict_0003_0171" 9603
"../../../Engine/Content/EngineMaterials/Substrate/Glints2/dict_0003_0187.uasset" 9604
"../../../Engine/Content/EngineMaterials/Substrate/Glints2/dict_0003_0188.uasset" 9605
"../../../Engine/Content/EngineMaterials/Substrate/Glints2/dict_0003_0189.uasset" 9606
"../../../Engine/Content/EngineMaterials/Substrate/Glints2/dict_0003_0190.uasset" 9607
"/Engine/EngineMaterials/Substrate/Glints2/dict_0003_0170" 9608
"/Engine/EngineMaterials/Substrate/Glints2/dict_0003_0169" 9609
"/Engine/EngineMaterials/Substrate/Glints2/dict_0003_0168" 9610
"/Engine/EngineMaterials/Substrate/Glints2/dict_0003_0167" 9611
"/Engine/EngineMaterials/Substrate/Glints2/dict_0003_0166" 9612
"/Engine/EngineMaterials/Substrate/Glints2/dict_0003_0165" 9613
"/Engine/EngineMaterials/Substrate/Glints2/dict_0003_0164" 9614
"/Engine/EngineMaterials/Substrate/Glints2/dict_0003_0163" 9615
"/Engine/EngineMaterials/Substrate/Glints2/dict_0003_0162" 9616
"/Engine/EngineMaterials/Substrate/Glints2/dict_0003_0161" 9617
"/Engine/EngineMaterials/Substrate/Glints2/dict_0003_0160" 9618
"/Engine/EngineMaterials/Substrate/Glints2/dict_0003_0159" 9619
"../../../Engine/Content/EngineMaterials/Substrate/Glints2/dict_0003_0191.uasset" 9620
"../../../Engine/Content/EngineMaterials/Substrate/Glints2/dict_0003_0192.uasset" 9621
"../../../Engine/Content/EngineMaterials/Substrate/Glints2/dict_0003_0193.uasset" 9622
"../../../Engine/Content/EngineMaterials/Substrate/Glints2/dict_0003_0196.uasset" 9623
"../../../Engine/Content/EngineMaterials/Substrate/Glints2/dict_0003_0200.uasset" 9624
"../../../Engine/Content/EngineMaterials/Substrate/Glints2/dict_0003_0194.uasset" 9625
"../../../Engine/Content/EngineMaterials/Substrate/Glints2/dict_0003_0204.uasset" 9626
"../../../Engine/Content/EngineMaterials/Substrate/Glints2/dict_0003_0195.uasset" 9627
"../../../Engine/Content/EngineMaterials/Substrate/Glints2/dict_0003_0198.uasset" 9628
"../../../Engine/Content/EngineMaterials/Substrate/Glints2/dict_0003_0199.uasset" 9629
"../../../Engine/Content/EngineMaterials/Substrate/Glints2/dict_0003_0201.uasset" 9630
"/Engine/EngineMaterials/Substrate/Glints2/dict_0003_0190" 9631
"../../../Engine/Content/EngineMaterials/Substrate/Glints2/dict_0003_0197.uasset" 9632
"../../../Engine/Content/EngineMaterials/Substrate/Glints2/dict_0003_0202.uasset" 9633
"../../../Engine/Content/EngineMaterials/Substrate/Glints2/dict_0003_0203.uasset" 9634
"/Engine/EngineMaterials/Substrate/Glints2/dict_0003_0189" 9635
"/Engine/EngineMaterials/Substrate/Glints2/dict_0003_0188" 9636
"/Engine/EngineMaterials/Substrate/Glints2/dict_0003_0187" 9637
"/Engine/EngineMaterials/Substrate/Glints2/dict_0003_0186" 9638
"/Engine/EngineMaterials/Substrate/Glints2/dict_0003_0185" 9639
"/Engine/EngineMaterials/Substrate/Glints2/dict_0003_0184" 9640
"/Engine/EngineMaterials/Substrate/Glints2/dict_0003_0183" 9641
"/Engine/EngineMaterials/Substrate/Glints2/dict_0003_0182" 9642
"/Engine/EngineMaterials/Substrate/Glints2/dict_0003_0181" 9643
"/Engine/EngineMaterials/Substrate/Glints2/dict_0003_0180" 9644
"/Engine/EngineMaterials/Substrate/Glints2/dict_0003_0179" 9645
"/Engine/EngineMaterials/Substrate/Glints2/dict_0003_0178" 9646
"/Engine/EngineMaterials/Substrate/Glints2/dict_0003_0177" 9647
"/Engine/EngineMaterials/Substrate/Glints2/dict_0003_0176" 9648
"/Engine/EngineMaterials/Substrate/Glints2/dict_0003_0175" 9649
"/Engine/EngineMaterials/Substrate/Glints2/dict_0003_0174" 9650
"/Engine/EngineMaterials/Substrate/Glints2/dict_0003_0173" 9651
"/Engine/EngineMaterials/Substrate/Glints2/dict_0003_0204" 9652
"../../../Engine/Content/EngineMaterials/Substrate/Glints2/dict_0003_0208.uasset" 9653
"../../../Engine/Content/EngineMaterials/Substrate/Glints2/dict_0003_0211.uasset" 9654
"../../../Engine/Content/EngineMaterials/Substrate/Glints2/dict_0003_0212.uasset" 9655
"../../../Engine/Content/EngineMaterials/Substrate/Glints2/dict_0003_0205.uasset" 9656
"/Engine/EngineMaterials/Substrate/Glints2/dict_0003_0203" 9657
"../../../Engine/Content/EngineMaterials/Substrate/Glints2/dict_0003_0206.uasset" 9658
"../../../Engine/Content/EngineMaterials/Substrate/Glints2/dict_0003_0213.uasset" 9659
"../../../Engine/Content/EngineMaterials/Substrate/Glints2/dict_0003_0207.uasset" 9660
"../../../Engine/Content/EngineMaterials/Substrate/Glints2/dict_0003_0210.uasset" 9661
"../../../Engine/Content/EngineMaterials/Substrate/Glints2/dict_0003_0216.uasset" 9662
"/Engine/EngineMaterials/Substrate/Glints2/dict_0003_0202" 9663
"../../../Engine/Content/EngineMaterials/Substrate/Glints2/dict_0003_0209.uasset" 9664
"../../../Engine/Content/EngineMaterials/Substrate/Glints2/dict_0003_0220.uasset" 9665
"../../../Engine/Content/EngineMaterials/Substrate/Glints2/dict_0003_0222.uasset" 9666
"../../../Engine/Content/EngineMaterials/Substrate/Glints2/dict_0003_0221.uasset" 9667
"../../../Engine/Content/EngineMaterials/Substrate/Glints2/dict_0003_0219.uasset" 9668
"../../../Engine/Content/EngineMaterials/Substrate/Glints2/dict_0003_0215.uasset" 9669
"../../../Engine/Content/EngineMaterials/Substrate/Glints2/dict_0003_0218.uasset" 9670
"../../../Engine/Content/EngineMaterials/Substrate/Glints2/dict_0003_0217.uasset" 9671
"/Engine/EngineMaterials/Substrate/Glints2/dict_0003_0201" 9672
"../../../Engine/Content/EngineMaterials/Substrate/Glints2/dict_0003_0214.uasset" 9673
"/Engine/EngineMaterials/Substrate/Glints2/dict_0003_0200" 9674
"/Engine/EngineMaterials/Substrate/Glints2/dict_0003_0199" 9675
"/Engine/EngineMaterials/Substrate/Glints2/dict_0003_0198" 9676
"/Engine/EngineMaterials/Substrate/Glints2/dict_0003_0197" 9677
"/Engine/EngineMaterials/Substrate/Glints2/dict_0003_0196" 9678
"/Engine/EngineMaterials/Substrate/Glints2/dict_0003_0195" 9679
"/Engine/EngineMaterials/Substrate/Glints2/dict_0003_0194" 9680
"/Engine/EngineMaterials/Substrate/Glints2/dict_0003_0193" 9681
"/Engine/EngineMaterials/Substrate/Glints2/dict_0003_0192" 9682
"/Engine/EngineMaterials/Substrate/Glints2/dict_0003_0191" 9683
"../../../Engine/Content/EngineMaterials/Substrate/Glints2/dict_0003_0224.uasset" 9684
"../../../Engine/Content/EngineMaterials/Substrate/Glints2/dict_0003_0231.uasset" 9685
"../../../Engine/Content/EngineMaterials/Substrate/Glints2/dict_0003_0229.uasset" 9686
"/Engine/EngineMaterials/Substrate/Glints2/dict_0003_0222" 9687
"../../../Engine/Content/EngineMaterials/Substrate/Glints2/dict_0003_0226.uasset" 9688
"../../../Engine/Content/EngineMaterials/Substrate/Glints2/dict_0003_0236.uasset" 9689
"../../../Engine/Content/EngineMaterials/Substrate/Glints2/dict_0003_0235.uasset" 9690
"../../../Engine/Content/EngineMaterials/Substrate/Glints2/dict_0003_0233.uasset" 9691
"../../../Engine/Content/EngineMaterials/Substrate/Glints2/dict_0003_0223.uasset" 9692
"../../../Engine/Content/EngineMaterials/Substrate/Glints2/dict_0003_0230.uasset" 9693
"../../../Engine/Content/EngineMaterials/Substrate/Glints2/dict_0003_0227.uasset" 9694
"../../../Engine/Content/EngineMaterials/Substrate/Glints2/dict_0003_0228.uasset" 9695
"../../../Engine/Content/EngineMaterials/Substrate/Glints2/dict_0003_0234.uasset" 9696
"../../../Engine/Content/EngineMaterials/Substrate/Glints2/dict_0003_0232.uasset" 9697
"../../../Engine/Content/EngineMaterials/Substrate/Glints2/dict_0003_0225.uasset" 9698
"/Engine/EngineMaterials/Substrate/Glints2/dict_0003_0221" 9699
"/Engine/EngineMaterials/Substrate/Glints2/dict_0003_0220" 9700
"/Engine/EngineMaterials/Substrate/Glints2/dict_0003_0219" 9701
"/Engine/EngineMaterials/Substrate/Glints2/dict_0003_0218" 9702
"/Engine/EngineMaterials/Substrate/Glints2/dict_0003_0217" 9703
"/Engine/EngineMaterials/Substrate/Glints2/dict_0003_0216" 9704
"/Engine/EngineMaterials/Substrate/Glints2/dict_0003_0215" 9705
"/Engine/EngineMaterials/Substrate/Glints2/dict_0003_0214" 9706
"/Engine/EngineMaterials/Substrate/Glints2/dict_0003_0213" 9707
"/Engine/EngineMaterials/Substrate/Glints2/dict_0003_0212" 9708
"/Engine/EngineMaterials/Substrate/Glints2/dict_0003_0211" 9709
"/Engine/EngineMaterials/Substrate/Glints2/dict_0003_0210" 9710
"/Engine/EngineMaterials/Substrate/Glints2/dict_0003_0209" 9711
"/Engine/EngineMaterials/Substrate/Glints2/dict_0003_0208" 9712
"/Engine/EngineMaterials/Substrate/Glints2/dict_0003_0207" 9713
"/Engine/EngineMaterials/Substrate/Glints2/dict_0003_0206" 9714
"/Engine/EngineMaterials/Substrate/Glints2/dict_0003_0205" 9715
"../../../Engine/Content/EngineMaterials/Substrate/Glints2/dict_0003_0240.uasset" 9716
"../../../Engine/Content/EngineMaterials/Substrate/Glints2/dict_0003_0241.uasset" 9717
"../../../Engine/Content/EngineMaterials/Substrate/Glints2/dict_0003_0249.uasset" 9718
"../../../Engine/Content/EngineMaterials/Substrate/Glints2/dict_0003_0242.uasset" 9719
"../../../Engine/Content/EngineMaterials/Substrate/Glints2/dict_0003_0250.uasset" 9720
"../../../Engine/Content/EngineMaterials/Substrate/Glints2/dict_0003_0239.uasset" 9721
"../../../Engine/Content/EngineMaterials/Substrate/Glints2/dict_0003_0238.uasset" 9722
"../../../Engine/Content/EngineMaterials/Substrate/Glints2/dict_0003_0245.uasset" 9723
"../../../Engine/Content/EngineMaterials/Substrate/Glints2/dict_0003_0237.uasset" 9724
"../../../Engine/Content/EngineMaterials/Substrate/Glints2/dict_0003_0243.uasset" 9725
"../../../Engine/Content/EngineMaterials/Substrate/Glints2/dict_0003_0251.uasset" 9726
"../../../Engine/Content/EngineMaterials/Substrate/Glints2/dict_0003_0244.uasset" 9727
"../../../Engine/Content/EngineMaterials/Substrate/Glints2/dict_0003_0246.uasset" 9728
"../../../Engine/Content/EngineMaterials/Substrate/Glints2/dict_0003_0247.uasset" 9729
"/Engine/EngineMaterials/Substrate/Glints2/dict_0003_0236" 9730
"../../../Engine/Content/EngineMaterials/Substrate/Glints2/dict_0003_0248.uasset" 9731
"../../../Engine/Content/EngineMaterials/Substrate/Glints2/dict_0003_0252.uasset" 9732
"../../../Engine/Content/EngineMaterials/Substrate/Glints2/dict_0003_0253.uasset" 9733
"../../../Engine/Content/EngineMaterials/Substrate/Glints2/dict_0003_0254.uasset" 9734
"/Engine/EngineMaterials/Substrate/Glints2/dict_0003_0235" 9735
"/Engine/EngineMaterials/Substrate/Glints2/dict_0003_0234" 9736
"/Engine/EngineMaterials/Substrate/Glints2/dict_0003_0233" 9737
"/Engine/EngineMaterials/Substrate/Glints2/dict_0003_0232" 9738
"/Engine/EngineMaterials/Substrate/Glints2/dict_0003_0231" 9739
"/Engine/EngineMaterials/Substrate/Glints2/dict_0003_0230" 9740
"/Engine/EngineMaterials/Substrate/Glints2/dict_0003_0229" 9741
"/Engine/EngineMaterials/Substrate/Glints2/dict_0003_0228" 9742
"/Engine/EngineMaterials/Substrate/Glints2/dict_0003_0227" 9743
"/Engine/EngineMaterials/Substrate/Glints2/dict_0003_0226" 9744
"/Engine/EngineMaterials/Substrate/Glints2/dict_0003_0225" 9745
"/Engine/EngineMaterials/Substrate/Glints2/dict_0003_0224" 9746
"/Engine/EngineMaterials/Substrate/Glints2/dict_0003_0223" 9747
"../../../Engine/Content/EngineMaterials/Substrate/Glints2/dict_0004_0000.uasset" 9748
"../../../Engine/Content/EngineMaterials/Substrate/Glints2/dict_0004_0007.uasset" 9749
"../../../Engine/Content/EngineMaterials/Substrate/Glints2/dict_0004_0008.uasset" 9750
"../../../Engine/Content/EngineMaterials/Substrate/Glints2/dict_0004_0006.uasset" 9751
"../../../Engine/Content/EngineMaterials/Substrate/Glints2/dict_0004_0009.uasset" 9752
"../../../Engine/Content/EngineMaterials/Substrate/Glints2/dict_0004_0010.uasset" 9753
"/Engine/EngineMaterials/Substrate/Glints2/dict_0003_0254" 9754
"../../../Engine/Content/EngineMaterials/Substrate/Glints2/dict_0004_0003.uasset" 9755
"../../../Engine/Content/EngineMaterials/Substrate/Glints2/dict_0004_0001.uasset" 9756
"../../../Engine/Content/EngineMaterials/Substrate/Glints2/dict_0004_0012.uasset" 9757
"../../../Engine/Content/EngineMaterials/Substrate/Glints2/dict_0004_0005.uasset" 9758
"../../../Engine/Content/EngineMaterials/Substrate/Glints2/dict_0004_0004.uasset" 9759
"../../../Engine/Content/EngineMaterials/Substrate/Glints2/dict_0004_0002.uasset" 9760
"../../../Engine/Content/EngineMaterials/Substrate/Glints2/dict_0004_0011.uasset" 9761
"../../../Engine/Content/EngineMaterials/Substrate/Glints2/dict_0003_0255.uasset" 9762
"/Engine/EngineMaterials/Substrate/Glints2/dict_0003_0253" 9763
"/Engine/EngineMaterials/Substrate/Glints2/dict_0003_0252" 9764
"/Engine/EngineMaterials/Substrate/Glints2/dict_0003_0251" 9765
"/Engine/EngineMaterials/Substrate/Glints2/dict_0003_0250" 9766
"/Engine/EngineMaterials/Substrate/Glints2/dict_0003_0249" 9767
"/Engine/EngineMaterials/Substrate/Glints2/dict_0003_0248" 9768
"/Engine/EngineMaterials/Substrate/Glints2/dict_0003_0247" 9769
"/Engine/EngineMaterials/Substrate/Glints2/dict_0003_0246" 9770
"/Engine/EngineMaterials/Substrate/Glints2/dict_0003_0245" 9771
"/Engine/EngineMaterials/Substrate/Glints2/dict_0003_0244" 9772
"/Engine/EngineMaterials/Substrate/Glints2/dict_0003_0243" 9773
"/Engine/EngineMaterials/Substrate/Glints2/dict_0003_0242" 9774
"/Engine/EngineMaterials/Substrate/Glints2/dict_0003_0241" 9775
"/Engine/EngineMaterials/Substrate/Glints2/dict_0003_0240" 9776
"/Engine/EngineMaterials/Substrate/Glints2/dict_0003_0239" 9777
"/Engine/EngineMaterials/Substrate/Glints2/dict_0003_0238" 9778
"/Engine/EngineMaterials/Substrate/Glints2/dict_0003_0237" 9779
"../../../Engine/Content/EngineMaterials/Substrate/Glints2/dict_0004_0017.uasset" 9780
"../../../Engine/Content/EngineMaterials/Substrate/Glints2/dict_0004_0019.uasset" 9781
"../../../Engine/Content/EngineMaterials/Substrate/Glints2/dict_0004_0020.uasset" 9782
"../../../Engine/Content/EngineMaterials/Substrate/Glints2/dict_0004_0018.uasset" 9783
"/Engine/EngineMaterials/Substrate/Glints2/dict_0004_0012" 9784
"../../../Engine/Content/EngineMaterials/Substrate/Glints2/dict_0004_0021.uasset" 9785
"../../../Engine/Content/EngineMaterials/Substrate/Glints2/dict_0004_0022.uasset" 9786
"../../../Engine/Content/EngineMaterials/Substrate/Glints2/dict_0004_0015.uasset" 9787
"../../../Engine/Content/EngineMaterials/Substrate/Glints2/dict_0004_0023.uasset" 9788
"../../../Engine/Content/EngineMaterials/Substrate/Glints2/dict_0004_0026.uasset" 9789
"../../../Engine/Content/EngineMaterials/Substrate/Glints2/dict_0004_0027.uasset" 9790
"../../../Engine/Content/EngineMaterials/Substrate/Glints2/dict_0004_0025.uasset" 9791
"../../../Engine/Content/EngineMaterials/Substrate/Glints2/dict_0004_0024.uasset" 9792
"../../../Engine/Content/EngineMaterials/Substrate/Glints2/dict_0004_0028.uasset" 9793
"/Engine/EngineMaterials/Substrate/Glints2/dict_0004_0011" 9794
"../../../Engine/Content/EngineMaterials/Substrate/Glints2/dict_0004_0029.uasset" 9795
"../../../Engine/Content/EngineMaterials/Substrate/Glints2/dict_0004_0013.uasset" 9796
"../../../Engine/Content/EngineMaterials/Substrate/Glints2/dict_0004_0030.uasset" 9797
"../../../Engine/Content/EngineMaterials/Substrate/Glints2/dict_0004_0016.uasset" 9798
"../../../Engine/Content/EngineMaterials/Substrate/Glints2/dict_0004_0014.uasset" 9799
"/Engine/EngineMaterials/Substrate/Glints2/dict_0004_0010" 9800
"/Engine/EngineMaterials/Substrate/Glints2/dict_0004_0009" 9801
"/Engine/EngineMaterials/Substrate/Glints2/dict_0004_0008" 9802
"/Engine/EngineMaterials/Substrate/Glints2/dict_0004_0007" 9803
"/Engine/EngineMaterials/Substrate/Glints2/dict_0004_0006" 9804
"/Engine/EngineMaterials/Substrate/Glints2/dict_0004_0005" 9805
"/Engine/EngineMaterials/Substrate/Glints2/dict_0004_0004" 9806
"/Engine/EngineMaterials/Substrate/Glints2/dict_0004_0003" 9807
"/Engine/EngineMaterials/Substrate/Glints2/dict_0004_0002" 9808
"/Engine/EngineMaterials/Substrate/Glints2/dict_0004_0001" 9809
"/Engine/EngineMaterials/Substrate/Glints2/dict_0004_0000" 9810
"/Engine/EngineMaterials/Substrate/Glints2/dict_0003_0255" 9811
"../../../Engine/Content/EngineMaterials/Substrate/Glints2/dict_0004_0034.uasset" 9812
"../../../Engine/Content/EngineMaterials/Substrate/Glints2/dict_0004_0035.uasset" 9813
"../../../Engine/Content/EngineMaterials/Substrate/Glints2/dict_0004_0031.uasset" 9814
"../../../Engine/Content/EngineMaterials/Substrate/Glints2/dict_0004_0040.uasset" 9815
"../../../Engine/Content/EngineMaterials/Substrate/Glints2/dict_0004_0032.uasset" 9816
"../../../Engine/Content/EngineMaterials/Substrate/Glints2/dict_0004_0042.uasset" 9817
"../../../Engine/Content/EngineMaterials/Substrate/Glints2/dict_0004_0037.uasset" 9818
"../../../Engine/Content/EngineMaterials/Substrate/Glints2/dict_0004_0036.uasset" 9819
"../../../Engine/Content/EngineMaterials/Substrate/Glints2/dict_0004_0043.uasset" 9820
"../../../Engine/Content/EngineMaterials/Substrate/Glints2/dict_0004_0039.uasset" 9821
"/Engine/EngineMaterials/Substrate/Glints2/dict_0004_0030" 9822
"../../../Engine/Content/EngineMaterials/Substrate/Glints2/dict_0004_0038.uasset" 9823
"../../../Engine/Content/EngineMaterials/Substrate/Glints2/dict_0004_0033.uasset" 9824
"../../../Engine/Content/EngineMaterials/Substrate/Glints2/dict_0004_0041.uasset" 9825
"../../../Engine/Content/EngineMaterials/Substrate/Glints2/dict_0004_0044.uasset" 9826
"/Engine/EngineMaterials/Substrate/Glints2/dict_0004_0029" 9827
"/Engine/EngineMaterials/Substrate/Glints2/dict_0004_0028" 9828
"/Engine/EngineMaterials/Substrate/Glints2/dict_0004_0027" 9829
"/Engine/EngineMaterials/Substrate/Glints2/dict_0004_0026" 9830
"/Engine/EngineMaterials/Substrate/Glints2/dict_0004_0025" 9831
"/Engine/EngineMaterials/Substrate/Glints2/dict_0004_0024" 9832
"/Engine/EngineMaterials/Substrate/Glints2/dict_0004_0023" 9833
"/Engine/EngineMaterials/Substrate/Glints2/dict_0004_0022" 9834
"/Engine/EngineMaterials/Substrate/Glints2/dict_0004_0021" 9835
"/Engine/EngineMaterials/Substrate/Glints2/dict_0004_0020" 9836
"/Engine/EngineMaterials/Substrate/Glints2/dict_0004_0019" 9837
"/Engine/EngineMaterials/Substrate/Glints2/dict_0004_0018" 9838
"/Engine/EngineMaterials/Substrate/Glints2/dict_0004_0017" 9839
"/Engine/EngineMaterials/Substrate/Glints2/dict_0004_0016" 9840
"/Engine/EngineMaterials/Substrate/Glints2/dict_0004_0015" 9841
"/Engine/EngineMaterials/Substrate/Glints2/dict_0004_0014" 9842
"/Engine/EngineMaterials/Substrate/Glints2/dict_0004_0013" 9843
"/Engine/EngineMaterials/Substrate/Glints2/dict_0004_0044" 9844
"../../../Engine/Content/EngineMaterials/Substrate/Glints2/dict_0004_0045.uasset" 9845
"../../../Engine/Content/EngineMaterials/Substrate/Glints2/dict_0004_0051.uasset" 9846
"../../../Engine/Content/EngineMaterials/Substrate/Glints2/dict_0004_0047.uasset" 9847
"../../../Engine/Content/EngineMaterials/Substrate/Glints2/dict_0004_0046.uasset" 9848
"/Engine/EngineMaterials/Substrate/Glints2/dict_0004_0043" 9849
"../../../Engine/Content/EngineMaterials/Substrate/Glints2/dict_0004_0052.uasset" 9850
"../../../Engine/Content/EngineMaterials/Substrate/Glints2/dict_0004_0050.uasset" 9851
"../../../Engine/Content/EngineMaterials/Substrate/Glints2/dict_0004_0048.uasset" 9852
"../../../Engine/Content/EngineMaterials/Substrate/Glints2/dict_0004_0049.uasset" 9853
"../../../Engine/Content/EngineMaterials/Substrate/Glints2/dict_0004_0054.uasset" 9854
"../../../Engine/Content/EngineMaterials/Substrate/Glints2/dict_0004_0053.uasset" 9855
"../../../Engine/Content/EngineMaterials/Substrate/Glints2/dict_0004_0055.uasset" 9856
"../../../Engine/Content/EngineMaterials/Substrate/Glints2/dict_0004_0057.uasset" 9857
"/Engine/EngineMaterials/Substrate/Glints2/dict_0004_0042" 9858
"../../../Engine/Content/EngineMaterials/Substrate/Glints2/dict_0004_0058.uasset" 9859
"../../../Engine/Content/EngineMaterials/Substrate/Glints2/dict_0004_0061.uasset" 9860
"../../../Engine/Content/EngineMaterials/Substrate/Glints2/dict_0004_0060.uasset" 9861
"../../../Engine/Content/EngineMaterials/Substrate/Glints2/dict_0004_0059.uasset" 9862
"../../../Engine/Content/EngineMaterials/Substrate/Glints2/dict_0004_0062.uasset" 9863
"../../../Engine/Content/EngineMaterials/Substrate/Glints2/dict_0004_0056.uasset" 9864
"/Engine/EngineMaterials/Substrate/Glints2/dict_0004_0041" 9865
"/Engine/EngineMaterials/Substrate/Glints2/dict_0004_0040" 9866
"/Engine/EngineMaterials/Substrate/Glints2/dict_0004_0039" 9867
"/Engine/EngineMaterials/Substrate/Glints2/dict_0004_0038" 9868
"/Engine/EngineMaterials/Substrate/Glints2/dict_0004_0037" 9869
"/Engine/EngineMaterials/Substrate/Glints2/dict_0004_0036" 9870
"/Engine/EngineMaterials/Substrate/Glints2/dict_0004_0035" 9871
"/Engine/EngineMaterials/Substrate/Glints2/dict_0004_0034" 9872
"/Engine/EngineMaterials/Substrate/Glints2/dict_0004_0033" 9873
"/Engine/EngineMaterials/Substrate/Glints2/dict_0004_0032" 9874
"/Engine/EngineMaterials/Substrate/Glints2/dict_0004_0031" 9875
"../../../Engine/Content/EngineMaterials/Substrate/Glints2/dict_0004_0064.uasset" 9876
"../../../Engine/Content/EngineMaterials/Substrate/Glints2/dict_0004_0068.uasset" 9877
"../../../Engine/Content/EngineMaterials/Substrate/Glints2/dict_0004_0065.uasset" 9878
"../../../Engine/Content/EngineMaterials/Substrate/Glints2/dict_0004_0070.uasset" 9879
"../../../Engine/Content/EngineMaterials/Substrate/Glints2/dict_0004_0075.uasset" 9880
"../../../Engine/Content/EngineMaterials/Substrate/Glints2/dict_0004_0069.uasset" 9881
"../../../Engine/Content/EngineMaterials/Substrate/Glints2/dict_0004_0071.uasset" 9882
"../../../Engine/Content/EngineMaterials/Substrate/Glints2/dict_0004_0063.uasset" 9883
"../../../Engine/Content/EngineMaterials/Substrate/Glints2/dict_0004_0067.uasset" 9884
"../../../Engine/Content/EngineMaterials/Substrate/Glints2/dict_0004_0066.uasset" 9885
"../../../Engine/Content/EngineMaterials/Substrate/Glints2/dict_0004_0072.uasset" 9886
"../../../Engine/Content/EngineMaterials/Substrate/Glints2/dict_0004_0073.uasset" 9887
"../../../Engine/Content/EngineMaterials/Substrate/Glints2/dict_0004_0074.uasset" 9888
"/Engine/EngineMaterials/Substrate/Glints2/dict_0004_0062" 9889
"../../../Engine/Content/EngineMaterials/Substrate/Glints2/dict_0004_0076.uasset" 9890
"/Engine/EngineMaterials/Substrate/Glints2/dict_0004_0061" 9891
"/Engine/EngineMaterials/Substrate/Glints2/dict_0004_0060" 9892
"/Engine/EngineMaterials/Substrate/Glints2/dict_0004_0059" 9893
"/Engine/EngineMaterials/Substrate/Glints2/dict_0004_0058" 9894
"/Engine/EngineMaterials/Substrate/Glints2/dict_0004_0057" 9895
"/Engine/EngineMaterials/Substrate/Glints2/dict_0004_0056" 9896
"/Engine/EngineMaterials/Substrate/Glints2/dict_0004_0055" 9897
"/Engine/EngineMaterials/Substrate/Glints2/dict_0004_0054" 9898
"/Engine/EngineMaterials/Substrate/Glints2/dict_0004_0053" 9899
"/Engine/EngineMaterials/Substrate/Glints2/dict_0004_0052" 9900
"/Engine/EngineMaterials/Substrate/Glints2/dict_0004_0051" 9901
"/Engine/EngineMaterials/Substrate/Glints2/dict_0004_0050" 9902
"/Engine/EngineMaterials/Substrate/Glints2/dict_0004_0049" 9903
"/Engine/EngineMaterials/Substrate/Glints2/dict_0004_0048" 9904
"/Engine/EngineMaterials/Substrate/Glints2/dict_0004_0047" 9905
"/Engine/EngineMaterials/Substrate/Glints2/dict_0004_0046" 9906
"/Engine/EngineMaterials/Substrate/Glints2/dict_0004_0045" 9907
"../../../Engine/Content/EngineMaterials/Substrate/Glints2/dict_0004_0082.uasset" 9908
"../../../Engine/Content/EngineMaterials/Substrate/Glints2/dict_0004_0085.uasset" 9909
"/Engine/EngineMaterials/Substrate/Glints2/dict_0004_0076" 9910
"../../../Engine/Content/EngineMaterials/Substrate/Glints2/dict_0004_0088.uasset" 9911
"../../../Engine/Content/EngineMaterials/Substrate/Glints2/dict_0004_0077.uasset" 9912
"../../../Engine/Content/EngineMaterials/Substrate/Glints2/dict_0004_0080.uasset" 9913
"../../../Engine/Content/EngineMaterials/Substrate/Glints2/dict_0004_0081.uasset" 9914
"../../../Engine/Content/EngineMaterials/Substrate/Glints2/dict_0004_0078.uasset" 9915
"../../../Engine/Content/EngineMaterials/Substrate/Glints2/dict_0004_0091.uasset" 9916
"../../../Engine/Content/EngineMaterials/Substrate/Glints2/dict_0004_0093.uasset" 9917
"../../../Engine/Content/EngineMaterials/Substrate/Glints2/dict_0004_0079.uasset" 9918
"../../../Engine/Content/EngineMaterials/Substrate/Glints2/dict_0004_0083.uasset" 9919
"../../../Engine/Content/EngineMaterials/Substrate/Glints2/dict_0004_0089.uasset" 9920
"../../../Engine/Content/EngineMaterials/Substrate/Glints2/dict_0004_0090.uasset" 9921
"../../../Engine/Content/EngineMaterials/Substrate/Glints2/dict_0004_0084.uasset" 9922
"../../../Engine/Content/EngineMaterials/Substrate/Glints2/dict_0004_0087.uasset" 9923
"../../../Engine/Content/EngineMaterials/Substrate/Glints2/dict_0004_0094.uasset" 9924
"../../../Engine/Content/EngineMaterials/Substrate/Glints2/dict_0004_0092.uasset" 9925
"/Engine/EngineMaterials/Substrate/Glints2/dict_0004_0075" 9926
"../../../Engine/Content/EngineMaterials/Substrate/Glints2/dict_0004_0086.uasset" 9927
"/Engine/EngineMaterials/Substrate/Glints2/dict_0004_0074" 9928
"/Engine/EngineMaterials/Substrate/Glints2/dict_0004_0073" 9929
"/Engine/EngineMaterials/Substrate/Glints2/dict_0004_0072" 9930
"/Engine/EngineMaterials/Substrate/Glints2/dict_0004_0071" 9931
"/Engine/EngineMaterials/Substrate/Glints2/dict_0004_0070" 9932
"/Engine/EngineMaterials/Substrate/Glints2/dict_0004_0069" 9933
"/Engine/EngineMaterials/Substrate/Glints2/dict_0004_0068" 9934
"/Engine/EngineMaterials/Substrate/Glints2/dict_0004_0067" 9935
"/Engine/EngineMaterials/Substrate/Glints2/dict_0004_0066" 9936
"/Engine/EngineMaterials/Substrate/Glints2/dict_0004_0065" 9937
"/Engine/EngineMaterials/Substrate/Glints2/dict_0004_0064" 9938
"/Engine/EngineMaterials/Substrate/Glints2/dict_0004_0063" 9939
"../../../Engine/Content/EngineMaterials/Substrate/Glints2/dict_0004_0095.uasset" 9940
"../../../Engine/Content/EngineMaterials/Substrate/Glints2/dict_0004_0098.uasset" 9941
"../../../Engine/Content/EngineMaterials/Substrate/Glints2/dict_0004_0099.uasset" 9942
"/Engine/EngineMaterials/Substrate/Glints2/dict_0004_0094" 9943
"../../../Engine/Content/EngineMaterials/Substrate/Glints2/dict_0004_0100.uasset" 9944
"../../../Engine/Content/EngineMaterials/Substrate/Glints2/dict_0004_0101.uasset" 9945
"../../../Engine/Content/EngineMaterials/Substrate/Glints2/dict_0004_0102.uasset" 9946
"../../../Engine/Content/EngineMaterials/Substrate/Glints2/dict_0004_0104.uasset" 9947
"../../../Engine/Content/EngineMaterials/Substrate/Glints2/dict_0004_0097.uasset" 9948
"/Engine/EngineMaterials/Substrate/Glints2/dict_0004_0093" 9949
"../../../Engine/Content/EngineMaterials/Substrate/Glints2/dict_0004_0107.uasset" 9950
"../../../Engine/Content/EngineMaterials/Substrate/Glints2/dict_0004_0108.uasset" 9951
"../../../Engine/Content/EngineMaterials/Substrate/Glints2/dict_0004_0103.uasset" 9952
"../../../Engine/Content/EngineMaterials/Substrate/Glints2/dict_0004_0105.uasset" 9953
"../../../Engine/Content/EngineMaterials/Substrate/Glints2/dict_0004_0106.uasset" 9954
"../../../Engine/Content/EngineMaterials/Substrate/Glints2/dict_0004_0096.uasset" 9955
"/Engine/EngineMaterials/Substrate/Glints2/dict_0004_0092" 9956
"/Engine/EngineMaterials/Substrate/Glints2/dict_0004_0091" 9957
"/Engine/EngineMaterials/Substrate/Glints2/dict_0004_0090" 9958
"/Engine/EngineMaterials/Substrate/Glints2/dict_0004_0089" 9959
"/Engine/EngineMaterials/Substrate/Glints2/dict_0004_0088" 9960
"/Engine/EngineMaterials/Substrate/Glints2/dict_0004_0087" 9961
"/Engine/EngineMaterials/Substrate/Glints2/dict_0004_0086" 9962
"/Engine/EngineMaterials/Substrate/Glints2/dict_0004_0085" 9963
"/Engine/EngineMaterials/Substrate/Glints2/dict_0004_0084" 9964
"/Engine/EngineMaterials/Substrate/Glints2/dict_0004_0083" 9965
"/Engine/EngineMaterials/Substrate/Glints2/dict_0004_0082" 9966
"/Engine/EngineMaterials/Substrate/Glints2/dict_0004_0081" 9967
"/Engine/EngineMaterials/Substrate/Glints2/dict_0004_0080" 9968
"/Engine/EngineMaterials/Substrate/Glints2/dict_0004_0079" 9969
"/Engine/EngineMaterials/Substrate/Glints2/dict_0004_0078" 9970
"/Engine/EngineMaterials/Substrate/Glints2/dict_0004_0077" 9971
"../../../Engine/Content/EngineMaterials/Substrate/Glints2/dict_0004_0110.uasset" 9972
"../../../Engine/Content/EngineMaterials/Substrate/Glints2/dict_0004_0109.uasset" 9973
"../../../Engine/Content/EngineMaterials/Substrate/Glints2/dict_0004_0118.uasset" 9974
"../../../Engine/Content/EngineMaterials/Substrate/Glints2/dict_0004_0121.uasset" 9975
"/Engine/EngineMaterials/Substrate/Glints2/dict_0004_0108" 9976
"../../../Engine/Content/EngineMaterials/Substrate/Glints2/dict_0004_0113.uasset" 9977
"../../../Engine/Content/EngineMaterials/Substrate/Glints2/dict_0004_0122.uasset" 9978
"../../../Engine/Content/EngineMaterials/Substrate/Glints2/dict_0004_0115.uasset" 9979
"../../../Engine/Content/EngineMaterials/Substrate/Glints2/dict_0004_0119.uasset" 9980
"../../../Engine/Content/EngineMaterials/Substrate/Glints2/dict_0004_0120.uasset" 9981
"../../../Engine/Content/EngineMaterials/Substrate/Glints2/dict_0004_0112.uasset" 9982
"../../../Engine/Content/EngineMaterials/Substrate/Glints2/dict_0004_0111.uasset" 9983
"../../../Engine/Content/EngineMaterials/Substrate/Glints2/dict_0004_0117.uasset" 9984
"../../../Engine/Content/EngineMaterials/Substrate/Glints2/dict_0004_0126.uasset" 9985
"../../../Engine/Content/EngineMaterials/Substrate/Glints2/dict_0004_0125.uasset" 9986
"../../../Engine/Content/EngineMaterials/Substrate/Glints2/dict_0004_0116.uasset" 9987
"../../../Engine/Content/EngineMaterials/Substrate/Glints2/dict_0004_0124.uasset" 9988
"../../../Engine/Content/EngineMaterials/Substrate/Glints2/dict_0004_0123.uasset" 9989
"../../../Engine/Content/EngineMaterials/Substrate/Glints2/dict_0004_0114.uasset" 9990
"/Engine/EngineMaterials/Substrate/Glints2/dict_0004_0107" 9991
"/Engine/EngineMaterials/Substrate/Glints2/dict_0004_0106" 9992
"/Engine/EngineMaterials/Substrate/Glints2/dict_0004_0105" 9993
"/Engine/EngineMaterials/Substrate/Glints2/dict_0004_0104" 9994
"/Engine/EngineMaterials/Substrate/Glints2/dict_0004_0103" 9995
"/Engine/EngineMaterials/Substrate/Glints2/dict_0004_0102" 9996
"/Engine/EngineMaterials/Substrate/Glints2/dict_0004_0101" 9997
"/Engine/EngineMaterials/Substrate/Glints2/dict_0004_0100" 9998
"/Engine/EngineMaterials/Substrate/Glints2/dict_0004_0099" 9999
"/Engine/EngineMaterials/Substrate/Glints2/dict_0004_0098" 10000
"/Engine/EngineMaterials/Substrate/Glints2/dict_0004_0097" 10001
"/Engine/EngineMaterials/Substrate/Glints2/dict_0004_0096" 10002
"/Engine/EngineMaterials/Substrate/Glints2/dict_0004_0095" 10003
"/Engine/EngineMaterials/Substrate/Glints2/dict_0004_0126" 10004
"../../../Engine/Content/EngineMaterials/Substrate/Glints2/dict_0004_0127.uasset" 10005
"../../../Engine/Content/EngineMaterials/Substrate/Glints2/dict_0004_0129.uasset" 10006
"../../../Engine/Content/EngineMaterials/Substrate/Glints2/dict_0004_0128.uasset" 10007
"../../../Engine/Content/EngineMaterials/Substrate/Glints2/dict_0004_0132.uasset" 10008
"../../../Engine/Content/EngineMaterials/Substrate/Glints2/dict_0004_0130.uasset" 10009
"../../../Engine/Content/EngineMaterials/Substrate/Glints2/dict_0004_0133.uasset" 10010
"../../../Engine/Content/EngineMaterials/Substrate/Glints2/dict_0004_0134.uasset" 10011
"../../../Engine/Content/EngineMaterials/Substrate/Glints2/dict_0004_0131.uasset" 10012
"../../../Engine/Content/EngineMaterials/Substrate/Glints2/dict_0004_0135.uasset" 10013
"../../../Engine/Content/EngineMaterials/Substrate/Glints2/dict_0004_0136.uasset" 10014
"/Engine/EngineMaterials/Substrate/Glints2/dict_0004_0125" 10015
"../../../Engine/Content/EngineMaterials/Substrate/Glints2/dict_0004_0138.uasset" 10016
"../../../Engine/Content/EngineMaterials/Substrate/Glints2/dict_0004_0140.uasset" 10017
"../../../Engine/Content/EngineMaterials/Substrate/Glints2/dict_0004_0139.uasset" 10018
"../../../Engine/Content/EngineMaterials/Substrate/Glints2/dict_0004_0137.uasset" 10019
"/Engine/EngineMaterials/Substrate/Glints2/dict_0004_0124" 10020
"/Engine/EngineMaterials/Substrate/Glints2/dict_0004_0123" 10021
"/Engine/EngineMaterials/Substrate/Glints2/dict_0004_0122" 10022
"/Engine/EngineMaterials/Substrate/Glints2/dict_0004_0121" 10023
"/Engine/EngineMaterials/Substrate/Glints2/dict_0004_0120" 10024
"/Engine/EngineMaterials/Substrate/Glints2/dict_0004_0119" 10025
"/Engine/EngineMaterials/Substrate/Glints2/dict_0004_0118" 10026
"/Engine/EngineMaterials/Substrate/Glints2/dict_0004_0117" 10027
"/Engine/EngineMaterials/Substrate/Glints2/dict_0004_0116" 10028
"/Engine/EngineMaterials/Substrate/Glints2/dict_0004_0115" 10029
"/Engine/EngineMaterials/Substrate/Glints2/dict_0004_0114" 10030
"/Engine/EngineMaterials/Substrate/Glints2/dict_0004_0113" 10031
"/Engine/EngineMaterials/Substrate/Glints2/dict_0004_0112" 10032
"/Engine/EngineMaterials/Substrate/Glints2/dict_0004_0111" 10033
"/Engine/EngineMaterials/Substrate/Glints2/dict_0004_0110" 10034
"/Engine/EngineMaterials/Substrate/Glints2/dict_0004_0109" 10035
"../../../Engine/Content/EngineMaterials/Substrate/Glints2/dict_0004_0145.uasset" 10036
"../../../Engine/Content/EngineMaterials/Substrate/Glints2/dict_0004_0146.uasset" 10037
"../../../Engine/Content/EngineMaterials/Substrate/Glints2/dict_0004_0151.uasset" 10038
"../../../Engine/Content/EngineMaterials/Substrate/Glints2/dict_0004_0143.uasset" 10039
"../../../Engine/Content/EngineMaterials/Substrate/Glints2/dict_0004_0153.uasset" 10040
"../../../Engine/Content/EngineMaterials/Substrate/Glints2/dict_0004_0149.uasset" 10041
"../../../Engine/Content/EngineMaterials/Substrate/Glints2/dict_0004_0144.uasset" 10042
"../../../Engine/Content/EngineMaterials/Substrate/Glints2/dict_0004_0148.uasset" 10043
"../../../Engine/Content/EngineMaterials/Substrate/Glints2/dict_0004_0150.uasset" 10044
"../../../Engine/Content/EngineMaterials/Substrate/Glints2/dict_0004_0147.uasset" 10045
"../../../Engine/Content/EngineMaterials/Substrate/Glints2/dict_0004_0155.uasset" 10046
"../../../Engine/Content/EngineMaterials/Substrate/Glints2/dict_0004_0157.uasset" 10047
"/Engine/EngineMaterials/Substrate/Glints2/dict_0004_0140" 10048
"../../../Engine/Content/EngineMaterials/Substrate/Glints2/dict_0004_0142.uasset" 10049
"../../../Engine/Content/EngineMaterials/Substrate/Glints2/dict_0004_0141.uasset" 10050
"../../../Engine/Content/EngineMaterials/Substrate/Glints2/dict_0004_0154.uasset" 10051
"../../../Engine/Content/EngineMaterials/Substrate/Glints2/dict_0004_0156.uasset" 10052
"../../../Engine/Content/EngineMaterials/Substrate/Glints2/dict_0004_0152.uasset" 10053
"../../../Engine/Content/EngineMaterials/Substrate/Glints2/dict_0004_0158.uasset" 10054
"/Engine/EngineMaterials/Substrate/Glints2/dict_0004_0139" 10055
"/Engine/EngineMaterials/Substrate/Glints2/dict_0004_0138" 10056
"/Engine/EngineMaterials/Substrate/Glints2/dict_0004_0137" 10057
"/Engine/EngineMaterials/Substrate/Glints2/dict_0004_0136" 10058
"/Engine/EngineMaterials/Substrate/Glints2/dict_0004_0135" 10059
"/Engine/EngineMaterials/Substrate/Glints2/dict_0004_0134" 10060
"/Engine/EngineMaterials/Substrate/Glints2/dict_0004_0133" 10061
"/Engine/EngineMaterials/Substrate/Glints2/dict_0004_0132" 10062
"/Engine/EngineMaterials/Substrate/Glints2/dict_0004_0131" 10063
"/Engine/EngineMaterials/Substrate/Glints2/dict_0004_0130" 10064
"/Engine/EngineMaterials/Substrate/Glints2/dict_0004_0129" 10065
"/Engine/EngineMaterials/Substrate/Glints2/dict_0004_0128" 10066
"/Engine/EngineMaterials/Substrate/Glints2/dict_0004_0127" 10067
"../../../Engine/Content/EngineMaterials/Substrate/Glints2/dict_0004_0160.uasset" 10068
"../../../Engine/Content/EngineMaterials/Substrate/Glints2/dict_0004_0161.uasset" 10069
"../../../Engine/Content/EngineMaterials/Substrate/Glints2/dict_0004_0170.uasset" 10070
"../../../Engine/Content/EngineMaterials/Substrate/Glints2/dict_0004_0162.uasset" 10071
"../../../Engine/Content/EngineMaterials/Substrate/Glints2/dict_0004_0171.uasset" 10072
"../../../Engine/Content/EngineMaterials/Substrate/Glints2/dict_0004_0168.uasset" 10073
"../../../Engine/Content/EngineMaterials/Substrate/Glints2/dict_0004_0169.uasset" 10074
"../../../Engine/Content/EngineMaterials/Substrate/Glints2/dict_0004_0167.uasset" 10075
"/Engine/EngineMaterials/Substrate/Glints2/dict_0004_0158" 10076
"../../../Engine/Content/EngineMaterials/Substrate/Glints2/dict_0004_0163.uasset" 10077
"../../../Engine/Content/EngineMaterials/Substrate/Glints2/dict_0004_0164.uasset" 10078
"../../../Engine/Content/EngineMaterials/Substrate/Glints2/dict_0004_0165.uasset" 10079
"../../../Engine/Content/EngineMaterials/Substrate/Glints2/dict_0004_0159.uasset" 10080
"../../../Engine/Content/EngineMaterials/Substrate/Glints2/dict_0004_0166.uasset" 10081
"../../../Engine/Content/EngineMaterials/Substrate/Glints2/dict_0004_0172.uasset" 10082
"/Engine/EngineMaterials/Substrate/Glints2/dict_0004_0157" 10083
"/Engine/EngineMaterials/Substrate/Glints2/dict_0004_0156" 10084
"/Engine/EngineMaterials/Substrate/Glints2/dict_0004_0155" 10085
"/Engine/EngineMaterials/Substrate/Glints2/dict_0004_0154" 10086
"/Engine/EngineMaterials/Substrate/Glints2/dict_0004_0153" 10087
"/Engine/EngineMaterials/Substrate/Glints2/dict_0004_0152" 10088
"/Engine/EngineMaterials/Substrate/Glints2/dict_0004_0151" 10089
"/Engine/EngineMaterials/Substrate/Glints2/dict_0004_0150" 10090
"/Engine/EngineMaterials/Substrate/Glints2/dict_0004_0149" 10091
"/Engine/EngineMaterials/Substrate/Glints2/dict_0004_0148" 10092
"/Engine/EngineMaterials/Substrate/Glints2/dict_0004_0147" 10093
"/Engine/EngineMaterials/Substrate/Glints2/dict_0004_0146" 10094
"/Engine/EngineMaterials/Substrate/Glints2/dict_0004_0145" 10095
"/Engine/EngineMaterials/Substrate/Glints2/dict_0004_0144" 10096
"/Engine/EngineMaterials/Substrate/Glints2/dict_0004_0143" 10097
"/Engine/EngineMaterials/Substrate/Glints2/dict_0004_0142" 10098
"/Engine/EngineMaterials/Substrate/Glints2/dict_0004_0141" 10099
"../../../Engine/Content/EngineMaterials/Substrate/Glints2/dict_0004_0173.uasset" 10100
"../../../Engine/Content/EngineMaterials/Substrate/Glints2/dict_0004_0174.uasset" 10101
"../../../Engine/Content/EngineMaterials/Substrate/Glints2/dict_0004_0175.uasset" 10102
"../../../Engine/Content/EngineMaterials/Substrate/Glints2/dict_0004_0177.uasset" 10103
"/Engine/EngineMaterials/Substrate/Glints2/dict_0004_0172" 10104
"../../../Engine/Content/EngineMaterials/Substrate/Glints2/dict_0004_0178.uasset" 10105
"../../../Engine/Content/EngineMaterials/Substrate/Glints2/dict_0004_0179.uasset" 10106
"../../../Engine/Content/EngineMaterials/Substrate/Glints2/dict_0004_0180.uasset" 10107
"../../../Engine/Content/EngineMaterials/Substrate/Glints2/dict_0004_0181.uasset" 10108
"../../../Engine/Content/EngineMaterials/Substrate/Glints2/dict_0004_0182.uasset" 10109
"../../../Engine/Content/EngineMaterials/Substrate/Glints2/dict_0004_0184.uasset" 10110
"../../../Engine/Content/EngineMaterials/Substrate/Glints2/dict_0004_0185.uasset" 10111
"/Engine/EngineMaterials/Substrate/Glints2/dict_0004_0171" 10112
"../../../Engine/Content/EngineMaterials/Substrate/Glints2/dict_0004_0187.uasset" 10113
"../../../Engine/Content/EngineMaterials/Substrate/Glints2/dict_0004_0186.uasset" 10114
"../../../Engine/Content/EngineMaterials/Substrate/Glints2/dict_0004_0188.uasset" 10115
"../../../Engine/Content/EngineMaterials/Substrate/Glints2/dict_0004_0189.uasset" 10116
"../../../Engine/Content/EngineMaterials/Substrate/Glints2/dict_0004_0190.uasset" 10117
"/Engine/EngineMaterials/Substrate/Glints2/dict_0004_0170" 10118
"/Engine/EngineMaterials/Substrate/Glints2/dict_0004_0169" 10119
"/Engine/EngineMaterials/Substrate/Glints2/dict_0004_0168" 10120
"/Engine/EngineMaterials/Substrate/Glints2/dict_0004_0167" 10121
"../../../Engine/Content/EngineMaterials/Substrate/Glints2/dict_0004_0183.uasset" 10122
"/Engine/EngineMaterials/Substrate/Glints2/dict_0004_0166" 10123
"/Engine/EngineMaterials/Substrate/Glints2/dict_0004_0165" 10124
"../../../Engine/Content/EngineMaterials/Substrate/Glints2/dict_0004_0176.uasset" 10125
"/Engine/EngineMaterials/Substrate/Glints2/dict_0004_0164" 10126
"/Engine/EngineMaterials/Substrate/Glints2/dict_0004_0163" 10127
"/Engine/EngineMaterials/Substrate/Glints2/dict_0004_0162" 10128
"/Engine/EngineMaterials/Substrate/Glints2/dict_0004_0161" 10129
"/Engine/EngineMaterials/Substrate/Glints2/dict_0004_0160" 10130
"/Engine/EngineMaterials/Substrate/Glints2/dict_0004_0159" 10131
"../../../Engine/Content/EngineMaterials/Substrate/Glints2/dict_0004_0192.uasset" 10132
"../../../Engine/Content/EngineMaterials/Substrate/Glints2/dict_0004_0195.uasset" 10133
"../../../Engine/Content/EngineMaterials/Substrate/Glints2/dict_0004_0198.uasset" 10134
"../../../Engine/Content/EngineMaterials/Substrate/Glints2/dict_0004_0201.uasset" 10135
"../../../Engine/Content/EngineMaterials/Substrate/Glints2/dict_0004_0199.uasset" 10136
"../../../Engine/Content/EngineMaterials/Substrate/Glints2/dict_0004_0202.uasset" 10137
"/Engine/EngineMaterials/Substrate/Glints2/dict_0004_0190" 10138
"../../../Engine/Content/EngineMaterials/Substrate/Glints2/dict_0004_0203.uasset" 10139
"../../../Engine/Content/EngineMaterials/Substrate/Glints2/dict_0004_0193.uasset" 10140
"../../../Engine/Content/EngineMaterials/Substrate/Glints2/dict_0004_0191.uasset" 10141
"../../../Engine/Content/EngineMaterials/Substrate/Glints2/dict_0004_0204.uasset" 10142
"../../../Engine/Content/EngineMaterials/Substrate/Glints2/dict_0004_0200.uasset" 10143
"../../../Engine/Content/EngineMaterials/Substrate/Glints2/dict_0004_0196.uasset" 10144
"../../../Engine/Content/EngineMaterials/Substrate/Glints2/dict_0004_0194.uasset" 10145
"../../../Engine/Content/EngineMaterials/Substrate/Glints2/dict_0004_0197.uasset" 10146
"/Engine/EngineMaterials/Substrate/Glints2/dict_0004_0189" 10147
"/Engine/EngineMaterials/Substrate/Glints2/dict_0004_0188" 10148
"/Engine/EngineMaterials/Substrate/Glints2/dict_0004_0187" 10149
"/Engine/EngineMaterials/Substrate/Glints2/dict_0004_0186" 10150
"/Engine/EngineMaterials/Substrate/Glints2/dict_0004_0185" 10151
"/Engine/EngineMaterials/Substrate/Glints2/dict_0004_0184" 10152
"/Engine/EngineMaterials/Substrate/Glints2/dict_0004_0183" 10153
"/Engine/EngineMaterials/Substrate/Glints2/dict_0004_0182" 10154
"/Engine/EngineMaterials/Substrate/Glints2/dict_0004_0181" 10155
"/Engine/EngineMaterials/Substrate/Glints2/dict_0004_0180" 10156
"/Engine/EngineMaterials/Substrate/Glints2/dict_0004_0179" 10157
"/Engine/EngineMaterials/Substrate/Glints2/dict_0004_0178" 10158
"/Engine/EngineMaterials/Substrate/Glints2/dict_0004_0177" 10159
"/Engine/EngineMaterials/Substrate/Glints2/dict_0004_0176" 10160
"/Engine/EngineMaterials/Substrate/Glints2/dict_0004_0175" 10161
"/Engine/EngineMaterials/Substrate/Glints2/dict_0004_0174" 10162
"/Engine/EngineMaterials/Substrate/Glints2/dict_0004_0173" 10163
"../../../Engine/Content/EngineMaterials/Substrate/Glints2/dict_0004_0211.uasset" 10164
"../../../Engine/Content/EngineMaterials/Substrate/Glints2/dict_0004_0213.uasset" 10165
"../../../Engine/Content/EngineMaterials/Substrate/Glints2/dict_0004_0207.uasset" 10166
"../../../Engine/Content/EngineMaterials/Substrate/Glints2/dict_0004_0209.uasset" 10167
"/Engine/EngineMaterials/Substrate/Glints2/dict_0004_0204" 10168
"../../../Engine/Content/EngineMaterials/Substrate/Glints2/dict_0004_0205.uasset" 10169
"../../../Engine/Content/EngineMaterials/Substrate/Glints2/dict_0004_0212.uasset" 10170
"../../../Engine/Content/EngineMaterials/Substrate/Glints2/dict_0004_0215.uasset" 10171
"../../../Engine/Content/EngineMaterials/Substrate/Glints2/dict_0004_0210.uasset" 10172
"../../../Engine/Content/EngineMaterials/Substrate/Glints2/dict_0004_0206.uasset" 10173
"../../../Engine/Content/EngineMaterials/Substrate/Glints2/dict_0004_0208.uasset" 10174
"../../../Engine/Content/EngineMaterials/Substrate/Glints2/dict_0004_0217.uasset" 10175
"../../../Engine/Content/EngineMaterials/Substrate/Glints2/dict_0004_0220.uasset" 10176
"../../../Engine/Content/EngineMaterials/Substrate/Glints2/dict_0004_0216.uasset" 10177
"../../../Engine/Content/EngineMaterials/Substrate/Glints2/dict_0004_0222.uasset" 10178
"../../../Engine/Content/EngineMaterials/Substrate/Glints2/dict_0004_0214.uasset" 10179
"../../../Engine/Content/EngineMaterials/Substrate/Glints2/dict_0004_0218.uasset" 10180
"../../../Engine/Content/EngineMaterials/Substrate/Glints2/dict_0004_0219.uasset" 10181
"../../../Engine/Content/EngineMaterials/Substrate/Glints2/dict_0004_0221.uasset" 10182
"/Engine/EngineMaterials/Substrate/Glints2/dict_0004_0203" 10183
"/Engine/EngineMaterials/Substrate/Glints2/dict_0004_0202" 10184
"/Engine/EngineMaterials/Substrate/Glints2/dict_0004_0201" 10185
"/Engine/EngineMaterials/Substrate/Glints2/dict_0004_0200" 10186
"/Engine/EngineMaterials/Substrate/Glints2/dict_0004_0199" 10187
"/Engine/EngineMaterials/Substrate/Glints2/dict_0004_0198" 10188
"/Engine/EngineMaterials/Substrate/Glints2/dict_0004_0197" 10189
"/Engine/EngineMaterials/Substrate/Glints2/dict_0004_0196" 10190
"/Engine/EngineMaterials/Substrate/Glints2/dict_0004_0195" 10191
"/Engine/EngineMaterials/Substrate/Glints2/dict_0004_0194" 10192
"/Engine/EngineMaterials/Substrate/Glints2/dict_0004_0193" 10193
"/Engine/EngineMaterials/Substrate/Glints2/dict_0004_0192" 10194
"/Engine/EngineMaterials/Substrate/Glints2/dict_0004_0191" 10195
"../../../Engine/Content/EngineMaterials/Substrate/Glints2/dict_0004_0223.uasset" 10196
"../../../Engine/Content/EngineMaterials/Substrate/Glints2/dict_0004_0225.uasset" 10197
"../../../Engine/Content/EngineMaterials/Substrate/Glints2/dict_0004_0227.uasset" 10198
"../../../Engine/Content/EngineMaterials/Substrate/Glints2/dict_0004_0226.uasset" 10199
"../../../Engine/Content/EngineMaterials/Substrate/Glints2/dict_0004_0228.uasset" 10200
"../../../Engine/Content/EngineMaterials/Substrate/Glints2/dict_0004_0230.uasset" 10201
"../../../Engine/Content/EngineMaterials/Substrate/Glints2/dict_0004_0232.uasset" 10202
"../../../Engine/Content/EngineMaterials/Substrate/Glints2/dict_0004_0233.uasset" 10203
"../../../Engine/Content/EngineMaterials/Substrate/Glints2/dict_0004_0231.uasset" 10204
"/Engine/EngineMaterials/Substrate/Glints2/dict_0004_0222" 10205
"../../../Engine/Content/EngineMaterials/Substrate/Glints2/dict_0004_0224.uasset" 10206
"../../../Engine/Content/EngineMaterials/Substrate/Glints2/dict_0004_0234.uasset" 10207
"../../../Engine/Content/EngineMaterials/Substrate/Glints2/dict_0004_0229.uasset" 10208
"../../../Engine/Content/EngineMaterials/Substrate/Glints2/dict_0004_0235.uasset" 10209
"../../../Engine/Content/EngineMaterials/Substrate/Glints2/dict_0004_0236.uasset" 10210
"/Engine/EngineMaterials/Substrate/Glints2/dict_0004_0221" 10211
"/Engine/EngineMaterials/Substrate/Glints2/dict_0004_0220" 10212
"/Engine/EngineMaterials/Substrate/Glints2/dict_0004_0219" 10213
"/Engine/EngineMaterials/Substrate/Glints2/dict_0004_0218" 10214
"/Engine/EngineMaterials/Substrate/Glints2/dict_0004_0217" 10215
"/Engine/EngineMaterials/Substrate/Glints2/dict_0004_0216" 10216
"/Engine/EngineMaterials/Substrate/Glints2/dict_0004_0215" 10217
"/Engine/EngineMaterials/Substrate/Glints2/dict_0004_0214" 10218
"/Engine/EngineMaterials/Substrate/Glints2/dict_0004_0213" 10219
"/Engine/EngineMaterials/Substrate/Glints2/dict_0004_0212" 10220
"/Engine/EngineMaterials/Substrate/Glints2/dict_0004_0211" 10221
"/Engine/EngineMaterials/Substrate/Glints2/dict_0004_0210" 10222
"/Engine/EngineMaterials/Substrate/Glints2/dict_0004_0209" 10223
"/Engine/EngineMaterials/Substrate/Glints2/dict_0004_0208" 10224
"/Engine/EngineMaterials/Substrate/Glints2/dict_0004_0207" 10225
"/Engine/EngineMaterials/Substrate/Glints2/dict_0004_0206" 10226
"/Engine/EngineMaterials/Substrate/Glints2/dict_0004_0205" 10227
"../../../Engine/Content/EngineMaterials/Substrate/Glints2/dict_0004_0237.uasset" 10228
"../../../Engine/Content/EngineMaterials/Substrate/Glints2/dict_0004_0241.uasset" 10229
"../../../Engine/Content/EngineMaterials/Substrate/Glints2/dict_0004_0244.uasset" 10230
"../../../Engine/Content/EngineMaterials/Substrate/Glints2/dict_0004_0245.uasset" 10231
"../../../Engine/Content/EngineMaterials/Substrate/Glints2/dict_0004_0246.uasset" 10232
"../../../Engine/Content/EngineMaterials/Substrate/Glints2/dict_0004_0248.uasset" 10233
"../../../Engine/Content/EngineMaterials/Substrate/Glints2/dict_0004_0249.uasset" 10234
"/Engine/EngineMaterials/Substrate/Glints2/dict_0004_0236" 10235
"../../../Engine/Content/EngineMaterials/Substrate/Glints2/dict_0004_0250.uasset" 10236
"../../../Engine/Content/EngineMaterials/Substrate/Glints2/dict_0004_0243.uasset" 10237
"../../../Engine/Content/EngineMaterials/Substrate/Glints2/dict_0004_0240.uasset" 10238
"../../../Engine/Content/EngineMaterials/Substrate/Glints2/dict_0004_0239.uasset" 10239
"../../../Engine/Content/EngineMaterials/Substrate/Glints2/dict_0004_0247.uasset" 10240
"../../../Engine/Content/EngineMaterials/Substrate/Glints2/dict_0004_0253.uasset" 10241
"../../../Engine/Content/EngineMaterials/Substrate/Glints2/dict_0004_0252.uasset" 10242
"../../../Engine/Content/EngineMaterials/Substrate/Glints2/dict_0004_0254.uasset" 10243
"../../../Engine/Content/EngineMaterials/Substrate/Glints2/dict_0004_0242.uasset" 10244
"../../../Engine/Content/EngineMaterials/Substrate/Glints2/dict_0004_0251.uasset" 10245
"../../../Engine/Content/EngineMaterials/Substrate/Glints2/dict_0004_0238.uasset" 10246
"/Engine/EngineMaterials/Substrate/Glints2/dict_0004_0235" 10247
"/Engine/EngineMaterials/Substrate/Glints2/dict_0004_0234" 10248
"/Engine/EngineMaterials/Substrate/Glints2/dict_0004_0233" 10249
"/Engine/EngineMaterials/Substrate/Glints2/dict_0004_0232" 10250
"/Engine/EngineMaterials/Substrate/Glints2/dict_0004_0231" 10251
"/Engine/EngineMaterials/Substrate/Glints2/dict_0004_0230" 10252
"/Engine/EngineMaterials/Substrate/Glints2/dict_0004_0229" 10253
"/Engine/EngineMaterials/Substrate/Glints2/dict_0004_0228" 10254
"/Engine/EngineMaterials/Substrate/Glints2/dict_0004_0227" 10255
"/Engine/EngineMaterials/Substrate/Glints2/dict_0004_0226" 10256
"/Engine/EngineMaterials/Substrate/Glints2/dict_0004_0225" 10257
"/Engine/EngineMaterials/Substrate/Glints2/dict_0004_0224" 10258
"/Engine/EngineMaterials/Substrate/Glints2/dict_0004_0223" 10259
"../../../Engine/Content/EngineMaterials/Substrate/Glints2/dict_0005_0004.uasset" 10260
"../../../Engine/Content/EngineMaterials/Substrate/Glints2/dict_0005_0005.uasset" 10261
"../../../Engine/Content/EngineMaterials/Substrate/Glints2/dict_0005_0007.uasset" 10262
"../../../Engine/Content/EngineMaterials/Substrate/Glints2/dict_0004_0255.uasset" 10263
"../../../Engine/Content/EngineMaterials/Substrate/Glints2/dict_0005_0010.uasset" 10264
"../../../Engine/Content/EngineMaterials/Substrate/Glints2/dict_0005_0012.uasset" 10265
"../../../Engine/Content/EngineMaterials/Substrate/Glints2/dict_0005_0003.uasset" 10266
"../../../Engine/Content/EngineMaterials/Substrate/Glints2/dict_0005_0006.uasset" 10267
"../../../Engine/Content/EngineMaterials/Substrate/Glints2/dict_0005_0002.uasset" 10268
"../../../Engine/Content/EngineMaterials/Substrate/Glints2/dict_0005_0011.uasset" 10269
"../../../Engine/Content/EngineMaterials/Substrate/Glints2/dict_0005_0008.uasset" 10270
"../../../Engine/Content/EngineMaterials/Substrate/Glints2/dict_0005_0000.uasset" 10271
"../../../Engine/Content/EngineMaterials/Substrate/Glints2/dict_0005_0001.uasset" 10272
"../../../Engine/Content/EngineMaterials/Substrate/Glints2/dict_0005_0009.uasset" 10273
"/Engine/EngineMaterials/Substrate/Glints2/dict_0004_0254" 10274
"/Engine/EngineMaterials/Substrate/Glints2/dict_0004_0253" 10275
"/Engine/EngineMaterials/Substrate/Glints2/dict_0004_0252" 10276
"/Engine/EngineMaterials/Substrate/Glints2/dict_0004_0251" 10277
"/Engine/EngineMaterials/Substrate/Glints2/dict_0004_0250" 10278
"/Engine/EngineMaterials/Substrate/Glints2/dict_0004_0249" 10279
"/Engine/EngineMaterials/Substrate/Glints2/dict_0004_0248" 10280
"/Engine/EngineMaterials/Substrate/Glints2/dict_0004_0247" 10281
"/Engine/EngineMaterials/Substrate/Glints2/dict_0004_0246" 10282
"/Engine/EngineMaterials/Substrate/Glints2/dict_0004_0245" 10283
"/Engine/EngineMaterials/Substrate/Glints2/dict_0004_0244" 10284
"/Engine/EngineMaterials/Substrate/Glints2/dict_0004_0243" 10285
"/Engine/EngineMaterials/Substrate/Glints2/dict_0004_0242" 10286
"/Engine/EngineMaterials/Substrate/Glints2/dict_0004_0241" 10287
"/Engine/EngineMaterials/Substrate/Glints2/dict_0004_0240" 10288
"/Engine/EngineMaterials/Substrate/Glints2/dict_0004_0239" 10289
"/Engine/EngineMaterials/Substrate/Glints2/dict_0004_0238" 10290
"/Engine/EngineMaterials/Substrate/Glints2/dict_0004_0237" 10291
"../../../Engine/Content/EngineMaterials/Substrate/Glints2/dict_0005_0013.uasset" 10292
"../../../Engine/Content/EngineMaterials/Substrate/Glints2/dict_0005_0014.uasset" 10293
"../../../Engine/Content/EngineMaterials/Substrate/Glints2/dict_0005_0017.uasset" 10294
"../../../Engine/Content/EngineMaterials/Substrate/Glints2/dict_0005_0018.uasset" 10295
"../../../Engine/Content/EngineMaterials/Substrate/Glints2/dict_0005_0021.uasset" 10296
"../../../Engine/Content/EngineMaterials/Substrate/Glints2/dict_0005_0023.uasset" 10297
"../../../Engine/Content/EngineMaterials/Substrate/Glints2/dict_0005_0022.uasset" 10298
"/Engine/EngineMaterials/Substrate/Glints2/dict_0005_0012" 10299
"../../../Engine/Content/EngineMaterials/Substrate/Glints2/dict_0005_0016.uasset" 10300
"../../../Engine/Content/EngineMaterials/Substrate/Glints2/dict_0005_0026.uasset" 10301
"../../../Engine/Content/EngineMaterials/Substrate/Glints2/dict_0005_0020.uasset" 10302
"../../../Engine/Content/EngineMaterials/Substrate/Glints2/dict_0005_0027.uasset" 10303
"../../../Engine/Content/EngineMaterials/Substrate/Glints2/dict_0005_0028.uasset" 10304
"../../../Engine/Content/EngineMaterials/Substrate/Glints2/dict_0005_0029.uasset" 10305
"../../../Engine/Content/EngineMaterials/Substrate/Glints2/dict_0005_0030.uasset" 10306
"../../../Engine/Content/EngineMaterials/Substrate/Glints2/dict_0005_0024.uasset" 10307
"../../../Engine/Content/EngineMaterials/Substrate/Glints2/dict_0005_0015.uasset" 10308
"../../../Engine/Content/EngineMaterials/Substrate/Glints2/dict_0005_0019.uasset" 10309
"/Engine/EngineMaterials/Substrate/Glints2/dict_0005_0011" 10310
"../../../Engine/Content/EngineMaterials/Substrate/Glints2/dict_0005_0025.uasset" 10311
"/Engine/EngineMaterials/Substrate/Glints2/dict_0005_0010" 10312
"/Engine/EngineMaterials/Substrate/Glints2/dict_0005_0009" 10313
"/Engine/EngineMaterials/Substrate/Glints2/dict_0005_0008" 10314
"/Engine/EngineMaterials/Substrate/Glints2/dict_0005_0007" 10315
"/Engine/EngineMaterials/Substrate/Glints2/dict_0005_0006" 10316
"/Engine/EngineMaterials/Substrate/Glints2/dict_0005_0005" 10317
"/Engine/EngineMaterials/Substrate/Glints2/dict_0005_0004" 10318
"/Engine/EngineMaterials/Substrate/Glints2/dict_0005_0003" 10319
"/Engine/EngineMaterials/Substrate/Glints2/dict_0005_0002" 10320
"/Engine/EngineMaterials/Substrate/Glints2/dict_0005_0001" 10321
"/Engine/EngineMaterials/Substrate/Glints2/dict_0005_0000" 10322
"/Engine/EngineMaterials/Substrate/Glints2/dict_0004_0255" 10323
"../../../Engine/Content/EngineMaterials/Substrate/Glints2/dict_0005_0032.uasset" 10324
"../../../Engine/Content/EngineMaterials/Substrate/Glints2/dict_0005_0034.uasset" 10325
"../../../Engine/Content/EngineMaterials/Substrate/Glints2/dict_0005_0036.uasset" 10326
"../../../Engine/Content/EngineMaterials/Substrate/Glints2/dict_0005_0040.uasset" 10327
"../../../Engine/Content/EngineMaterials/Substrate/Glints2/dict_0005_0041.uasset" 10328
"../../../Engine/Content/EngineMaterials/Substrate/Glints2/dict_0005_0042.uasset" 10329
"/Engine/EngineMaterials/Substrate/Glints2/dict_0005_0030" 10330
"../../../Engine/Content/EngineMaterials/Substrate/Glints2/dict_0005_0044.uasset" 10331
"../../../Engine/Content/EngineMaterials/Substrate/Glints2/dict_0005_0037.uasset" 10332
"../../../Engine/Content/EngineMaterials/Substrate/Glints2/dict_0005_0043.uasset" 10333
"../../../Engine/Content/EngineMaterials/Substrate/Glints2/dict_0005_0038.uasset" 10334
"../../../Engine/Content/EngineMaterials/Substrate/Glints2/dict_0005_0039.uasset" 10335
"../../../Engine/Content/EngineMaterials/Substrate/Glints2/dict_0005_0031.uasset" 10336
"../../../Engine/Content/EngineMaterials/Substrate/Glints2/dict_0005_0035.uasset" 10337
"../../../Engine/Content/EngineMaterials/Substrate/Glints2/dict_0005_0033.uasset" 10338
"/Engine/EngineMaterials/Substrate/Glints2/dict_0005_0029" 10339
"/Engine/EngineMaterials/Substrate/Glints2/dict_0005_0028" 10340
"/Engine/EngineMaterials/Substrate/Glints2/dict_0005_0027" 10341
"/Engine/EngineMaterials/Substrate/Glints2/dict_0005_0026" 10342
"/Engine/EngineMaterials/Substrate/Glints2/dict_0005_0025" 10343
"/Engine/EngineMaterials/Substrate/Glints2/dict_0005_0024" 10344
"/Engine/EngineMaterials/Substrate/Glints2/dict_0005_0023" 10345
"/Engine/EngineMaterials/Substrate/Glints2/dict_0005_0022" 10346
"/Engine/EngineMaterials/Substrate/Glints2/dict_0005_0021" 10347
"/Engine/EngineMaterials/Substrate/Glints2/dict_0005_0020" 10348
"/Engine/EngineMaterials/Substrate/Glints2/dict_0005_0019" 10349
"/Engine/EngineMaterials/Substrate/Glints2/dict_0005_0018" 10350
"/Engine/EngineMaterials/Substrate/Glints2/dict_0005_0017" 10351
"/Engine/EngineMaterials/Substrate/Glints2/dict_0005_0016" 10352
"/Engine/EngineMaterials/Substrate/Glints2/dict_0005_0015" 10353
"/Engine/EngineMaterials/Substrate/Glints2/dict_0005_0014" 10354
"/Engine/EngineMaterials/Substrate/Glints2/dict_0005_0013" 10355
"../../../Engine/Content/EngineMaterials/Substrate/Glints2/dict_0005_0048.uasset" 10356
"../../../Engine/Content/EngineMaterials/Substrate/Glints2/dict_0005_0045.uasset" 10357
"../../../Engine/Content/EngineMaterials/Substrate/Glints2/dict_0005_0052.uasset" 10358
"../../../Engine/Content/EngineMaterials/Substrate/Glints2/dict_0005_0057.uasset" 10359
"../../../Engine/Content/EngineMaterials/Substrate/Glints2/dict_0005_0058.uasset" 10360
"../../../Engine/Content/EngineMaterials/Substrate/Glints2/dict_0005_0047.uasset" 10361
"/Engine/EngineMaterials/Substrate/Glints2/dict_0005_0044" 10362
"../../../Engine/Content/EngineMaterials/Substrate/Glints2/dict_0005_0049.uasset" 10363
"../../../Engine/Content/EngineMaterials/Substrate/Glints2/dict_0005_0053.uasset" 10364
"../../../Engine/Content/EngineMaterials/Substrate/Glints2/dict_0005_0050.uasset" 10365
"../../../Engine/Content/EngineMaterials/Substrate/Glints2/dict_0005_0054.uasset" 10366
"../../../Engine/Content/EngineMaterials/Substrate/Glints2/dict_0005_0055.uasset" 10367
"../../../Engine/Content/EngineMaterials/Substrate/Glints2/dict_0005_0046.uasset" 10368
"../../../Engine/Content/EngineMaterials/Substrate/Glints2/dict_0005_0056.uasset" 10369
"../../../Engine/Content/EngineMaterials/Substrate/Glints2/dict_0005_0051.uasset" 10370
"../../../Engine/Content/EngineMaterials/Substrate/Glints2/dict_0005_0060.uasset" 10371
"../../../Engine/Content/EngineMaterials/Substrate/Glints2/dict_0005_0059.uasset" 10372
"../../../Engine/Content/EngineMaterials/Substrate/Glints2/dict_0005_0061.uasset" 10373
"/Engine/EngineMaterials/Substrate/Glints2/dict_0005_0043" 10374
"/Engine/EngineMaterials/Substrate/Glints2/dict_0005_0042" 10375
"../../../Engine/Content/EngineMaterials/Substrate/Glints2/dict_0005_0062.uasset" 10376
"/Engine/EngineMaterials/Substrate/Glints2/dict_0005_0041" 10377
"/Engine/EngineMaterials/Substrate/Glints2/dict_0005_0040" 10378
"/Engine/EngineMaterials/Substrate/Glints2/dict_0005_0039" 10379
"/Engine/EngineMaterials/Substrate/Glints2/dict_0005_0038" 10380
"/Engine/EngineMaterials/Substrate/Glints2/dict_0005_0037" 10381
"/Engine/EngineMaterials/Substrate/Glints2/dict_0005_0036" 10382
"/Engine/EngineMaterials/Substrate/Glints2/dict_0005_0035" 10383
"/Engine/EngineMaterials/Substrate/Glints2/dict_0005_0034" 10384
"/Engine/EngineMaterials/Substrate/Glints2/dict_0005_0033" 10385
"/Engine/EngineMaterials/Substrate/Glints2/dict_0005_0032" 10386
"/Engine/EngineMaterials/Substrate/Glints2/dict_0005_0031" 10387
"../../../Engine/Content/EngineMaterials/Substrate/Glints2/dict_0005_0063.uasset" 10388
"../../../Engine/Content/EngineMaterials/Substrate/Glints2/dict_0005_0067.uasset" 10389
"../../../Engine/Content/EngineMaterials/Substrate/Glints2/dict_0005_0068.uasset" 10390
"../../../Engine/Content/EngineMaterials/Substrate/Glints2/dict_0005_0069.uasset" 10391
"../../../Engine/Content/EngineMaterials/Substrate/Glints2/dict_0005_0066.uasset" 10392
"../../../Engine/Content/EngineMaterials/Substrate/Glints2/dict_0005_0071.uasset" 10393
"/Engine/EngineMaterials/Substrate/Glints2/dict_0005_0062" 10394
"../../../Engine/Content/EngineMaterials/Substrate/Glints2/dict_0005_0072.uasset" 10395
"../../../Engine/Content/EngineMaterials/Substrate/Glints2/dict_0005_0074.uasset" 10396
"../../../Engine/Content/EngineMaterials/Substrate/Glints2/dict_0005_0070.uasset" 10397
"../../../Engine/Content/EngineMaterials/Substrate/Glints2/dict_0005_0065.uasset" 10398
"../../../Engine/Content/EngineMaterials/Substrate/Glints2/dict_0005_0075.uasset" 10399
"../../../Engine/Content/EngineMaterials/Substrate/Glints2/dict_0005_0073.uasset" 10400
"../../../Engine/Content/EngineMaterials/Substrate/Glints2/dict_0005_0064.uasset" 10401
"../../../Engine/Content/EngineMaterials/Substrate/Glints2/dict_0005_0076.uasset" 10402
"/Engine/EngineMaterials/Substrate/Glints2/dict_0005_0061" 10403
"/Engine/EngineMaterials/Substrate/Glints2/dict_0005_0060" 10404
"/Engine/EngineMaterials/Substrate/Glints2/dict_0005_0059" 10405
"/Engine/EngineMaterials/Substrate/Glints2/dict_0005_0058" 10406
"/Engine/EngineMaterials/Substrate/Glints2/dict_0005_0057" 10407
"/Engine/EngineMaterials/Substrate/Glints2/dict_0005_0056" 10408
"/Engine/EngineMaterials/Substrate/Glints2/dict_0005_0055" 10409
"/Engine/EngineMaterials/Substrate/Glints2/dict_0005_0054" 10410
"/Engine/EngineMaterials/Substrate/Glints2/dict_0005_0053" 10411
"/Engine/EngineMaterials/Substrate/Glints2/dict_0005_0052" 10412
"/Engine/EngineMaterials/Substrate/Glints2/dict_0005_0051" 10413
"/Engine/EngineMaterials/Substrate/Glints2/dict_0005_0050" 10414
"/Engine/EngineMaterials/Substrate/Glints2/dict_0005_0049" 10415
"/Engine/EngineMaterials/Substrate/Glints2/dict_0005_0048" 10416
"/Engine/EngineMaterials/Substrate/Glints2/dict_0005_0047" 10417
"/Engine/EngineMaterials/Substrate/Glints2/dict_0005_0046" 10418
"/Engine/EngineMaterials/Substrate/Glints2/dict_0005_0045" 10419
"../../../Engine/Content/EngineMaterials/Substrate/Glints2/dict_0005_0078.uasset" 10420
"../../../Engine/Content/EngineMaterials/Substrate/Glints2/dict_0005_0086.uasset" 10421
"../../../Engine/Content/EngineMaterials/Substrate/Glints2/dict_0005_0084.uasset" 10422
"../../../Engine/Content/EngineMaterials/Substrate/Glints2/dict_0005_0087.uasset" 10423
"../../../Engine/Content/EngineMaterials/Substrate/Glints2/dict_0005_0083.uasset" 10424
"../../../Engine/Content/EngineMaterials/Substrate/Glints2/dict_0005_0090.uasset" 10425
"../../../Engine/Content/EngineMaterials/Substrate/Glints2/dict_0005_0088.uasset" 10426
"../../../Engine/Content/EngineMaterials/Substrate/Glints2/dict_0005_0089.uasset" 10427
"../../../Engine/Content/EngineMaterials/Substrate/Glints2/dict_0005_0077.uasset" 10428
"/Engine/EngineMaterials/Substrate/Glints2/dict_0005_0076" 10429
"../../../Engine/Content/EngineMaterials/Substrate/Glints2/dict_0005_0081.uasset" 10430
"../../../Engine/Content/EngineMaterials/Substrate/Glints2/dict_0005_0079.uasset" 10431
"../../../Engine/Content/EngineMaterials/Substrate/Glints2/dict_0005_0082.uasset" 10432
"../../../Engine/Content/EngineMaterials/Substrate/Glints2/dict_0005_0085.uasset" 10433
"../../../Engine/Content/EngineMaterials/Substrate/Glints2/dict_0005_0080.uasset" 10434
"../../../Engine/Content/EngineMaterials/Substrate/Glints2/dict_0005_0091.uasset" 10435
"../../../Engine/Content/EngineMaterials/Substrate/Glints2/dict_0005_0093.uasset" 10436
"../../../Engine/Content/EngineMaterials/Substrate/Glints2/dict_0005_0092.uasset" 10437
"../../../Engine/Content/EngineMaterials/Substrate/Glints2/dict_0005_0094.uasset" 10438
"/Engine/EngineMaterials/Substrate/Glints2/dict_0005_0075" 10439
"/Engine/EngineMaterials/Substrate/Glints2/dict_0005_0074" 10440
"/Engine/EngineMaterials/Substrate/Glints2/dict_0005_0073" 10441
"/Engine/EngineMaterials/Substrate/Glints2/dict_0005_0072" 10442
"/Engine/EngineMaterials/Substrate/Glints2/dict_0005_0071" 10443
"/Engine/EngineMaterials/Substrate/Glints2/dict_0005_0070" 10444
"/Engine/EngineMaterials/Substrate/Glints2/dict_0005_0069" 10445
"/Engine/EngineMaterials/Substrate/Glints2/dict_0005_0068" 10446
"/Engine/EngineMaterials/Substrate/Glints2/dict_0005_0067" 10447
"/Engine/EngineMaterials/Substrate/Glints2/dict_0005_0066" 10448
"/Engine/EngineMaterials/Substrate/Glints2/dict_0005_0065" 10449
"/Engine/EngineMaterials/Substrate/Glints2/dict_0005_0064" 10450
"/Engine/EngineMaterials/Substrate/Glints2/dict_0005_0063" 10451
"../../../Engine/Content/EngineMaterials/Substrate/Glints2/dict_0005_0095.uasset" 10452
"../../../Engine/Content/EngineMaterials/Substrate/Glints2/dict_0005_0098.uasset" 10453
"../../../Engine/Content/EngineMaterials/Substrate/Glints2/dict_0005_0103.uasset" 10454
"../../../Engine/Content/EngineMaterials/Substrate/Glints2/dict_0005_0101.uasset" 10455
"../../../Engine/Content/EngineMaterials/Substrate/Glints2/dict_0005_0105.uasset" 10456
"../../../Engine/Content/EngineMaterials/Substrate/Glints2/dict_0005_0104.uasset" 10457
"../../../Engine/Content/EngineMaterials/Substrate/Glints2/dict_0005_0106.uasset" 10458
"/Engine/EngineMaterials/Substrate/Glints2/dict_0005_0094" 10459
"../../../Engine/Content/EngineMaterials/Substrate/Glints2/dict_0005_0097.uasset" 10460
"../../../Engine/Content/EngineMaterials/Substrate/Glints2/dict_0005_0099.uasset" 10461
"../../../Engine/Content/EngineMaterials/Substrate/Glints2/dict_0005_0107.uasset" 10462
"../../../Engine/Content/EngineMaterials/Substrate/Glints2/dict_0005_0102.uasset" 10463
"../../../Engine/Content/EngineMaterials/Substrate/Glints2/dict_0005_0100.uasset" 10464
"../../../Engine/Content/EngineMaterials/Substrate/Glints2/dict_0005_0096.uasset" 10465
"../../../Engine/Content/EngineMaterials/Substrate/Glints2/dict_0005_0108.uasset" 10466
"/Engine/EngineMaterials/Substrate/Glints2/dict_0005_0093" 10467
"/Engine/EngineMaterials/Substrate/Glints2/dict_0005_0092" 10468
"/Engine/EngineMaterials/Substrate/Glints2/dict_0005_0091" 10469
"/Engine/EngineMaterials/Substrate/Glints2/dict_0005_0090" 10470
"/Engine/EngineMaterials/Substrate/Glints2/dict_0005_0089" 10471
"/Engine/EngineMaterials/Substrate/Glints2/dict_0005_0088" 10472
"/Engine/EngineMaterials/Substrate/Glints2/dict_0005_0087" 10473
"/Engine/EngineMaterials/Substrate/Glints2/dict_0005_0086" 10474
"/Engine/EngineMaterials/Substrate/Glints2/dict_0005_0085" 10475
"/Engine/EngineMaterials/Substrate/Glints2/dict_0005_0084" 10476
"/Engine/EngineMaterials/Substrate/Glints2/dict_0005_0083" 10477
"/Engine/EngineMaterials/Substrate/Glints2/dict_0005_0082" 10478
"/Engine/EngineMaterials/Substrate/Glints2/dict_0005_0081" 10479
"/Engine/EngineMaterials/Substrate/Glints2/dict_0005_0080" 10480
"/Engine/EngineMaterials/Substrate/Glints2/dict_0005_0079" 10481
"/Engine/EngineMaterials/Substrate/Glints2/dict_0005_0078" 10482
"/Engine/EngineMaterials/Substrate/Glints2/dict_0005_0077" 10483
"../../../Engine/Content/EngineMaterials/Substrate/Glints2/dict_0005_0114.uasset" 10484
"../../../Engine/Content/EngineMaterials/Substrate/Glints2/dict_0005_0110.uasset" 10485
"../../../Engine/Content/EngineMaterials/Substrate/Glints2/dict_0005_0115.uasset" 10486
"../../../Engine/Content/EngineMaterials/Substrate/Glints2/dict_0005_0119.uasset" 10487
"/Engine/EngineMaterials/Substrate/Glints2/dict_0005_0108" 10488
"../../../Engine/Content/EngineMaterials/Substrate/Glints2/dict_0005_0122.uasset" 10489
"../../../Engine/Content/EngineMaterials/Substrate/Glints2/dict_0005_0121.uasset" 10490
"../../../Engine/Content/EngineMaterials/Substrate/Glints2/dict_0005_0111.uasset" 10491
"../../../Engine/Content/EngineMaterials/Substrate/Glints2/dict_0005_0118.uasset" 10492
"../../../Engine/Content/EngineMaterials/Substrate/Glints2/dict_0005_0112.uasset" 10493
"../../../Engine/Content/EngineMaterials/Substrate/Glints2/dict_0005_0120.uasset" 10494
"../../../Engine/Content/EngineMaterials/Substrate/Glints2/dict_0005_0116.uasset" 10495
"../../../Engine/Content/EngineMaterials/Substrate/Glints2/dict_0005_0109.uasset" 10496
"../../../Engine/Content/EngineMaterials/Substrate/Glints2/dict_0005_0113.uasset" 10497
"../../../Engine/Content/EngineMaterials/Substrate/Glints2/dict_0005_0117.uasset" 10498
"/Engine/EngineMaterials/Substrate/Glints2/dict_0005_0107" 10499
"../../../Engine/Content/EngineMaterials/Substrate/Glints2/dict_0005_0123.uasset" 10500
"/Engine/EngineMaterials/Substrate/Glints2/dict_0005_0106" 10501
"../../../Engine/Content/EngineMaterials/Substrate/Glints2/dict_0005_0125.uasset" 10502
"../../../Engine/Content/EngineMaterials/Substrate/Glints2/dict_0005_0124.uasset" 10503
"../../../Engine/Content/EngineMaterials/Substrate/Glints2/dict_0005_0126.uasset" 10504
"/Engine/EngineMaterials/Substrate/Glints2/dict_0005_0105" 10505
"/Engine/EngineMaterials/Substrate/Glints2/dict_0005_0104" 10506
"/Engine/EngineMaterials/Substrate/Glints2/dict_0005_0103" 10507
"/Engine/EngineMaterials/Substrate/Glints2/dict_0005_0102" 10508
"/Engine/EngineMaterials/Substrate/Glints2/dict_0005_0101" 10509
"/Engine/EngineMaterials/Substrate/Glints2/dict_0005_0100" 10510
"/Engine/EngineMaterials/Substrate/Glints2/dict_0005_0099" 10511
"/Engine/EngineMaterials/Substrate/Glints2/dict_0005_0098" 10512
"/Engine/EngineMaterials/Substrate/Glints2/dict_0005_0097" 10513
"/Engine/EngineMaterials/Substrate/Glints2/dict_0005_0096" 10514
"/Engine/EngineMaterials/Substrate/Glints2/dict_0005_0095" 10515
"../../../Engine/Content/EngineMaterials/Substrate/Glints2/dict_0005_0129.uasset" 10516
"../../../Engine/Content/EngineMaterials/Substrate/Glints2/dict_0005_0131.uasset" 10517
"../../../Engine/Content/EngineMaterials/Substrate/Glints2/dict_0005_0128.uasset" 10518
"../../../Engine/Content/EngineMaterials/Substrate/Glints2/dict_0005_0135.uasset" 10519
"../../../Engine/Content/EngineMaterials/Substrate/Glints2/dict_0005_0136.uasset" 10520
"../../../Engine/Content/EngineMaterials/Substrate/Glints2/dict_0005_0137.uasset" 10521
"../../../Engine/Content/EngineMaterials/Substrate/Glints2/dict_0005_0133.uasset" 10522
"../../../Engine/Content/EngineMaterials/Substrate/Glints2/dict_0005_0130.uasset" 10523
"../../../Engine/Content/EngineMaterials/Substrate/Glints2/dict_0005_0139.uasset" 10524
"../../../Engine/Content/EngineMaterials/Substrate/Glints2/dict_0005_0132.uasset" 10525
"../../../Engine/Content/EngineMaterials/Substrate/Glints2/dict_0005_0140.uasset" 10526
"/Engine/EngineMaterials/Substrate/Glints2/dict_0005_0126" 10527
"../../../Engine/Content/EngineMaterials/Substrate/Glints2/dict_0005_0134.uasset" 10528
"../../../Engine/Content/EngineMaterials/Substrate/Glints2/dict_0005_0138.uasset" 10529
"../../../Engine/Content/EngineMaterials/Substrate/Glints2/dict_0005_0127.uasset" 10530
"/Engine/EngineMaterials/Substrate/Glints2/dict_0005_0125" 10531
"/Engine/EngineMaterials/Substrate/Glints2/dict_0005_0124" 10532
"/Engine/EngineMaterials/Substrate/Glints2/dict_0005_0123" 10533
"/Engine/EngineMaterials/Substrate/Glints2/dict_0005_0122" 10534
"/Engine/EngineMaterials/Substrate/Glints2/dict_0005_0121" 10535
"/Engine/EngineMaterials/Substrate/Glints2/dict_0005_0120" 10536
"/Engine/EngineMaterials/Substrate/Glints2/dict_0005_0119" 10537
"/Engine/EngineMaterials/Substrate/Glints2/dict_0005_0118" 10538
"/Engine/EngineMaterials/Substrate/Glints2/dict_0005_0117" 10539
"/Engine/EngineMaterials/Substrate/Glints2/dict_0005_0116" 10540
"/Engine/EngineMaterials/Substrate/Glints2/dict_0005_0115" 10541
"/Engine/EngineMaterials/Substrate/Glints2/dict_0005_0114" 10542
"/Engine/EngineMaterials/Substrate/Glints2/dict_0005_0113" 10543
"/Engine/EngineMaterials/Substrate/Glints2/dict_0005_0112" 10544
"/Engine/EngineMaterials/Substrate/Glints2/dict_0005_0111" 10545
"/Engine/EngineMaterials/Substrate/Glints2/dict_0005_0110" 10546
"/Engine/EngineMaterials/Substrate/Glints2/dict_0005_0109" 10547
"../../../Engine/Content/EngineMaterials/Substrate/Glints2/dict_0005_0143.uasset" 10548
"../../../Engine/Content/EngineMaterials/Substrate/Glints2/dict_0005_0141.uasset" 10549
"../../../Engine/Content/EngineMaterials/Substrate/Glints2/dict_0005_0145.uasset" 10550
"../../../Engine/Content/EngineMaterials/Substrate/Glints2/dict_0005_0147.uasset" 10551
"../../../Engine/Content/EngineMaterials/Substrate/Glints2/dict_0005_0149.uasset" 10552
"../../../Engine/Content/EngineMaterials/Substrate/Glints2/dict_0005_0148.uasset" 10553
"../../../Engine/Content/EngineMaterials/Substrate/Glints2/dict_0005_0150.uasset" 10554
"../../../Engine/Content/EngineMaterials/Substrate/Glints2/dict_0005_0142.uasset" 10555
"/Engine/EngineMaterials/Substrate/Glints2/dict_0005_0140" 10556
"../../../Engine/Content/EngineMaterials/Substrate/Glints2/dict_0005_0153.uasset" 10557
"../../../Engine/Content/EngineMaterials/Substrate/Glints2/dict_0005_0146.uasset" 10558
"../../../Engine/Content/EngineMaterials/Substrate/Glints2/dict_0005_0152.uasset" 10559
"../../../Engine/Content/EngineMaterials/Substrate/Glints2/dict_0005_0144.uasset" 10560
"../../../Engine/Content/EngineMaterials/Substrate/Glints2/dict_0005_0151.uasset" 10561
"../../../Engine/Content/EngineMaterials/Substrate/Glints2/dict_0005_0154.uasset" 10562
"../../../Engine/Content/EngineMaterials/Substrate/Glints2/dict_0005_0156.uasset" 10563
"../../../Engine/Content/EngineMaterials/Substrate/Glints2/dict_0005_0157.uasset" 10564
"../../../Engine/Content/EngineMaterials/Substrate/Glints2/dict_0005_0158.uasset" 10565
"../../../Engine/Content/EngineMaterials/Substrate/Glints2/dict_0005_0155.uasset" 10566
"/Engine/EngineMaterials/Substrate/Glints2/dict_0005_0139" 10567
"/Engine/EngineMaterials/Substrate/Glints2/dict_0005_0138" 10568
"/Engine/EngineMaterials/Substrate/Glints2/dict_0005_0137" 10569
"/Engine/EngineMaterials/Substrate/Glints2/dict_0005_0136" 10570
"/Engine/EngineMaterials/Substrate/Glints2/dict_0005_0135" 10571
"/Engine/EngineMaterials/Substrate/Glints2/dict_0005_0134" 10572
"/Engine/EngineMaterials/Substrate/Glints2/dict_0005_0133" 10573
"/Engine/EngineMaterials/Substrate/Glints2/dict_0005_0132" 10574
"/Engine/EngineMaterials/Substrate/Glints2/dict_0005_0131" 10575
"/Engine/EngineMaterials/Substrate/Glints2/dict_0005_0130" 10576
"/Engine/EngineMaterials/Substrate/Glints2/dict_0005_0129" 10577
"/Engine/EngineMaterials/Substrate/Glints2/dict_0005_0128" 10578
"/Engine/EngineMaterials/Substrate/Glints2/dict_0005_0127" 10579
"../../../Engine/Content/EngineMaterials/Substrate/Glints2/dict_0005_0159.uasset" 10580
"../../../Engine/Content/EngineMaterials/Substrate/Glints2/dict_0005_0163.uasset" 10581
"../../../Engine/Content/EngineMaterials/Substrate/Glints2/dict_0005_0160.uasset" 10582
"../../../Engine/Content/EngineMaterials/Substrate/Glints2/dict_0005_0167.uasset" 10583
"/Engine/EngineMaterials/Substrate/Glints2/dict_0005_0158" 10584
"../../../Engine/Content/EngineMaterials/Substrate/Glints2/dict_0005_0170.uasset" 10585
"../../../Engine/Content/EngineMaterials/Substrate/Glints2/dict_0005_0169.uasset" 10586
"../../../Engine/Content/EngineMaterials/Substrate/Glints2/dict_0005_0161.uasset" 10587
"../../../Engine/Content/EngineMaterials/Substrate/Glints2/dict_0005_0165.uasset" 10588
"../../../Engine/Content/EngineMaterials/Substrate/Glints2/dict_0005_0162.uasset" 10589
"../../../Engine/Content/EngineMaterials/Substrate/Glints2/dict_0005_0164.uasset" 10590
"../../../Engine/Content/EngineMaterials/Substrate/Glints2/dict_0005_0166.uasset" 10591
"../../../Engine/Content/EngineMaterials/Substrate/Glints2/dict_0005_0171.uasset" 10592
"../../../Engine/Content/EngineMaterials/Substrate/Glints2/dict_0005_0172.uasset" 10593
"../../../Engine/Content/EngineMaterials/Substrate/Glints2/dict_0005_0168.uasset" 10594
"/Engine/EngineMaterials/Substrate/Glints2/dict_0005_0157" 10595
"/Engine/EngineMaterials/Substrate/Glints2/dict_0005_0156" 10596
"/Engine/EngineMaterials/Substrate/Glints2/dict_0005_0155" 10597
"/Engine/EngineMaterials/Substrate/Glints2/dict_0005_0154" 10598
"/Engine/EngineMaterials/Substrate/Glints2/dict_0005_0153" 10599
"/Engine/EngineMaterials/Substrate/Glints2/dict_0005_0152" 10600
"/Engine/EngineMaterials/Substrate/Glints2/dict_0005_0151" 10601
"/Engine/EngineMaterials/Substrate/Glints2/dict_0005_0150" 10602
"/Engine/EngineMaterials/Substrate/Glints2/dict_0005_0149" 10603
"/Engine/EngineMaterials/Substrate/Glints2/dict_0005_0148" 10604
"/Engine/EngineMaterials/Substrate/Glints2/dict_0005_0147" 10605
"/Engine/EngineMaterials/Substrate/Glints2/dict_0005_0146" 10606
"/Engine/EngineMaterials/Substrate/Glints2/dict_0005_0145" 10607
"/Engine/EngineMaterials/Substrate/Glints2/dict_0005_0144" 10608
"/Engine/EngineMaterials/Substrate/Glints2/dict_0005_0143" 10609
"/Engine/EngineMaterials/Substrate/Glints2/dict_0005_0142" 10610
"/Engine/EngineMaterials/Substrate/Glints2/dict_0005_0141" 10611
"../../../Engine/Content/EngineMaterials/Substrate/Glints2/dict_0005_0175.uasset" 10612
"../../../Engine/Content/EngineMaterials/Substrate/Glints2/dict_0005_0178.uasset" 10613
"../../../Engine/Content/EngineMaterials/Substrate/Glints2/dict_0005_0179.uasset" 10614
"../../../Engine/Content/EngineMaterials/Substrate/Glints2/dict_0005_0177.uasset" 10615
"../../../Engine/Content/EngineMaterials/Substrate/Glints2/dict_0005_0180.uasset" 10616
"../../../Engine/Content/EngineMaterials/Substrate/Glints2/dict_0005_0182.uasset" 10617
"/Engine/EngineMaterials/Substrate/Glints2/dict_0005_0172" 10618
"../../../Engine/Content/EngineMaterials/Substrate/Glints2/dict_0005_0173.uasset" 10619
"../../../Engine/Content/EngineMaterials/Substrate/Glints2/dict_0005_0176.uasset" 10620
"../../../Engine/Content/EngineMaterials/Substrate/Glints2/dict_0005_0181.uasset" 10621
"../../../Engine/Content/EngineMaterials/Substrate/Glints2/dict_0005_0184.uasset" 10622
"../../../Engine/Content/EngineMaterials/Substrate/Glints2/dict_0005_0174.uasset" 10623
"../../../Engine/Content/EngineMaterials/Substrate/Glints2/dict_0005_0185.uasset" 10624
"../../../Engine/Content/EngineMaterials/Substrate/Glints2/dict_0005_0183.uasset" 10625
"../../../Engine/Content/EngineMaterials/Substrate/Glints2/dict_0005_0186.uasset" 10626
"/Engine/EngineMaterials/Substrate/Glints2/dict_0005_0171" 10627
"../../../Engine/Content/EngineMaterials/Substrate/Glints2/dict_0005_0189.uasset" 10628
"../../../Engine/Content/EngineMaterials/Substrate/Glints2/dict_0005_0188.uasset" 10629
"../../../Engine/Content/EngineMaterials/Substrate/Glints2/dict_0005_0187.uasset" 10630
"../../../Engine/Content/EngineMaterials/Substrate/Glints2/dict_0005_0190.uasset" 10631
"/Engine/EngineMaterials/Substrate/Glints2/dict_0005_0170" 10632
"/Engine/EngineMaterials/Substrate/Glints2/dict_0005_0169" 10633
"/Engine/EngineMaterials/Substrate/Glints2/dict_0005_0168" 10634
"/Engine/EngineMaterials/Substrate/Glints2/dict_0005_0167" 10635
"/Engine/EngineMaterials/Substrate/Glints2/dict_0005_0166" 10636
"/Engine/EngineMaterials/Substrate/Glints2/dict_0005_0165" 10637
"/Engine/EngineMaterials/Substrate/Glints2/dict_0005_0164" 10638
"/Engine/EngineMaterials/Substrate/Glints2/dict_0005_0163" 10639
"/Engine/EngineMaterials/Substrate/Glints2/dict_0005_0162" 10640
"/Engine/EngineMaterials/Substrate/Glints2/dict_0005_0161" 10641
"/Engine/EngineMaterials/Substrate/Glints2/dict_0005_0160" 10642
"/Engine/EngineMaterials/Substrate/Glints2/dict_0005_0159" 10643
"../../../Engine/Content/EngineMaterials/Substrate/Glints2/dict_0005_0195.uasset" 10644
"../../../Engine/Content/EngineMaterials/Substrate/Glints2/dict_0005_0196.uasset" 10645
"../../../Engine/Content/EngineMaterials/Substrate/Glints2/dict_0005_0197.uasset" 10646
"/Engine/EngineMaterials/Substrate/Glints2/dict_0005_0190" 10647
"../../../Engine/Content/EngineMaterials/Substrate/Glints2/dict_0005_0200.uasset" 10648
"../../../Engine/Content/EngineMaterials/Substrate/Glints2/dict_0005_0198.uasset" 10649
"../../../Engine/Content/EngineMaterials/Substrate/Glints2/dict_0005_0199.uasset" 10650
"../../../Engine/Content/EngineMaterials/Substrate/Glints2/dict_0005_0192.uasset" 10651
"../../../Engine/Content/EngineMaterials/Substrate/Glints2/dict_0005_0201.uasset" 10652
"../../../Engine/Content/EngineMaterials/Substrate/Glints2/dict_0005_0191.uasset" 10653
"../../../Engine/Content/EngineMaterials/Substrate/Glints2/dict_0005_0202.uasset" 10654
"../../../Engine/Content/EngineMaterials/Substrate/Glints2/dict_0005_0203.uasset" 10655
"../../../Engine/Content/EngineMaterials/Substrate/Glints2/dict_0005_0194.uasset" 10656
"../../../Engine/Content/EngineMaterials/Substrate/Glints2/dict_0005_0204.uasset" 10657
"../../../Engine/Content/EngineMaterials/Substrate/Glints2/dict_0005_0193.uasset" 10658
"/Engine/EngineMaterials/Substrate/Glints2/dict_0005_0189" 10659
"/Engine/EngineMaterials/Substrate/Glints2/dict_0005_0188" 10660
"/Engine/EngineMaterials/Substrate/Glints2/dict_0005_0187" 10661
"/Engine/EngineMaterials/Substrate/Glints2/dict_0005_0186" 10662
"/Engine/EngineMaterials/Substrate/Glints2/dict_0005_0185" 10663
"/Engine/EngineMaterials/Substrate/Glints2/dict_0005_0184" 10664
"/Engine/EngineMaterials/Substrate/Glints2/dict_0005_0183" 10665
"/Engine/EngineMaterials/Substrate/Glints2/dict_0005_0182" 10666
"/Engine/EngineMaterials/Substrate/Glints2/dict_0005_0181" 10667
"/Engine/EngineMaterials/Substrate/Glints2/dict_0005_0180" 10668
"/Engine/EngineMaterials/Substrate/Glints2/dict_0005_0179" 10669
"/Engine/EngineMaterials/Substrate/Glints2/dict_0005_0178" 10670
"/Engine/EngineMaterials/Substrate/Glints2/dict_0005_0177" 10671
"/Engine/EngineMaterials/Substrate/Glints2/dict_0005_0176" 10672
"/Engine/EngineMaterials/Substrate/Glints2/dict_0005_0175" 10673
"/Engine/EngineMaterials/Substrate/Glints2/dict_0005_0174" 10674
"/Engine/EngineMaterials/Substrate/Glints2/dict_0005_0173" 10675
"../../../Engine/Content/EngineMaterials/Substrate/Glints2/dict_0005_0208.uasset" 10676
"../../../Engine/Content/EngineMaterials/Substrate/Glints2/dict_0005_0207.uasset" 10677
"../../../Engine/Content/EngineMaterials/Substrate/Glints2/dict_0005_0211.uasset" 10678
"../../../Engine/Content/EngineMaterials/Substrate/Glints2/dict_0005_0209.uasset" 10679
"../../../Engine/Content/EngineMaterials/Substrate/Glints2/dict_0005_0205.uasset" 10680
"../../../Engine/Content/EngineMaterials/Substrate/Glints2/dict_0005_0210.uasset" 10681
"../../../Engine/Content/EngineMaterials/Substrate/Glints2/dict_0005_0212.uasset" 10682
"../../../Engine/Content/EngineMaterials/Substrate/Glints2/dict_0005_0206.uasset" 10683
"/Engine/EngineMaterials/Substrate/Glints2/dict_0005_0204" 10684
"../../../Engine/Content/EngineMaterials/Substrate/Glints2/dict_0005_0214.uasset" 10685
"../../../Engine/Content/EngineMaterials/Substrate/Glints2/dict_0005_0213.uasset" 10686
"../../../Engine/Content/EngineMaterials/Substrate/Glints2/dict_0005_0215.uasset" 10687
"../../../Engine/Content/EngineMaterials/Substrate/Glints2/dict_0005_0216.uasset" 10688
"../../../Engine/Content/EngineMaterials/Substrate/Glints2/dict_0005_0217.uasset" 10689
"../../../Engine/Content/EngineMaterials/Substrate/Glints2/dict_0005_0219.uasset" 10690
"../../../Engine/Content/EngineMaterials/Substrate/Glints2/dict_0005_0218.uasset" 10691
"../../../Engine/Content/EngineMaterials/Substrate/Glints2/dict_0005_0220.uasset" 10692
"../../../Engine/Content/EngineMaterials/Substrate/Glints2/dict_0005_0221.uasset" 10693
"../../../Engine/Content/EngineMaterials/Substrate/Glints2/dict_0005_0222.uasset" 10694
"/Engine/EngineMaterials/Substrate/Glints2/dict_0005_0203" 10695
"/Engine/EngineMaterials/Substrate/Glints2/dict_0005_0202" 10696
"/Engine/EngineMaterials/Substrate/Glints2/dict_0005_0201" 10697
"/Engine/EngineMaterials/Substrate/Glints2/dict_0005_0200" 10698
"/Engine/EngineMaterials/Substrate/Glints2/dict_0005_0199" 10699
"/Engine/EngineMaterials/Substrate/Glints2/dict_0005_0198" 10700
"/Engine/EngineMaterials/Substrate/Glints2/dict_0005_0197" 10701
"/Engine/EngineMaterials/Substrate/Glints2/dict_0005_0196" 10702
"/Engine/EngineMaterials/Substrate/Glints2/dict_0005_0195" 10703
"/Engine/EngineMaterials/Substrate/Glints2/dict_0005_0194" 10704
"/Engine/EngineMaterials/Substrate/Glints2/dict_0005_0193" 10705
"/Engine/EngineMaterials/Substrate/Glints2/dict_0005_0192" 10706
"/Engine/EngineMaterials/Substrate/Glints2/dict_0005_0191" 10707
"../../../Engine/Content/EngineMaterials/Substrate/Glints2/dict_0005_0225.uasset" 10708
"../../../Engine/Content/EngineMaterials/Substrate/Glints2/dict_0005_0231.uasset" 10709
"../../../Engine/Content/EngineMaterials/Substrate/Glints2/dict_0005_0223.uasset" 10710
"../../../Engine/Content/EngineMaterials/Substrate/Glints2/dict_0005_0229.uasset" 10711
"/Engine/EngineMaterials/Substrate/Glints2/dict_0005_0222" 10712
"../../../Engine/Content/EngineMaterials/Substrate/Glints2/dict_0005_0236.uasset" 10713
"../../../Engine/Content/EngineMaterials/Substrate/Glints2/dict_0005_0232.uasset" 10714
"../../../Engine/Content/EngineMaterials/Substrate/Glints2/dict_0005_0226.uasset" 10715
"../../../Engine/Content/EngineMaterials/Substrate/Glints2/dict_0005_0224.uasset" 10716
"../../../Engine/Content/EngineMaterials/Substrate/Glints2/dict_0005_0227.uasset" 10717
"../../../Engine/Content/EngineMaterials/Substrate/Glints2/dict_0005_0230.uasset" 10718
"../../../Engine/Content/EngineMaterials/Substrate/Glints2/dict_0005_0233.uasset" 10719
"../../../Engine/Content/EngineMaterials/Substrate/Glints2/dict_0005_0234.uasset" 10720
"../../../Engine/Content/EngineMaterials/Substrate/Glints2/dict_0005_0228.uasset" 10721
"../../../Engine/Content/EngineMaterials/Substrate/Glints2/dict_0005_0235.uasset" 10722
"/Engine/EngineMaterials/Substrate/Glints2/dict_0005_0221" 10723
"/Engine/EngineMaterials/Substrate/Glints2/dict_0005_0220" 10724
"/Engine/EngineMaterials/Substrate/Glints2/dict_0005_0219" 10725
"/Engine/EngineMaterials/Substrate/Glints2/dict_0005_0218" 10726
"/Engine/EngineMaterials/Substrate/Glints2/dict_0005_0217" 10727
"/Engine/EngineMaterials/Substrate/Glints2/dict_0005_0216" 10728
"/Engine/EngineMaterials/Substrate/Glints2/dict_0005_0215" 10729
"/Engine/EngineMaterials/Substrate/Glints2/dict_0005_0214" 10730
"/Engine/EngineMaterials/Substrate/Glints2/dict_0005_0213" 10731
"/Engine/EngineMaterials/Substrate/Glints2/dict_0005_0212" 10732
"/Engine/EngineMaterials/Substrate/Glints2/dict_0005_0211" 10733
"/Engine/EngineMaterials/Substrate/Glints2/dict_0005_0210" 10734
"/Engine/EngineMaterials/Substrate/Glints2/dict_0005_0209" 10735
"/Engine/EngineMaterials/Substrate/Glints2/dict_0005_0208" 10736
"/Engine/EngineMaterials/Substrate/Glints2/dict_0005_0207" 10737
"/Engine/EngineMaterials/Substrate/Glints2/dict_0005_0206" 10738
"/Engine/EngineMaterials/Substrate/Glints2/dict_0005_0205" 10739
"../../../Engine/Content/EngineMaterials/Substrate/Glints2/dict_0005_0239.uasset" 10740
"../../../Engine/Content/EngineMaterials/Substrate/Glints2/dict_0005_0243.uasset" 10741
"../../../Engine/Content/EngineMaterials/Substrate/Glints2/dict_0005_0240.uasset" 10742
"../../../Engine/Content/EngineMaterials/Substrate/Glints2/dict_0005_0247.uasset" 10743
"../../../Engine/Content/EngineMaterials/Substrate/Glints2/dict_0005_0244.uasset" 10744
"../../../Engine/Content/EngineMaterials/Substrate/Glints2/dict_0005_0246.uasset" 10745
"/Engine/EngineMaterials/Substrate/Glints2/dict_0005_0236" 10746
"../../../Engine/Content/EngineMaterials/Substrate/Glints2/dict_0005_0249.uasset" 10747
"../../../Engine/Content/EngineMaterials/Substrate/Glints2/dict_0005_0242.uasset" 10748
"../../../Engine/Content/EngineMaterials/Substrate/Glints2/dict_0005_0238.uasset" 10749
"../../../Engine/Content/EngineMaterials/Substrate/Glints2/dict_0005_0245.uasset" 10750
"../../../Engine/Content/EngineMaterials/Substrate/Glints2/dict_0005_0248.uasset" 10751
"../../../Engine/Content/EngineMaterials/Substrate/Glints2/dict_0005_0250.uasset" 10752
"../../../Engine/Content/EngineMaterials/Substrate/Glints2/dict_0005_0241.uasset" 10753
"../../../Engine/Content/EngineMaterials/Substrate/Glints2/dict_0005_0237.uasset" 10754
"../../../Engine/Content/EngineMaterials/Substrate/Glints2/dict_0005_0251.uasset" 10755
"../../../Engine/Content/EngineMaterials/Substrate/Glints2/dict_0005_0252.uasset" 10756
"../../../Engine/Content/EngineMaterials/Substrate/Glints2/dict_0005_0253.uasset" 10757
"../../../Engine/Content/EngineMaterials/Substrate/Glints2/dict_0005_0254.uasset" 10758
"/Engine/EngineMaterials/Substrate/Glints2/dict_0005_0235" 10759
"/Engine/EngineMaterials/Substrate/Glints2/dict_0005_0234" 10760
"/Engine/EngineMaterials/Substrate/Glints2/dict_0005_0233" 10761
"/Engine/EngineMaterials/Substrate/Glints2/dict_0005_0232" 10762
"/Engine/EngineMaterials/Substrate/Glints2/dict_0005_0231" 10763
"/Engine/EngineMaterials/Substrate/Glints2/dict_0005_0230" 10764
"/Engine/EngineMaterials/Substrate/Glints2/dict_0005_0229" 10765
"/Engine/EngineMaterials/Substrate/Glints2/dict_0005_0228" 10766
"/Engine/EngineMaterials/Substrate/Glints2/dict_0005_0227" 10767
"/Engine/EngineMaterials/Substrate/Glints2/dict_0005_0226" 10768
"/Engine/EngineMaterials/Substrate/Glints2/dict_0005_0225" 10769
"/Engine/EngineMaterials/Substrate/Glints2/dict_0005_0224" 10770
"/Engine/EngineMaterials/Substrate/Glints2/dict_0005_0223" 10771
"../../../Engine/Content/EngineMaterials/Substrate/Glints2/dict_0006_0000.uasset" 10772
"../../../Engine/Content/EngineMaterials/Substrate/Glints2/dict_0005_0255.uasset" 10773
"../../../Engine/Content/EngineMaterials/Substrate/Glints2/dict_0006_0002.uasset" 10774
"../../../Engine/Content/EngineMaterials/Substrate/Glints2/dict_0006_0003.uasset" 10775
"../../../Engine/Content/EngineMaterials/Substrate/Glints2/dict_0006_0005.uasset" 10776
"/Engine/EngineMaterials/Substrate/Glints2/dict_0005_0254" 10777
"../../../Engine/Content/EngineMaterials/Substrate/Glints2/dict_0006_0006.uasset" 10778
"../../../Engine/Content/EngineMaterials/Substrate/Glints2/dict_0006_0001.uasset" 10779
"../../../Engine/Content/EngineMaterials/Substrate/Glints2/dict_0006_0004.uasset" 10780
"../../../Engine/Content/EngineMaterials/Substrate/Glints2/dict_0006_0010.uasset" 10781
"../../../Engine/Content/EngineMaterials/Substrate/Glints2/dict_0006_0009.uasset" 10782
"../../../Engine/Content/EngineMaterials/Substrate/Glints2/dict_0006_0011.uasset" 10783
"../../../Engine/Content/EngineMaterials/Substrate/Glints2/dict_0006_0008.uasset" 10784
"../../../Engine/Content/EngineMaterials/Substrate/Glints2/dict_0006_0012.uasset" 10785
"../../../Engine/Content/EngineMaterials/Substrate/Glints2/dict_0006_0007.uasset" 10786
"/Engine/EngineMaterials/Substrate/Glints2/dict_0005_0253" 10787
"/Engine/EngineMaterials/Substrate/Glints2/dict_0005_0252" 10788
"/Engine/EngineMaterials/Substrate/Glints2/dict_0005_0251" 10789
"/Engine/EngineMaterials/Substrate/Glints2/dict_0005_0250" 10790
"/Engine/EngineMaterials/Substrate/Glints2/dict_0005_0249" 10791
"/Engine/EngineMaterials/Substrate/Glints2/dict_0005_0248" 10792
"/Engine/EngineMaterials/Substrate/Glints2/dict_0005_0247" 10793
"/Engine/EngineMaterials/Substrate/Glints2/dict_0005_0246" 10794
"/Engine/EngineMaterials/Substrate/Glints2/dict_0005_0245" 10795
"/Engine/EngineMaterials/Substrate/Glints2/dict_0005_0244" 10796
"/Engine/EngineMaterials/Substrate/Glints2/dict_0005_0243" 10797
"/Engine/EngineMaterials/Substrate/Glints2/dict_0005_0242" 10798
"/Engine/EngineMaterials/Substrate/Glints2/dict_0005_0241" 10799
"/Engine/EngineMaterials/Substrate/Glints2/dict_0005_0240" 10800
"/Engine/EngineMaterials/Substrate/Glints2/dict_0005_0239" 10801
"/Engine/EngineMaterials/Substrate/Glints2/dict_0005_0238" 10802
"/Engine/EngineMaterials/Substrate/Glints2/dict_0005_0237" 10803
"../../../Engine/Content/EngineMaterials/Substrate/Glints2/dict_0006_0013.uasset" 10804
"../../../Engine/Content/EngineMaterials/Substrate/Glints2/dict_0006_0015.uasset" 10805
"/Engine/EngineMaterials/Substrate/Glints2/dict_0006_0012" 10806
"../../../Engine/Content/EngineMaterials/Substrate/Glints2/dict_0006_0017.uasset" 10807
"../../../Engine/Content/EngineMaterials/Substrate/Glints2/dict_0006_0016.uasset" 10808
"../../../Engine/Content/EngineMaterials/Substrate/Glints2/dict_0006_0018.uasset" 10809
"../../../Engine/Content/EngineMaterials/Substrate/Glints2/dict_0006_0019.uasset" 10810
"../../../Engine/Content/EngineMaterials/Substrate/Glints2/dict_0006_0020.uasset" 10811
"../../../Engine/Content/EngineMaterials/Substrate/Glints2/dict_0006_0014.uasset" 10812
"../../../Engine/Content/EngineMaterials/Substrate/Glints2/dict_0006_0021.uasset" 10813
"../../../Engine/Content/EngineMaterials/Substrate/Glints2/dict_0006_0022.uasset" 10814
"../../../Engine/Content/EngineMaterials/Substrate/Glints2/dict_0006_0024.uasset" 10815
"../../../Engine/Content/EngineMaterials/Substrate/Glints2/dict_0006_0025.uasset" 10816
"../../../Engine/Content/EngineMaterials/Substrate/Glints2/dict_0006_0023.uasset" 10817
"../../../Engine/Content/EngineMaterials/Substrate/Glints2/dict_0006_0026.uasset" 10818
"/Engine/EngineMaterials/Substrate/Glints2/dict_0006_0011" 10819
"../../../Engine/Content/EngineMaterials/Substrate/Glints2/dict_0006_0027.uasset" 10820
"../../../Engine/Content/EngineMaterials/Substrate/Glints2/dict_0006_0028.uasset" 10821
"../../../Engine/Content/EngineMaterials/Substrate/Glints2/dict_0006_0029.uasset" 10822
"../../../Engine/Content/EngineMaterials/Substrate/Glints2/dict_0006_0030.uasset" 10823
"/Engine/EngineMaterials/Substrate/Glints2/dict_0006_0010" 10824
"/Engine/EngineMaterials/Substrate/Glints2/dict_0006_0009" 10825
"/Engine/EngineMaterials/Substrate/Glints2/dict_0006_0008" 10826
"/Engine/EngineMaterials/Substrate/Glints2/dict_0006_0007" 10827
"/Engine/EngineMaterials/Substrate/Glints2/dict_0006_0006" 10828
"/Engine/EngineMaterials/Substrate/Glints2/dict_0006_0005" 10829
"/Engine/EngineMaterials/Substrate/Glints2/dict_0006_0004" 10830
"/Engine/EngineMaterials/Substrate/Glints2/dict_0006_0003" 10831
"/Engine/EngineMaterials/Substrate/Glints2/dict_0006_0002" 10832
"/Engine/EngineMaterials/Substrate/Glints2/dict_0006_0001" 10833
"/Engine/EngineMaterials/Substrate/Glints2/dict_0006_0000" 10834
"/Engine/EngineMaterials/Substrate/Glints2/dict_0005_0255" 10835
"/Engine/EngineMaterials/Substrate/Glints2/dict_0006_0030" 10836
"../../../Engine/Content/EngineMaterials/Substrate/Glints2/dict_0006_0038.uasset" 10837
"../../../Engine/Content/EngineMaterials/Substrate/Glints2/dict_0006_0033.uasset" 10838
"../../../Engine/Content/EngineMaterials/Substrate/Glints2/dict_0006_0035.uasset" 10839
"../../../Engine/Content/EngineMaterials/Substrate/Glints2/dict_0006_0040.uasset" 10840
"../../../Engine/Content/EngineMaterials/Substrate/Glints2/dict_0006_0041.uasset" 10841
"../../../Engine/Content/EngineMaterials/Substrate/Glints2/dict_0006_0039.uasset" 10842
"../../../Engine/Content/EngineMaterials/Substrate/Glints2/dict_0006_0034.uasset" 10843
"../../../Engine/Content/EngineMaterials/Substrate/Glints2/dict_0006_0036.uasset" 10844
"/Engine/EngineMaterials/Substrate/Glints2/dict_0006_0029" 10845
"../../../Engine/Content/EngineMaterials/Substrate/Glints2/dict_0006_0037.uasset" 10846
"../../../Engine/Content/EngineMaterials/Substrate/Glints2/dict_0006_0032.uasset" 10847
"../../../Engine/Content/EngineMaterials/Substrate/Glints2/dict_0006_0042.uasset" 10848
"../../../Engine/Content/EngineMaterials/Substrate/Glints2/dict_0006_0044.uasset" 10849
"../../../Engine/Content/EngineMaterials/Substrate/Glints2/dict_0006_0043.uasset" 10850
"/Engine/EngineMaterials/Substrate/Glints2/dict_0006_0028" 10851
"../../../Engine/Content/EngineMaterials/Substrate/Glints2/dict_0006_0031.uasset" 10852
"/Engine/EngineMaterials/Substrate/Glints2/dict_0006_0027" 10853
"/Engine/EngineMaterials/Substrate/Glints2/dict_0006_0026" 10854
"/Engine/EngineMaterials/Substrate/Glints2/dict_0006_0025" 10855
"/Engine/EngineMaterials/Substrate/Glints2/dict_0006_0024" 10856
"/Engine/EngineMaterials/Substrate/Glints2/dict_0006_0023" 10857
"/Engine/EngineMaterials/Substrate/Glints2/dict_0006_0022" 10858
"/Engine/EngineMaterials/Substrate/Glints2/dict_0006_0021" 10859
"/Engine/EngineMaterials/Substrate/Glints2/dict_0006_0020" 10860
"/Engine/EngineMaterials/Substrate/Glints2/dict_0006_0019" 10861
"/Engine/EngineMaterials/Substrate/Glints2/dict_0006_0018" 10862
"/Engine/EngineMaterials/Substrate/Glints2/dict_0006_0017" 10863
"/Engine/EngineMaterials/Substrate/Glints2/dict_0006_0016" 10864
"/Engine/EngineMaterials/Substrate/Glints2/dict_0006_0015" 10865
"/Engine/EngineMaterials/Substrate/Glints2/dict_0006_0014" 10866
"/Engine/EngineMaterials/Substrate/Glints2/dict_0006_0013" 10867
"../../../Engine/Content/EngineMaterials/Substrate/Glints2/dict_0006_0047.uasset" 10868
"../../../Engine/Content/EngineMaterials/Substrate/Glints2/dict_0006_0046.uasset" 10869
"../../../Engine/Content/EngineMaterials/Substrate/Glints2/dict_0006_0052.uasset" 10870
"../../../Engine/Content/EngineMaterials/Substrate/Glints2/dict_0006_0048.uasset" 10871
"../../../Engine/Content/EngineMaterials/Substrate/Glints2/dict_0006_0055.uasset" 10872
"../../../Engine/Content/EngineMaterials/Substrate/Glints2/dict_0006_0056.uasset" 10873
"../../../Engine/Content/EngineMaterials/Substrate/Glints2/dict_0006_0057.uasset" 10874
"../../../Engine/Content/EngineMaterials/Substrate/Glints2/dict_0006_0045.uasset" 10875
"../../../Engine/Content/EngineMaterials/Substrate/Glints2/dict_0006_0053.uasset" 10876
"../../../Engine/Content/EngineMaterials/Substrate/Glints2/dict_0006_0051.uasset" 10877
"../../../Engine/Content/EngineMaterials/Substrate/Glints2/dict_0006_0050.uasset" 10878
"../../../Engine/Content/EngineMaterials/Substrate/Glints2/dict_0006_0049.uasset" 10879
"../../../Engine/Content/EngineMaterials/Substrate/Glints2/dict_0006_0054.uasset" 10880
"/Engine/EngineMaterials/Substrate/Glints2/dict_0006_0044" 10881
"../../../Engine/Content/EngineMaterials/Substrate/Glints2/dict_0006_0058.uasset" 10882
"../../../Engine/Content/EngineMaterials/Substrate/Glints2/dict_0006_0060.uasset" 10883
"../../../Engine/Content/EngineMaterials/Substrate/Glints2/dict_0006_0061.uasset" 10884
"../../../Engine/Content/EngineMaterials/Substrate/Glints2/dict_0006_0062.uasset" 10885
"/Engine/EngineMaterials/Substrate/Glints2/dict_0006_0043" 10886
"../../../Engine/Content/EngineMaterials/Substrate/Glints2/dict_0006_0059.uasset" 10887
"/Engine/EngineMaterials/Substrate/Glints2/dict_0006_0042" 10888
"/Engine/EngineMaterials/Substrate/Glints2/dict_0006_0041" 10889
"/Engine/EngineMaterials/Substrate/Glints2/dict_0006_0040" 10890
"/Engine/EngineMaterials/Substrate/Glints2/dict_0006_0039" 10891
"/Engine/EngineMaterials/Substrate/Glints2/dict_0006_0038" 10892
"/Engine/EngineMaterials/Substrate/Glints2/dict_0006_0037" 10893
"/Engine/EngineMaterials/Substrate/Glints2/dict_0006_0036" 10894
"/Engine/EngineMaterials/Substrate/Glints2/dict_0006_0035" 10895
"/Engine/EngineMaterials/Substrate/Glints2/dict_0006_0034" 10896
"/Engine/EngineMaterials/Substrate/Glints2/dict_0006_0033" 10897
"/Engine/EngineMaterials/Substrate/Glints2/dict_0006_0032" 10898
"/Engine/EngineMaterials/Substrate/Glints2/dict_0006_0031" 10899
"../../../Engine/Content/EngineMaterials/Substrate/Glints2/dict_0006_0068.uasset" 10900
"../../../Engine/Content/EngineMaterials/Substrate/Glints2/dict_0006_0063.uasset" 10901
"../../../Engine/Content/EngineMaterials/Substrate/Glints2/dict_0006_0069.uasset" 10902
"../../../Engine/Content/EngineMaterials/Substrate/Glints2/dict_0006_0067.uasset" 10903
"../../../Engine/Content/EngineMaterials/Substrate/Glints2/dict_0006_0070.uasset" 10904
"../../../Engine/Content/EngineMaterials/Substrate/Glints2/dict_0006_0071.uasset" 10905
"../../../Engine/Content/EngineMaterials/Substrate/Glints2/dict_0006_0065.uasset" 10906
"../../../Engine/Content/EngineMaterials/Substrate/Glints2/dict_0006_0072.uasset" 10907
"../../../Engine/Content/EngineMaterials/Substrate/Glints2/dict_0006_0074.uasset" 10908
"../../../Engine/Content/EngineMaterials/Substrate/Glints2/dict_0006_0073.uasset" 10909
"../../../Engine/Content/EngineMaterials/Substrate/Glints2/dict_0006_0075.uasset" 10910
"../../../Engine/Content/EngineMaterials/Substrate/Glints2/dict_0006_0064.uasset" 10911
"../../../Engine/Content/EngineMaterials/Substrate/Glints2/dict_0006_0076.uasset" 10912
"../../../Engine/Content/EngineMaterials/Substrate/Glints2/dict_0006_0066.uasset" 10913
"/Engine/EngineMaterials/Substrate/Glints2/dict_0006_0062" 10914
"/Engine/EngineMaterials/Substrate/Glints2/dict_0006_0061" 10915
"/Engine/EngineMaterials/Substrate/Glints2/dict_0006_0060" 10916
"/Engine/EngineMaterials/Substrate/Glints2/dict_0006_0059" 10917
"/Engine/EngineMaterials/Substrate/Glints2/dict_0006_0058" 10918
"/Engine/EngineMaterials/Substrate/Glints2/dict_0006_0057" 10919
"/Engine/EngineMaterials/Substrate/Glints2/dict_0006_0056" 10920
"/Engine/EngineMaterials/Substrate/Glints2/dict_0006_0055" 10921
"/Engine/EngineMaterials/Substrate/Glints2/dict_0006_0054" 10922
"/Engine/EngineMaterials/Substrate/Glints2/dict_0006_0053" 10923
"/Engine/EngineMaterials/Substrate/Glints2/dict_0006_0052" 10924
"/Engine/EngineMaterials/Substrate/Glints2/dict_0006_0051" 10925
"/Engine/EngineMaterials/Substrate/Glints2/dict_0006_0050" 10926
"/Engine/EngineMaterials/Substrate/Glints2/dict_0006_0049" 10927
"/Engine/EngineMaterials/Substrate/Glints2/dict_0006_0048" 10928
"/Engine/EngineMaterials/Substrate/Glints2/dict_0006_0047" 10929
"/Engine/EngineMaterials/Substrate/Glints2/dict_0006_0046" 10930
"/Engine/EngineMaterials/Substrate/Glints2/dict_0006_0045" 10931
"../../../Engine/Content/EngineMaterials/Substrate/Glints2/dict_0006_0082.uasset" 10932
"../../../Engine/Content/EngineMaterials/Substrate/Glints2/dict_0006_0084.uasset" 10933
"../../../Engine/Content/EngineMaterials/Substrate/Glints2/dict_0006_0088.uasset" 10934
"../../../Engine/Content/EngineMaterials/Substrate/Glints2/dict_0006_0077.uasset" 10935
"../../../Engine/Content/EngineMaterials/Substrate/Glints2/dict_0006_0090.uasset" 10936
"../../../Engine/Content/EngineMaterials/Substrate/Glints2/dict_0006_0080.uasset" 10937
"../../../Engine/Content/EngineMaterials/Substrate/Glints2/dict_0006_0078.uasset" 10938
"../../../Engine/Content/EngineMaterials/Substrate/Glints2/dict_0006_0085.uasset" 10939
"/Engine/EngineMaterials/Substrate/Glints2/dict_0006_0076" 10940
"../../../Engine/Content/EngineMaterials/Substrate/Glints2/dict_0006_0087.uasset" 10941
"../../../Engine/Content/EngineMaterials/Substrate/Glints2/dict_0006_0083.uasset" 10942
"../../../Engine/Content/EngineMaterials/Substrate/Glints2/dict_0006_0086.uasset" 10943
"../../../Engine/Content/EngineMaterials/Substrate/Glints2/dict_0006_0081.uasset" 10944
"../../../Engine/Content/EngineMaterials/Substrate/Glints2/dict_0006_0089.uasset" 10945
"../../../Engine/Content/EngineMaterials/Substrate/Glints2/dict_0006_0079.uasset" 10946
"../../../Engine/Content/EngineMaterials/Substrate/Glints2/dict_0006_0091.uasset" 10947
"../../../Engine/Content/EngineMaterials/Substrate/Glints2/dict_0006_0092.uasset" 10948
"../../../Engine/Content/EngineMaterials/Substrate/Glints2/dict_0006_0093.uasset" 10949
"../../../Engine/Content/EngineMaterials/Substrate/Glints2/dict_0006_0094.uasset" 10950
"/Engine/EngineMaterials/Substrate/Glints2/dict_0006_0075" 10951
"/Engine/EngineMaterials/Substrate/Glints2/dict_0006_0074" 10952
"/Engine/EngineMaterials/Substrate/Glints2/dict_0006_0073" 10953
"/Engine/EngineMaterials/Substrate/Glints2/dict_0006_0072" 10954
"/Engine/EngineMaterials/Substrate/Glints2/dict_0006_0071" 10955
"/Engine/EngineMaterials/Substrate/Glints2/dict_0006_0070" 10956
"/Engine/EngineMaterials/Substrate/Glints2/dict_0006_0069" 10957
"/Engine/EngineMaterials/Substrate/Glints2/dict_0006_0068" 10958
"/Engine/EngineMaterials/Substrate/Glints2/dict_0006_0067" 10959
"/Engine/EngineMaterials/Substrate/Glints2/dict_0006_0066" 10960
"/Engine/EngineMaterials/Substrate/Glints2/dict_0006_0065" 10961
"/Engine/EngineMaterials/Substrate/Glints2/dict_0006_0064" 10962
"/Engine/EngineMaterials/Substrate/Glints2/dict_0006_0063" 10963
"../../../Engine/Content/EngineMaterials/Substrate/Glints2/dict_0006_0095.uasset" 10964
"../../../Engine/Content/EngineMaterials/Substrate/Glints2/dict_0006_0100.uasset" 10965
"../../../Engine/Content/EngineMaterials/Substrate/Glints2/dict_0006_0099.uasset" 10966
"../../../Engine/Content/EngineMaterials/Substrate/Glints2/dict_0006_0106.uasset" 10967
"/Engine/EngineMaterials/Substrate/Glints2/dict_0006_0094" 10968
"../../../Engine/Content/EngineMaterials/Substrate/Glints2/dict_0006_0102.uasset" 10969
"../../../Engine/Content/EngineMaterials/Substrate/Glints2/dict_0006_0105.uasset" 10970
"../../../Engine/Content/EngineMaterials/Substrate/Glints2/dict_0006_0097.uasset" 10971
"../../../Engine/Content/EngineMaterials/Substrate/Glints2/dict_0006_0098.uasset" 10972
"../../../Engine/Content/EngineMaterials/Substrate/Glints2/dict_0006_0108.uasset" 10973
"../../../Engine/Content/EngineMaterials/Substrate/Glints2/dict_0006_0101.uasset" 10974
"../../../Engine/Content/EngineMaterials/Substrate/Glints2/dict_0006_0096.uasset" 10975
"../../../Engine/Content/EngineMaterials/Substrate/Glints2/dict_0006_0107.uasset" 10976
"../../../Engine/Content/EngineMaterials/Substrate/Glints2/dict_0006_0104.uasset" 10977
"../../../Engine/Content/EngineMaterials/Substrate/Glints2/dict_0006_0103.uasset" 10978
"/Engine/EngineMaterials/Substrate/Glints2/dict_0006_0093" 10979
"/Engine/EngineMaterials/Substrate/Glints2/dict_0006_0092" 10980
"/Engine/EngineMaterials/Substrate/Glints2/dict_0006_0091" 10981
"/Engine/EngineMaterials/Substrate/Glints2/dict_0006_0090" 10982
"/Engine/EngineMaterials/Substrate/Glints2/dict_0006_0089" 10983
"/Engine/EngineMaterials/Substrate/Glints2/dict_0006_0088" 10984
"/Engine/EngineMaterials/Substrate/Glints2/dict_0006_0087" 10985
"/Engine/EngineMaterials/Substrate/Glints2/dict_0006_0086" 10986
"/Engine/EngineMaterials/Substrate/Glints2/dict_0006_0085" 10987
"/Engine/EngineMaterials/Substrate/Glints2/dict_0006_0084" 10988
"/Engine/EngineMaterials/Substrate/Glints2/dict_0006_0083" 10989
"/Engine/EngineMaterials/Substrate/Glints2/dict_0006_0082" 10990
"/Engine/EngineMaterials/Substrate/Glints2/dict_0006_0081" 10991
"/Engine/EngineMaterials/Substrate/Glints2/dict_0006_0080" 10992
"/Engine/EngineMaterials/Substrate/Glints2/dict_0006_0079" 10993
"/Engine/EngineMaterials/Substrate/Glints2/dict_0006_0078" 10994
"/Engine/EngineMaterials/Substrate/Glints2/dict_0006_0077" 10995
"../../../Engine/Content/EngineMaterials/Substrate/Glints2/dict_0006_0109.uasset" 10996
"../../../Engine/Content/EngineMaterials/Substrate/Glints2/dict_0006_0111.uasset" 10997
"../../../Engine/Content/EngineMaterials/Substrate/Glints2/dict_0006_0114.uasset" 10998
"../../../Engine/Content/EngineMaterials/Substrate/Glints2/dict_0006_0113.uasset" 10999
"/Engine/EngineMaterials/Substrate/Glints2/dict_0006_0108" 11000
"../../../Engine/Content/EngineMaterials/Substrate/Glints2/dict_0006_0112.uasset" 11001
"../../../Engine/Content/EngineMaterials/Substrate/Glints2/dict_0006_0110.uasset" 11002
"../../../Engine/Content/EngineMaterials/Substrate/Glints2/dict_0006_0115.uasset" 11003
"../../../Engine/Content/EngineMaterials/Substrate/Glints2/dict_0006_0118.uasset" 11004
"../../../Engine/Content/EngineMaterials/Substrate/Glints2/dict_0006_0117.uasset" 11005
"../../../Engine/Content/EngineMaterials/Substrate/Glints2/dict_0006_0119.uasset" 11006
"../../../Engine/Content/EngineMaterials/Substrate/Glints2/dict_0006_0120.uasset" 11007
"../../../Engine/Content/EngineMaterials/Substrate/Glints2/dict_0006_0116.uasset" 11008
"../../../Engine/Content/EngineMaterials/Substrate/Glints2/dict_0006_0121.uasset" 11009
"../../../Engine/Content/EngineMaterials/Substrate/Glints2/dict_0006_0123.uasset" 11010
"../../../Engine/Content/EngineMaterials/Substrate/Glints2/dict_0006_0124.uasset" 11011
"../../../Engine/Content/EngineMaterials/Substrate/Glints2/dict_0006_0122.uasset" 11012
"../../../Engine/Content/EngineMaterials/Substrate/Glints2/dict_0006_0125.uasset" 11013
"../../../Engine/Content/EngineMaterials/Substrate/Glints2/dict_0006_0126.uasset" 11014
"/Engine/EngineMaterials/Substrate/Glints2/dict_0006_0107" 11015
"/Engine/EngineMaterials/Substrate/Glints2/dict_0006_0106" 11016
"/Engine/EngineMaterials/Substrate/Glints2/dict_0006_0105" 11017
"/Engine/EngineMaterials/Substrate/Glints2/dict_0006_0104" 11018
"/Engine/EngineMaterials/Substrate/Glints2/dict_0006_0103" 11019
"/Engine/EngineMaterials/Substrate/Glints2/dict_0006_0102" 11020
"/Engine/EngineMaterials/Substrate/Glints2/dict_0006_0101" 11021
"/Engine/EngineMaterials/Substrate/Glints2/dict_0006_0100" 11022
"/Engine/EngineMaterials/Substrate/Glints2/dict_0006_0099" 11023
"/Engine/EngineMaterials/Substrate/Glints2/dict_0006_0098" 11024
"/Engine/EngineMaterials/Substrate/Glints2/dict_0006_0097" 11025
"/Engine/EngineMaterials/Substrate/Glints2/dict_0006_0096" 11026
"/Engine/EngineMaterials/Substrate/Glints2/dict_0006_0095" 11027
"../../../Engine/Content/EngineMaterials/Substrate/Glints2/dict_0006_0132.uasset" 11028
"../../../Engine/Content/EngineMaterials/Substrate/Glints2/dict_0006_0130.uasset" 11029
"../../../Engine/Content/EngineMaterials/Substrate/Glints2/dict_0006_0134.uasset" 11030
"../../../Engine/Content/EngineMaterials/Substrate/Glints2/dict_0006_0135.uasset" 11031
"../../../Engine/Content/EngineMaterials/Substrate/Glints2/dict_0006_0127.uasset" 11032
"../../../Engine/Content/EngineMaterials/Substrate/Glints2/dict_0006_0139.uasset" 11033
"../../../Engine/Content/EngineMaterials/Substrate/Glints2/dict_0006_0133.uasset" 11034
"../../../Engine/Content/EngineMaterials/Substrate/Glints2/dict_0006_0140.uasset" 11035
"../../../Engine/Content/EngineMaterials/Substrate/Glints2/dict_0006_0129.uasset" 11036
"../../../Engine/Content/EngineMaterials/Substrate/Glints2/dict_0006_0128.uasset" 11037
"../../../Engine/Content/EngineMaterials/Substrate/Glints2/dict_0006_0138.uasset" 11038
"../../../Engine/Content/EngineMaterials/Substrate/Glints2/dict_0006_0137.uasset" 11039
"../../../Engine/Content/EngineMaterials/Substrate/Glints2/dict_0006_0131.uasset" 11040
"/Engine/EngineMaterials/Substrate/Glints2/dict_0006_0126" 11041
"../../../Engine/Content/EngineMaterials/Substrate/Glints2/dict_0006_0136.uasset" 11042
"/Engine/EngineMaterials/Substrate/Glints2/dict_0006_0125" 11043
"/Engine/EngineMaterials/Substrate/Glints2/dict_0006_0124" 11044
"/Engine/EngineMaterials/Substrate/Glints2/dict_0006_0123" 11045
"/Engine/EngineMaterials/Substrate/Glints2/dict_0006_0122" 11046
"/Engine/EngineMaterials/Substrate/Glints2/dict_0006_0121" 11047
"/Engine/EngineMaterials/Substrate/Glints2/dict_0006_0120" 11048
"/Engine/EngineMaterials/Substrate/Glints2/dict_0006_0119" 11049
"/Engine/EngineMaterials/Substrate/Glints2/dict_0006_0118" 11050
"/Engine/EngineMaterials/Substrate/Glints2/dict_0006_0117" 11051
"/Engine/EngineMaterials/Substrate/Glints2/dict_0006_0116" 11052
"/Engine/EngineMaterials/Substrate/Glints2/dict_0006_0115" 11053
"/Engine/EngineMaterials/Substrate/Glints2/dict_0006_0114" 11054
"/Engine/EngineMaterials/Substrate/Glints2/dict_0006_0113" 11055
"/Engine/EngineMaterials/Substrate/Glints2/dict_0006_0112" 11056
"/Engine/EngineMaterials/Substrate/Glints2/dict_0006_0111" 11057
"/Engine/EngineMaterials/Substrate/Glints2/dict_0006_0110" 11058
"/Engine/EngineMaterials/Substrate/Glints2/dict_0006_0109" 11059
"../../../Engine/Content/EngineMaterials/Substrate/Glints2/dict_0006_0143.uasset" 11060
"../../../Engine/Content/EngineMaterials/Substrate/Glints2/dict_0006_0146.uasset" 11061
"../../../Engine/Content/EngineMaterials/Substrate/Glints2/dict_0006_0149.uasset" 11062
"../../../Engine/Content/EngineMaterials/Substrate/Glints2/dict_0006_0141.uasset" 11063
"../../../Engine/Content/EngineMaterials/Substrate/Glints2/dict_0006_0151.uasset" 11064
"../../../Engine/Content/EngineMaterials/Substrate/Glints2/dict_0006_0150.uasset" 11065
"../../../Engine/Content/EngineMaterials/Substrate/Glints2/dict_0006_0154.uasset" 11066
"../../../Engine/Content/EngineMaterials/Substrate/Glints2/dict_0006_0142.uasset" 11067
"../../../Engine/Content/EngineMaterials/Substrate/Glints2/dict_0006_0147.uasset" 11068
"../../../Engine/Content/EngineMaterials/Substrate/Glints2/dict_0006_0148.uasset" 11069
"../../../Engine/Content/EngineMaterials/Substrate/Glints2/dict_0006_0144.uasset" 11070
"/Engine/EngineMaterials/Substrate/Glints2/dict_0006_0140" 11071
"../../../Engine/Content/EngineMaterials/Substrate/Glints2/dict_0006_0152.uasset" 11072
"../../../Engine/Content/EngineMaterials/Substrate/Glints2/dict_0006_0145.uasset" 11073
"../../../Engine/Content/EngineMaterials/Substrate/Glints2/dict_0006_0153.uasset" 11074
"/Engine/EngineMaterials/Substrate/Glints2/dict_0006_0139" 11075
"../../../Engine/Content/EngineMaterials/Substrate/Glints2/dict_0006_0155.uasset" 11076
"../../../Engine/Content/EngineMaterials/Substrate/Glints2/dict_0006_0156.uasset" 11077
"../../../Engine/Content/EngineMaterials/Substrate/Glints2/dict_0006_0158.uasset" 11078
"../../../Engine/Content/EngineMaterials/Substrate/Glints2/dict_0006_0157.uasset" 11079
"/Engine/EngineMaterials/Substrate/Glints2/dict_0006_0138" 11080
"/Engine/EngineMaterials/Substrate/Glints2/dict_0006_0137" 11081
"/Engine/EngineMaterials/Substrate/Glints2/dict_0006_0136" 11082
"/Engine/EngineMaterials/Substrate/Glints2/dict_0006_0135" 11083
"/Engine/EngineMaterials/Substrate/Glints2/dict_0006_0134" 11084
"/Engine/EngineMaterials/Substrate/Glints2/dict_0006_0133" 11085
"/Engine/EngineMaterials/Substrate/Glints2/dict_0006_0132" 11086
"/Engine/EngineMaterials/Substrate/Glints2/dict_0006_0131" 11087
"/Engine/EngineMaterials/Substrate/Glints2/dict_0006_0130" 11088
"/Engine/EngineMaterials/Substrate/Glints2/dict_0006_0129" 11089
"/Engine/EngineMaterials/Substrate/Glints2/dict_0006_0128" 11090
"/Engine/EngineMaterials/Substrate/Glints2/dict_0006_0127" 11091
"../../../Engine/Content/EngineMaterials/Substrate/Glints2/dict_0006_0161.uasset" 11092
"/Engine/EngineMaterials/Substrate/Glints2/dict_0006_0158" 11093
"../../../Engine/Content/EngineMaterials/Substrate/Glints2/dict_0006_0163.uasset" 11094
"../../../Engine/Content/EngineMaterials/Substrate/Glints2/dict_0006_0162.uasset" 11095
"../../../Engine/Content/EngineMaterials/Substrate/Glints2/dict_0006_0168.uasset" 11096
"../../../Engine/Content/EngineMaterials/Substrate/Glints2/dict_0006_0164.uasset" 11097
"../../../Engine/Content/EngineMaterials/Substrate/Glints2/dict_0006_0165.uasset" 11098
"../../../Engine/Content/EngineMaterials/Substrate/Glints2/dict_0006_0160.uasset" 11099
"../../../Engine/Content/EngineMaterials/Substrate/Glints2/dict_0006_0159.uasset" 11100
"../../../Engine/Content/EngineMaterials/Substrate/Glints2/dict_0006_0166.uasset" 11101
"../../../Engine/Content/EngineMaterials/Substrate/Glints2/dict_0006_0167.uasset" 11102
"../../../Engine/Content/EngineMaterials/Substrate/Glints2/dict_0006_0169.uasset" 11103
"/Engine/EngineMaterials/Substrate/Glints2/dict_0006_0157" 11104
"../../../Engine/Content/EngineMaterials/Substrate/Glints2/dict_0006_0170.uasset" 11105
"../../../Engine/Content/EngineMaterials/Substrate/Glints2/dict_0006_0171.uasset" 11106
"../../../Engine/Content/EngineMaterials/Substrate/Glints2/dict_0006_0172.uasset" 11107
"/Engine/EngineMaterials/Substrate/Glints2/dict_0006_0156" 11108
"/Engine/EngineMaterials/Substrate/Glints2/dict_0006_0155" 11109
"/Engine/EngineMaterials/Substrate/Glints2/dict_0006_0154" 11110
"/Engine/EngineMaterials/Substrate/Glints2/dict_0006_0153" 11111
"/Engine/EngineMaterials/Substrate/Glints2/dict_0006_0152" 11112
"/Engine/EngineMaterials/Substrate/Glints2/dict_0006_0151" 11113
"/Engine/EngineMaterials/Substrate/Glints2/dict_0006_0150" 11114
"/Engine/EngineMaterials/Substrate/Glints2/dict_0006_0149" 11115
"/Engine/EngineMaterials/Substrate/Glints2/dict_0006_0148" 11116
"/Engine/EngineMaterials/Substrate/Glints2/dict_0006_0147" 11117
"/Engine/EngineMaterials/Substrate/Glints2/dict_0006_0146" 11118
"/Engine/EngineMaterials/Substrate/Glints2/dict_0006_0145" 11119
"/Engine/EngineMaterials/Substrate/Glints2/dict_0006_0144" 11120
"/Engine/EngineMaterials/Substrate/Glints2/dict_0006_0143" 11121
"/Engine/EngineMaterials/Substrate/Glints2/dict_0006_0142" 11122
"/Engine/EngineMaterials/Substrate/Glints2/dict_0006_0141" 11123
"../../../Engine/Content/EngineMaterials/Substrate/Glints2/dict_0006_0174.uasset" 11124
"../../../Engine/Content/EngineMaterials/Substrate/Glints2/dict_0006_0175.uasset" 11125
"../../../Engine/Content/EngineMaterials/Substrate/Glints2/dict_0006_0173.uasset" 11126
"../../../Engine/Content/EngineMaterials/Substrate/Glints2/dict_0006_0179.uasset" 11127
"../../../Engine/Content/EngineMaterials/Substrate/Glints2/dict_0006_0181.uasset" 11128
"../../../Engine/Content/EngineMaterials/Substrate/Glints2/dict_0006_0178.uasset" 11129
"../../../Engine/Content/EngineMaterials/Substrate/Glints2/dict_0006_0176.uasset" 11130
"../../../Engine/Content/EngineMaterials/Substrate/Glints2/dict_0006_0182.uasset" 11131
"../../../Engine/Content/EngineMaterials/Substrate/Glints2/dict_0006_0180.uasset" 11132
"../../../Engine/Content/EngineMaterials/Substrate/Glints2/dict_0006_0177.uasset" 11133
"../../../Engine/Content/EngineMaterials/Substrate/Glints2/dict_0006_0183.uasset" 11134
"../../../Engine/Content/EngineMaterials/Substrate/Glints2/dict_0006_0185.uasset" 11135
"../../../Engine/Content/EngineMaterials/Substrate/Glints2/dict_0006_0184.uasset" 11136
"../../../Engine/Content/EngineMaterials/Substrate/Glints2/dict_0006_0186.uasset" 11137
"/Engine/EngineMaterials/Substrate/Glints2/dict_0006_0172" 11138
"../../../Engine/Content/EngineMaterials/Substrate/Glints2/dict_0006_0188.uasset" 11139
"../../../Engine/Content/EngineMaterials/Substrate/Glints2/dict_0006_0187.uasset" 11140
"../../../Engine/Content/EngineMaterials/Substrate/Glints2/dict_0006_0189.uasset" 11141
"../../../Engine/Content/EngineMaterials/Substrate/Glints2/dict_0006_0190.uasset" 11142
"/Engine/EngineMaterials/Substrate/Glints2/dict_0006_0171" 11143
"/Engine/EngineMaterials/Substrate/Glints2/dict_0006_0170" 11144
"/Engine/EngineMaterials/Substrate/Glints2/dict_0006_0169" 11145
"/Engine/EngineMaterials/Substrate/Glints2/dict_0006_0168" 11146
"/Engine/EngineMaterials/Substrate/Glints2/dict_0006_0167" 11147
"/Engine/EngineMaterials/Substrate/Glints2/dict_0006_0166" 11148
"/Engine/EngineMaterials/Substrate/Glints2/dict_0006_0165" 11149
"/Engine/EngineMaterials/Substrate/Glints2/dict_0006_0164" 11150
"/Engine/EngineMaterials/Substrate/Glints2/dict_0006_0163" 11151
"/Engine/EngineMaterials/Substrate/Glints2/dict_0006_0162" 11152
"/Engine/EngineMaterials/Substrate/Glints2/dict_0006_0161" 11153
"/Engine/EngineMaterials/Substrate/Glints2/dict_0006_0160" 11154
"/Engine/EngineMaterials/Substrate/Glints2/dict_0006_0159" 11155
"../../../Engine/Content/EngineMaterials/Substrate/Glints2/dict_0006_0194.uasset" 11156
"../../../Engine/Content/EngineMaterials/Substrate/Glints2/dict_0006_0198.uasset" 11157
"../../../Engine/Content/EngineMaterials/Substrate/Glints2/dict_0006_0197.uasset" 11158
"../../../Engine/Content/EngineMaterials/Substrate/Glints2/dict_0006_0202.uasset" 11159
"../../../Engine/Content/EngineMaterials/Substrate/Glints2/dict_0006_0196.uasset" 11160
"/Engine/EngineMaterials/Substrate/Glints2/dict_0006_0190" 11161
"../../../Engine/Content/EngineMaterials/Substrate/Glints2/dict_0006_0201.uasset" 11162
"../../../Engine/Content/EngineMaterials/Substrate/Glints2/dict_0006_0203.uasset" 11163
"../../../Engine/Content/EngineMaterials/Substrate/Glints2/dict_0006_0191.uasset" 11164
"../../../Engine/Content/EngineMaterials/Substrate/Glints2/dict_0006_0204.uasset" 11165
"../../../Engine/Content/EngineMaterials/Substrate/Glints2/dict_0006_0192.uasset" 11166
"../../../Engine/Content/EngineMaterials/Substrate/Glints2/dict_0006_0193.uasset" 11167
"../../../Engine/Content/EngineMaterials/Substrate/Glints2/dict_0006_0199.uasset" 11168
"../../../Engine/Content/EngineMaterials/Substrate/Glints2/dict_0006_0195.uasset" 11169
"../../../Engine/Content/EngineMaterials/Substrate/Glints2/dict_0006_0200.uasset" 11170
"/Engine/EngineMaterials/Substrate/Glints2/dict_0006_0189" 11171
"/Engine/EngineMaterials/Substrate/Glints2/dict_0006_0188" 11172
"/Engine/EngineMaterials/Substrate/Glints2/dict_0006_0187" 11173
"/Engine/EngineMaterials/Substrate/Glints2/dict_0006_0186" 11174
"/Engine/EngineMaterials/Substrate/Glints2/dict_0006_0185" 11175
"/Engine/EngineMaterials/Substrate/Glints2/dict_0006_0184" 11176
"/Engine/EngineMaterials/Substrate/Glints2/dict_0006_0183" 11177
"/Engine/EngineMaterials/Substrate/Glints2/dict_0006_0182" 11178
"/Engine/EngineMaterials/Substrate/Glints2/dict_0006_0181" 11179
"/Engine/EngineMaterials/Substrate/Glints2/dict_0006_0180" 11180
"/Engine/EngineMaterials/Substrate/Glints2/dict_0006_0179" 11181
"/Engine/EngineMaterials/Substrate/Glints2/dict_0006_0178" 11182
"/Engine/EngineMaterials/Substrate/Glints2/dict_0006_0177" 11183
"/Engine/EngineMaterials/Substrate/Glints2/dict_0006_0176" 11184
"/Engine/EngineMaterials/Substrate/Glints2/dict_0006_0175" 11185
"/Engine/EngineMaterials/Substrate/Glints2/dict_0006_0174" 11186
"/Engine/EngineMaterials/Substrate/Glints2/dict_0006_0173" 11187
"../../../Engine/Content/EngineMaterials/Substrate/Glints2/dict_0006_0206.uasset" 11188
"../../../Engine/Content/EngineMaterials/Substrate/Glints2/dict_0006_0207.uasset" 11189
"../../../Engine/Content/EngineMaterials/Substrate/Glints2/dict_0006_0209.uasset" 11190
"../../../Engine/Content/EngineMaterials/Substrate/Glints2/dict_0006_0211.uasset" 11191
"../../../Engine/Content/EngineMaterials/Substrate/Glints2/dict_0006_0210.uasset" 11192
"../../../Engine/Content/EngineMaterials/Substrate/Glints2/dict_0006_0212.uasset" 11193
"/Engine/EngineMaterials/Substrate/Glints2/dict_0006_0204" 11194
"../../../Engine/Content/EngineMaterials/Substrate/Glints2/dict_0006_0214.uasset" 11195
"../../../Engine/Content/EngineMaterials/Substrate/Glints2/dict_0006_0213.uasset" 11196
"../../../Engine/Content/EngineMaterials/Substrate/Glints2/dict_0006_0215.uasset" 11197
"../../../Engine/Content/EngineMaterials/Substrate/Glints2/dict_0006_0208.uasset" 11198
"../../../Engine/Content/EngineMaterials/Substrate/Glints2/dict_0006_0205.uasset" 11199
"../../../Engine/Content/EngineMaterials/Substrate/Glints2/dict_0006_0218.uasset" 11200
"../../../Engine/Content/EngineMaterials/Substrate/Glints2/dict_0006_0216.uasset" 11201
"../../../Engine/Content/EngineMaterials/Substrate/Glints2/dict_0006_0217.uasset" 11202
"/Engine/EngineMaterials/Substrate/Glints2/dict_0006_0203" 11203
"../../../Engine/Content/EngineMaterials/Substrate/Glints2/dict_0006_0219.uasset" 11204
"../../../Engine/Content/EngineMaterials/Substrate/Glints2/dict_0006_0220.uasset" 11205
"../../../Engine/Content/EngineMaterials/Substrate/Glints2/dict_0006_0221.uasset" 11206
"../../../Engine/Content/EngineMaterials/Substrate/Glints2/dict_0006_0222.uasset" 11207
"/Engine/EngineMaterials/Substrate/Glints2/dict_0006_0202" 11208
"/Engine/EngineMaterials/Substrate/Glints2/dict_0006_0201" 11209
"/Engine/EngineMaterials/Substrate/Glints2/dict_0006_0200" 11210
"/Engine/EngineMaterials/Substrate/Glints2/dict_0006_0199" 11211
"/Engine/EngineMaterials/Substrate/Glints2/dict_0006_0198" 11212
"/Engine/EngineMaterials/Substrate/Glints2/dict_0006_0197" 11213
"/Engine/EngineMaterials/Substrate/Glints2/dict_0006_0196" 11214
"/Engine/EngineMaterials/Substrate/Glints2/dict_0006_0195" 11215
"/Engine/EngineMaterials/Substrate/Glints2/dict_0006_0194" 11216
"/Engine/EngineMaterials/Substrate/Glints2/dict_0006_0193" 11217
"/Engine/EngineMaterials/Substrate/Glints2/dict_0006_0192" 11218
"/Engine/EngineMaterials/Substrate/Glints2/dict_0006_0191" 11219
"../../../Engine/Content/EngineMaterials/Substrate/Glints2/dict_0006_0227.uasset" 11220
"../../../Engine/Content/EngineMaterials/Substrate/Glints2/dict_0006_0234.uasset" 11221
"../../../Engine/Content/EngineMaterials/Substrate/Glints2/dict_0006_0223.uasset" 11222
"../../../Engine/Content/EngineMaterials/Substrate/Glints2/dict_0006_0224.uasset" 11223
"../../../Engine/Content/EngineMaterials/Substrate/Glints2/dict_0006_0231.uasset" 11224
"../../../Engine/Content/EngineMaterials/Substrate/Glints2/dict_0006_0228.uasset" 11225
"../../../Engine/Content/EngineMaterials/Substrate/Glints2/dict_0006_0225.uasset" 11226
"../../../Engine/Content/EngineMaterials/Substrate/Glints2/dict_0006_0230.uasset" 11227
"../../../Engine/Content/EngineMaterials/Substrate/Glints2/dict_0006_0229.uasset" 11228
"../../../Engine/Content/EngineMaterials/Substrate/Glints2/dict_0006_0232.uasset" 11229
"/Engine/EngineMaterials/Substrate/Glints2/dict_0006_0222" 11230
"../../../Engine/Content/EngineMaterials/Substrate/Glints2/dict_0006_0233.uasset" 11231
"../../../Engine/Content/EngineMaterials/Substrate/Glints2/dict_0006_0235.uasset" 11232
"../../../Engine/Content/EngineMaterials/Substrate/Glints2/dict_0006_0236.uasset" 11233
"../../../Engine/Content/EngineMaterials/Substrate/Glints2/dict_0006_0226.uasset" 11234
"/Engine/EngineMaterials/Substrate/Glints2/dict_0006_0221" 11235
"/Engine/EngineMaterials/Substrate/Glints2/dict_0006_0220" 11236
"/Engine/EngineMaterials/Substrate/Glints2/dict_0006_0219" 11237
"/Engine/EngineMaterials/Substrate/Glints2/dict_0006_0218" 11238
"/Engine/EngineMaterials/Substrate/Glints2/dict_0006_0217" 11239
"/Engine/EngineMaterials/Substrate/Glints2/dict_0006_0216" 11240
"/Engine/EngineMaterials/Substrate/Glints2/dict_0006_0215" 11241
"/Engine/EngineMaterials/Substrate/Glints2/dict_0006_0214" 11242
"/Engine/EngineMaterials/Substrate/Glints2/dict_0006_0213" 11243
"/Engine/EngineMaterials/Substrate/Glints2/dict_0006_0212" 11244
"/Engine/EngineMaterials/Substrate/Glints2/dict_0006_0211" 11245
"/Engine/EngineMaterials/Substrate/Glints2/dict_0006_0210" 11246
"/Engine/EngineMaterials/Substrate/Glints2/dict_0006_0209" 11247
"/Engine/EngineMaterials/Substrate/Glints2/dict_0006_0208" 11248
"/Engine/EngineMaterials/Substrate/Glints2/dict_0006_0207" 11249
"/Engine/EngineMaterials/Substrate/Glints2/dict_0006_0206" 11250
"/Engine/EngineMaterials/Substrate/Glints2/dict_0006_0205" 11251
"../../../Engine/Content/EngineMaterials/Substrate/Glints2/dict_0006_0241.uasset" 11252
"../../../Engine/Content/EngineMaterials/Substrate/Glints2/dict_0006_0242.uasset" 11253
"../../../Engine/Content/EngineMaterials/Substrate/Glints2/dict_0006_0245.uasset" 11254
"../../../Engine/Content/EngineMaterials/Substrate/Glints2/dict_0006_0238.uasset" 11255
"../../../Engine/Content/EngineMaterials/Substrate/Glints2/dict_0006_0244.uasset" 11256
"../../../Engine/Content/EngineMaterials/Substrate/Glints2/dict_0006_0250.uasset" 11257
"../../../Engine/Content/EngineMaterials/Substrate/Glints2/dict_0006_0239.uasset" 11258
"../../../Engine/Content/EngineMaterials/Substrate/Glints2/dict_0006_0246.uasset" 11259
"../../../Engine/Content/EngineMaterials/Substrate/Glints2/dict_0006_0237.uasset" 11260
"../../../Engine/Content/EngineMaterials/Substrate/Glints2/dict_0006_0247.uasset" 11261
"../../../Engine/Content/EngineMaterials/Substrate/Glints2/dict_0006_0248.uasset" 11262
"../../../Engine/Content/EngineMaterials/Substrate/Glints2/dict_0006_0249.uasset" 11263
"../../../Engine/Content/EngineMaterials/Substrate/Glints2/dict_0006_0240.uasset" 11264
"/Engine/EngineMaterials/Substrate/Glints2/dict_0006_0236" 11265
"../../../Engine/Content/EngineMaterials/Substrate/Glints2/dict_0006_0243.uasset" 11266
"../../../Engine/Content/EngineMaterials/Substrate/Glints2/dict_0006_0252.uasset" 11267
"../../../Engine/Content/EngineMaterials/Substrate/Glints2/dict_0006_0253.uasset" 11268
"../../../Engine/Content/EngineMaterials/Substrate/Glints2/dict_0006_0251.uasset" 11269
"../../../Engine/Content/EngineMaterials/Substrate/Glints2/dict_0006_0254.uasset" 11270
"/Engine/EngineMaterials/Substrate/Glints2/dict_0006_0235" 11271
"/Engine/EngineMaterials/Substrate/Glints2/dict_0006_0234" 11272
"/Engine/EngineMaterials/Substrate/Glints2/dict_0006_0233" 11273
"/Engine/EngineMaterials/Substrate/Glints2/dict_0006_0232" 11274
"/Engine/EngineMaterials/Substrate/Glints2/dict_0006_0231" 11275
"/Engine/EngineMaterials/Substrate/Glints2/dict_0006_0230" 11276
"/Engine/EngineMaterials/Substrate/Glints2/dict_0006_0229" 11277
"/Engine/EngineMaterials/Substrate/Glints2/dict_0006_0228" 11278
"/Engine/EngineMaterials/Substrate/Glints2/dict_0006_0227" 11279
"/Engine/EngineMaterials/Substrate/Glints2/dict_0006_0226" 11280
"/Engine/EngineMaterials/Substrate/Glints2/dict_0006_0225" 11281
"/Engine/EngineMaterials/Substrate/Glints2/dict_0006_0224" 11282
"/Engine/EngineMaterials/Substrate/Glints2/dict_0006_0223" 11283
"../../../Engine/Content/EngineMaterials/Substrate/Glints2/dict_0007_0003.uasset" 11284
"../../../Engine/Content/EngineMaterials/Substrate/Glints2/dict_0007_0004.uasset" 11285
"../../../Engine/Content/EngineMaterials/Substrate/Glints2/dict_0007_0006.uasset" 11286
"../../../Engine/Content/EngineMaterials/Substrate/Glints2/dict_0007_0007.uasset" 11287
"../../../Engine/Content/EngineMaterials/Substrate/Glints2/dict_0007_0008.uasset" 11288
"../../../Engine/Content/EngineMaterials/Substrate/Glints2/dict_0007_0010.uasset" 11289
"../../../Engine/Content/EngineMaterials/Substrate/Glints2/dict_0007_0009.uasset" 11290
"../../../Engine/Content/EngineMaterials/Substrate/Glints2/dict_0007_0005.uasset" 11291
"../../../Engine/Content/EngineMaterials/Substrate/Glints2/dict_0007_0002.uasset" 11292
"../../../Engine/Content/EngineMaterials/Substrate/Glints2/dict_0007_0011.uasset" 11293
"/Engine/EngineMaterials/Substrate/Glints2/dict_0006_0254" 11294
"../../../Engine/Content/EngineMaterials/Substrate/Glints2/dict_0007_0000.uasset" 11295
"../../../Engine/Content/EngineMaterials/Substrate/Glints2/dict_0007_0001.uasset" 11296
"../../../Engine/Content/EngineMaterials/Substrate/Glints2/dict_0006_0255.uasset" 11297
"../../../Engine/Content/EngineMaterials/Substrate/Glints2/dict_0007_0012.uasset" 11298
"/Engine/EngineMaterials/Substrate/Glints2/dict_0006_0253" 11299
"/Engine/EngineMaterials/Substrate/Glints2/dict_0006_0252" 11300
"/Engine/EngineMaterials/Substrate/Glints2/dict_0006_0251" 11301
"/Engine/EngineMaterials/Substrate/Glints2/dict_0006_0250" 11302
"/Engine/EngineMaterials/Substrate/Glints2/dict_0006_0249" 11303
"/Engine/EngineMaterials/Substrate/Glints2/dict_0006_0248" 11304
"/Engine/EngineMaterials/Substrate/Glints2/dict_0006_0247" 11305
"/Engine/EngineMaterials/Substrate/Glints2/dict_0006_0246" 11306
"/Engine/EngineMaterials/Substrate/Glints2/dict_0006_0245" 11307
"/Engine/EngineMaterials/Substrate/Glints2/dict_0006_0244" 11308
"/Engine/EngineMaterials/Substrate/Glints2/dict_0006_0243" 11309
"/Engine/EngineMaterials/Substrate/Glints2/dict_0006_0242" 11310
"/Engine/EngineMaterials/Substrate/Glints2/dict_0006_0241" 11311
"/Engine/EngineMaterials/Substrate/Glints2/dict_0006_0240" 11312
"/Engine/EngineMaterials/Substrate/Glints2/dict_0006_0239" 11313
"/Engine/EngineMaterials/Substrate/Glints2/dict_0006_0238" 11314
"/Engine/EngineMaterials/Substrate/Glints2/dict_0006_0237" 11315
"../../../Engine/Content/EngineMaterials/Substrate/Glints2/dict_0007_0015.uasset" 11316
"../../../Engine/Content/EngineMaterials/Substrate/Glints2/dict_0007_0016.uasset" 11317
"../../../Engine/Content/EngineMaterials/Substrate/Glints2/dict_0007_0017.uasset" 11318
"../../../Engine/Content/EngineMaterials/Substrate/Glints2/dict_0007_0018.uasset" 11319
"../../../Engine/Content/EngineMaterials/Substrate/Glints2/dict_0007_0013.uasset" 11320
"/Engine/EngineMaterials/Substrate/Glints2/dict_0007_0012" 11321
"../../../Engine/Content/EngineMaterials/Substrate/Glints2/dict_0007_0020.uasset" 11322
"../../../Engine/Content/EngineMaterials/Substrate/Glints2/dict_0007_0022.uasset" 11323
"../../../Engine/Content/EngineMaterials/Substrate/Glints2/dict_0007_0023.uasset" 11324
"../../../Engine/Content/EngineMaterials/Substrate/Glints2/dict_0007_0019.uasset" 11325
"../../../Engine/Content/EngineMaterials/Substrate/Glints2/dict_0007_0021.uasset" 11326
"../../../Engine/Content/EngineMaterials/Substrate/Glints2/dict_0007_0025.uasset" 11327
"../../../Engine/Content/EngineMaterials/Substrate/Glints2/dict_0007_0014.uasset" 11328
"../../../Engine/Content/EngineMaterials/Substrate/Glints2/dict_0007_0024.uasset" 11329
"../../../Engine/Content/EngineMaterials/Substrate/Glints2/dict_0007_0026.uasset" 11330
"/Engine/EngineMaterials/Substrate/Glints2/dict_0007_0011" 11331
"../../../Engine/Content/EngineMaterials/Substrate/Glints2/dict_0007_0027.uasset" 11332
"../../../Engine/Content/EngineMaterials/Substrate/Glints2/dict_0007_0028.uasset" 11333
"../../../Engine/Content/EngineMaterials/Substrate/Glints2/dict_0007_0029.uasset" 11334
"/Engine/EngineMaterials/Substrate/Glints2/dict_0007_0010" 11335
"../../../Engine/Content/EngineMaterials/Substrate/Glints2/dict_0007_0030.uasset" 11336
"/Engine/EngineMaterials/Substrate/Glints2/dict_0007_0009" 11337
"/Engine/EngineMaterials/Substrate/Glints2/dict_0007_0008" 11338
"/Engine/EngineMaterials/Substrate/Glints2/dict_0007_0007" 11339
"/Engine/EngineMaterials/Substrate/Glints2/dict_0007_0006" 11340
"/Engine/EngineMaterials/Substrate/Glints2/dict_0007_0005" 11341
"/Engine/EngineMaterials/Substrate/Glints2/dict_0007_0004" 11342
"/Engine/EngineMaterials/Substrate/Glints2/dict_0007_0003" 11343
"/Engine/EngineMaterials/Substrate/Glints2/dict_0007_0002" 11344
"/Engine/EngineMaterials/Substrate/Glints2/dict_0007_0001" 11345
"/Engine/EngineMaterials/Substrate/Glints2/dict_0007_0000" 11346
"/Engine/EngineMaterials/Substrate/Glints2/dict_0006_0255" 11347
"../../../Engine/Content/EngineMaterials/Substrate/Glints2/dict_0007_0034.uasset" 11348
"../../../Engine/Content/EngineMaterials/Substrate/Glints2/dict_0007_0032.uasset" 11349
"../../../Engine/Content/EngineMaterials/Substrate/Glints2/dict_0007_0037.uasset" 11350
"/Engine/EngineMaterials/Substrate/Glints2/dict_0007_0030" 11351
"../../../Engine/Content/EngineMaterials/Substrate/Glints2/dict_0007_0039.uasset" 11352
"../../../Engine/Content/EngineMaterials/Substrate/Glints2/dict_0007_0040.uasset" 11353
"../../../Engine/Content/EngineMaterials/Substrate/Glints2/dict_0007_0042.uasset" 11354
"../../../Engine/Content/EngineMaterials/Substrate/Glints2/dict_0007_0033.uasset" 11355
"../../../Engine/Content/EngineMaterials/Substrate/Glints2/dict_0007_0035.uasset" 11356
"../../../Engine/Content/EngineMaterials/Substrate/Glints2/dict_0007_0041.uasset" 11357
"../../../Engine/Content/EngineMaterials/Substrate/Glints2/dict_0007_0038.uasset" 11358
"../../../Engine/Content/EngineMaterials/Substrate/Glints2/dict_0007_0031.uasset" 11359
"../../../Engine/Content/EngineMaterials/Substrate/Glints2/dict_0007_0036.uasset" 11360
"../../../Engine/Content/EngineMaterials/Substrate/Glints2/dict_0007_0043.uasset" 11361
"/Engine/EngineMaterials/Substrate/Glints2/dict_0007_0029" 11362
"../../../Engine/Content/EngineMaterials/Substrate/Glints2/dict_0007_0044.uasset" 11363
"/Engine/EngineMaterials/Substrate/Glints2/dict_0007_0028" 11364
"/Engine/EngineMaterials/Substrate/Glints2/dict_0007_0027" 11365
"/Engine/EngineMaterials/Substrate/Glints2/dict_0007_0026" 11366
"/Engine/EngineMaterials/Substrate/Glints2/dict_0007_0025" 11367
"/Engine/EngineMaterials/Substrate/Glints2/dict_0007_0024" 11368
"/Engine/EngineMaterials/Substrate/Glints2/dict_0007_0023" 11369
"/Engine/EngineMaterials/Substrate/Glints2/dict_0007_0022" 11370
"/Engine/EngineMaterials/Substrate/Glints2/dict_0007_0021" 11371
"/Engine/EngineMaterials/Substrate/Glints2/dict_0007_0020" 11372
"/Engine/EngineMaterials/Substrate/Glints2/dict_0007_0019" 11373
"/Engine/EngineMaterials/Substrate/Glints2/dict_0007_0018" 11374
"/Engine/EngineMaterials/Substrate/Glints2/dict_0007_0017" 11375
"/Engine/EngineMaterials/Substrate/Glints2/dict_0007_0016" 11376
"/Engine/EngineMaterials/Substrate/Glints2/dict_0007_0015" 11377
"/Engine/EngineMaterials/Substrate/Glints2/dict_0007_0014" 11378
"/Engine/EngineMaterials/Substrate/Glints2/dict_0007_0013" 11379
"../../../Engine/Content/EngineMaterials/Substrate/Glints2/dict_0007_0045.uasset" 11380
"../../../Engine/Content/EngineMaterials/Substrate/Glints2/dict_0007_0055.uasset" 11381
"../../../Engine/Content/EngineMaterials/Substrate/Glints2/dict_0007_0058.uasset" 11382
"../../../Engine/Content/EngineMaterials/Substrate/Glints2/dict_0007_0051.uasset" 11383
"../../../Engine/Content/EngineMaterials/Substrate/Glints2/dict_0007_0053.uasset" 11384
"../../../Engine/Content/EngineMaterials/Substrate/Glints2/dict_0007_0054.uasset" 11385
"../../../Engine/Content/EngineMaterials/Substrate/Glints2/dict_0007_0056.uasset" 11386
"../../../Engine/Content/EngineMaterials/Substrate/Glints2/dict_0007_0048.uasset" 11387
"../../../Engine/Content/EngineMaterials/Substrate/Glints2/dict_0007_0049.uasset" 11388
"../../../Engine/Content/EngineMaterials/Substrate/Glints2/dict_0007_0046.uasset" 11389
"../../../Engine/Content/EngineMaterials/Substrate/Glints2/dict_0007_0057.uasset" 11390
"../../../Engine/Content/EngineMaterials/Substrate/Glints2/dict_0007_0050.uasset" 11391
"../../../Engine/Content/EngineMaterials/Substrate/Glints2/dict_0007_0047.uasset" 11392
"/Engine/EngineMaterials/Substrate/Glints2/dict_0007_0044" 11393
"../../../Engine/Content/EngineMaterials/Substrate/Glints2/dict_0007_0052.uasset" 11394
"../../../Engine/Content/EngineMaterials/Substrate/Glints2/dict_0007_0059.uasset" 11395
"../../../Engine/Content/EngineMaterials/Substrate/Glints2/dict_0007_0060.uasset" 11396
"../../../Engine/Content/EngineMaterials/Substrate/Glints2/dict_0007_0062.uasset" 11397
"../../../Engine/Content/EngineMaterials/Substrate/Glints2/dict_0007_0061.uasset" 11398
"/Engine/EngineMaterials/Substrate/Glints2/dict_0007_0043" 11399
"/Engine/EngineMaterials/Substrate/Glints2/dict_0007_0042" 11400
"/Engine/EngineMaterials/Substrate/Glints2/dict_0007_0041" 11401
"/Engine/EngineMaterials/Substrate/Glints2/dict_0007_0040" 11402
"/Engine/EngineMaterials/Substrate/Glints2/dict_0007_0039" 11403
"/Engine/EngineMaterials/Substrate/Glints2/dict_0007_0038" 11404
"/Engine/EngineMaterials/Substrate/Glints2/dict_0007_0037" 11405
"/Engine/EngineMaterials/Substrate/Glints2/dict_0007_0036" 11406
"/Engine/EngineMaterials/Substrate/Glints2/dict_0007_0035" 11407
"/Engine/EngineMaterials/Substrate/Glints2/dict_0007_0034" 11408
"/Engine/EngineMaterials/Substrate/Glints2/dict_0007_0033" 11409
"/Engine/EngineMaterials/Substrate/Glints2/dict_0007_0032" 11410
"/Engine/EngineMaterials/Substrate/Glints2/dict_0007_0031" 11411
"../../../Engine/Content/EngineMaterials/Substrate/Glints2/dict_0007_0068.uasset" 11412
"../../../Engine/Content/EngineMaterials/Substrate/Glints2/dict_0007_0072.uasset" 11413
"../../../Engine/Content/EngineMaterials/Substrate/Glints2/dict_0007_0065.uasset" 11414
"../../../Engine/Content/EngineMaterials/Substrate/Glints2/dict_0007_0076.uasset" 11415
"../../../Engine/Content/EngineMaterials/Substrate/Glints2/dict_0007_0069.uasset" 11416
"../../../Engine/Content/EngineMaterials/Substrate/Glints2/dict_0007_0066.uasset" 11417
"../../../Engine/Content/EngineMaterials/Substrate/Glints2/dict_0007_0067.uasset" 11418
"../../../Engine/Content/EngineMaterials/Substrate/Glints2/dict_0007_0071.uasset" 11419
"/Engine/EngineMaterials/Substrate/Glints2/dict_0007_0062" 11420
"../../../Engine/Content/EngineMaterials/Substrate/Glints2/dict_0007_0073.uasset" 11421
"../../../Engine/Content/EngineMaterials/Substrate/Glints2/dict_0007_0074.uasset" 11422
"../../../Engine/Content/EngineMaterials/Substrate/Glints2/dict_0007_0070.uasset" 11423
"../../../Engine/Content/EngineMaterials/Substrate/Glints2/dict_0007_0064.uasset" 11424
"../../../Engine/Content/EngineMaterials/Substrate/Glints2/dict_0007_0075.uasset" 11425
"../../../Engine/Content/EngineMaterials/Substrate/Glints2/dict_0007_0063.uasset" 11426
"/Engine/EngineMaterials/Substrate/Glints2/dict_0007_0061" 11427
"/Engine/EngineMaterials/Substrate/Glints2/dict_0007_0060" 11428
"/Engine/EngineMaterials/Substrate/Glints2/dict_0007_0059" 11429
"/Engine/EngineMaterials/Substrate/Glints2/dict_0007_0058" 11430
"/Engine/EngineMaterials/Substrate/Glints2/dict_0007_0057" 11431
"/Engine/EngineMaterials/Substrate/Glints2/dict_0007_0056" 11432
"/Engine/EngineMaterials/Substrate/Glints2/dict_0007_0055" 11433
"/Engine/EngineMaterials/Substrate/Glints2/dict_0007_0054" 11434
"/Engine/EngineMaterials/Substrate/Glints2/dict_0007_0053" 11435
"/Engine/EngineMaterials/Substrate/Glints2/dict_0007_0052" 11436
"/Engine/EngineMaterials/Substrate/Glints2/dict_0007_0051" 11437
"/Engine/EngineMaterials/Substrate/Glints2/dict_0007_0050" 11438
"/Engine/EngineMaterials/Substrate/Glints2/dict_0007_0049" 11439
"/Engine/EngineMaterials/Substrate/Glints2/dict_0007_0048" 11440
"/Engine/EngineMaterials/Substrate/Glints2/dict_0007_0047" 11441
"/Engine/EngineMaterials/Substrate/Glints2/dict_0007_0046" 11442
"/Engine/EngineMaterials/Substrate/Glints2/dict_0007_0045" 11443
"../../../Engine/Content/EngineMaterials/Substrate/Glints2/dict_0007_0080.uasset" 11444
"../../../Engine/Content/EngineMaterials/Substrate/Glints2/dict_0007_0082.uasset" 11445
"../../../Engine/Content/EngineMaterials/Substrate/Glints2/dict_0007_0083.uasset" 11446
"../../../Engine/Content/EngineMaterials/Substrate/Glints2/dict_0007_0081.uasset" 11447
"../../../Engine/Content/EngineMaterials/Substrate/Glints2/dict_0007_0088.uasset" 11448
"/Engine/EngineMaterials/Substrate/Glints2/dict_0007_0076" 11449
"../../../Engine/Content/EngineMaterials/Substrate/Glints2/dict_0007_0078.uasset" 11450
"../../../Engine/Content/EngineMaterials/Substrate/Glints2/dict_0007_0077.uasset" 11451
"../../../Engine/Content/EngineMaterials/Substrate/Glints2/dict_0007_0079.uasset" 11452
"../../../Engine/Content/EngineMaterials/Substrate/Glints2/dict_0007_0086.uasset" 11453
"../../../Engine/Content/EngineMaterials/Substrate/Glints2/dict_0007_0089.uasset" 11454
"../../../Engine/Content/EngineMaterials/Substrate/Glints2/dict_0007_0090.uasset" 11455
"../../../Engine/Content/EngineMaterials/Substrate/Glints2/dict_0007_0087.uasset" 11456
"../../../Engine/Content/EngineMaterials/Substrate/Glints2/dict_0007_0085.uasset" 11457
"../../../Engine/Content/EngineMaterials/Substrate/Glints2/dict_0007_0084.uasset" 11458
"/Engine/EngineMaterials/Substrate/Glints2/dict_0007_0075" 11459
"../../../Engine/Content/EngineMaterials/Substrate/Glints2/dict_0007_0091.uasset" 11460
"../../../Engine/Content/EngineMaterials/Substrate/Glints2/dict_0007_0093.uasset" 11461
"../../../Engine/Content/EngineMaterials/Substrate/Glints2/dict_0007_0092.uasset" 11462
"../../../Engine/Content/EngineMaterials/Substrate/Glints2/dict_0007_0094.uasset" 11463
"/Engine/EngineMaterials/Substrate/Glints2/dict_0007_0074" 11464
"/Engine/EngineMaterials/Substrate/Glints2/dict_0007_0073" 11465
"/Engine/EngineMaterials/Substrate/Glints2/dict_0007_0072" 11466
"/Engine/EngineMaterials/Substrate/Glints2/dict_0007_0071" 11467
"/Engine/EngineMaterials/Substrate/Glints2/dict_0007_0070" 11468
"/Engine/EngineMaterials/Substrate/Glints2/dict_0007_0069" 11469
"/Engine/EngineMaterials/Substrate/Glints2/dict_0007_0068" 11470
"/Engine/EngineMaterials/Substrate/Glints2/dict_0007_0067" 11471
"/Engine/EngineMaterials/Substrate/Glints2/dict_0007_0066" 11472
"/Engine/EngineMaterials/Substrate/Glints2/dict_0007_0065" 11473
"/Engine/EngineMaterials/Substrate/Glints2/dict_0007_0064" 11474
"/Engine/EngineMaterials/Substrate/Glints2/dict_0007_0063" 11475
"../../../Engine/Content/EngineMaterials/Substrate/Glints2/dict_0007_0100.uasset" 11476
"../../../Engine/Content/EngineMaterials/Substrate/Glints2/dict_0007_0097.uasset" 11477
"../../../Engine/Content/EngineMaterials/Substrate/Glints2/dict_0007_0101.uasset" 11478
"../../../Engine/Content/EngineMaterials/Substrate/Glints2/dict_0007_0098.uasset" 11479
"../../../Engine/Content/EngineMaterials/Substrate/Glints2/dict_0007_0095.uasset" 11480
"../../../Engine/Content/EngineMaterials/Substrate/Glints2/dict_0007_0102.uasset" 11481
"../../../Engine/Content/EngineMaterials/Substrate/Glints2/dict_0007_0105.uasset" 11482
"../../../Engine/Content/EngineMaterials/Substrate/Glints2/dict_0007_0096.uasset" 11483
"../../../Engine/Content/EngineMaterials/Substrate/Glints2/dict_0007_0103.uasset" 11484
"../../../Engine/Content/EngineMaterials/Substrate/Glints2/dict_0007_0106.uasset" 11485
"../../../Engine/Content/EngineMaterials/Substrate/Glints2/dict_0007_0107.uasset" 11486
"../../../Engine/Content/EngineMaterials/Substrate/Glints2/dict_0007_0108.uasset" 11487
"../../../Engine/Content/EngineMaterials/Substrate/Glints2/dict_0007_0104.uasset" 11488
"../../../Engine/Content/EngineMaterials/Substrate/Glints2/dict_0007_0099.uasset" 11489
"/Engine/EngineMaterials/Substrate/Glints2/dict_0007_0094" 11490
"/Engine/EngineMaterials/Substrate/Glints2/dict_0007_0093" 11491
"/Engine/EngineMaterials/Substrate/Glints2/dict_0007_0092" 11492
"/Engine/EngineMaterials/Substrate/Glints2/dict_0007_0091" 11493
"/Engine/EngineMaterials/Substrate/Glints2/dict_0007_0090" 11494
"/Engine/EngineMaterials/Substrate/Glints2/dict_0007_0089" 11495
"/Engine/EngineMaterials/Substrate/Glints2/dict_0007_0088" 11496
"/Engine/EngineMaterials/Substrate/Glints2/dict_0007_0087" 11497
"/Engine/EngineMaterials/Substrate/Glints2/dict_0007_0086" 11498
"/Engine/EngineMaterials/Substrate/Glints2/dict_0007_0085" 11499
"/Engine/EngineMaterials/Substrate/Glints2/dict_0007_0084" 11500
"/Engine/EngineMaterials/Substrate/Glints2/dict_0007_0083" 11501
"/Engine/EngineMaterials/Substrate/Glints2/dict_0007_0082" 11502
"/Engine/EngineMaterials/Substrate/Glints2/dict_0007_0081" 11503
"/Engine/EngineMaterials/Substrate/Glints2/dict_0007_0080" 11504
"/Engine/EngineMaterials/Substrate/Glints2/dict_0007_0079" 11505
"/Engine/EngineMaterials/Substrate/Glints2/dict_0007_0078" 11506
"/Engine/EngineMaterials/Substrate/Glints2/dict_0007_0077" 11507
"/Engine/EngineMaterials/Substrate/Glints2/dict_0007_0108" 11508
"../../../Engine/Content/EngineMaterials/Substrate/Glints2/dict_0007_0114.uasset" 11509
"../../../Engine/Content/EngineMaterials/Substrate/Glints2/dict_0007_0109.uasset" 11510
"/Engine/EngineMaterials/Substrate/Glints2/dict_0007_0107" 11511
"../../../Engine/Content/EngineMaterials/Substrate/Glints2/dict_0007_0115.uasset" 11512
"../../../Engine/Content/EngineMaterials/Substrate/Glints2/dict_0007_0113.uasset" 11513
"../../../Engine/Content/EngineMaterials/Substrate/Glints2/dict_0007_0112.uasset" 11514
"../../../Engine/Content/EngineMaterials/Substrate/Glints2/dict_0007_0118.uasset" 11515
"../../../Engine/Content/EngineMaterials/Substrate/Glints2/dict_0007_0116.uasset" 11516
"../../../Engine/Content/EngineMaterials/Substrate/Glints2/dict_0007_0119.uasset" 11517
"../../../Engine/Content/EngineMaterials/Substrate/Glints2/dict_0007_0111.uasset" 11518
"../../../Engine/Content/EngineMaterials/Substrate/Glints2/dict_0007_0110.uasset" 11519
"../../../Engine/Content/EngineMaterials/Substrate/Glints2/dict_0007_0121.uasset" 11520
"/Engine/EngineMaterials/Substrate/Glints2/dict_0007_0106" 11521
"../../../Engine/Content/EngineMaterials/Substrate/Glints2/dict_0007_0120.uasset" 11522
"../../../Engine/Content/EngineMaterials/Substrate/Glints2/dict_0007_0122.uasset" 11523
"../../../Engine/Content/EngineMaterials/Substrate/Glints2/dict_0007_0123.uasset" 11524
"../../../Engine/Content/EngineMaterials/Substrate/Glints2/dict_0007_0117.uasset" 11525
"../../../Engine/Content/EngineMaterials/Substrate/Glints2/dict_0007_0124.uasset" 11526
"../../../Engine/Content/EngineMaterials/Substrate/Glints2/dict_0007_0125.uasset" 11527
"../../../Engine/Content/EngineMaterials/Substrate/Glints2/dict_0007_0126.uasset" 11528
"/Engine/EngineMaterials/Substrate/Glints2/dict_0007_0105" 11529
"/Engine/EngineMaterials/Substrate/Glints2/dict_0007_0104" 11530
"/Engine/EngineMaterials/Substrate/Glints2/dict_0007_0103" 11531
"/Engine/EngineMaterials/Substrate/Glints2/dict_0007_0102" 11532
"/Engine/EngineMaterials/Substrate/Glints2/dict_0007_0101" 11533
"/Engine/EngineMaterials/Substrate/Glints2/dict_0007_0100" 11534
"/Engine/EngineMaterials/Substrate/Glints2/dict_0007_0099" 11535
"/Engine/EngineMaterials/Substrate/Glints2/dict_0007_0098" 11536
"/Engine/EngineMaterials/Substrate/Glints2/dict_0007_0097" 11537
"/Engine/EngineMaterials/Substrate/Glints2/dict_0007_0096" 11538
"/Engine/EngineMaterials/Substrate/Glints2/dict_0007_0095" 11539
"../../../Engine/Content/EngineMaterials/Substrate/Glints2/dict_0007_0127.uasset" 11540
"../../../Engine/Content/EngineMaterials/Substrate/Glints2/dict_0007_0132.uasset" 11541
"../../../Engine/Content/EngineMaterials/Substrate/Glints2/dict_0007_0139.uasset" 11542
"../../../Engine/Content/EngineMaterials/Substrate/Glints2/dict_0007_0128.uasset" 11543
"../../../Engine/Content/EngineMaterials/Substrate/Glints2/dict_0007_0135.uasset" 11544
"../../../Engine/Content/EngineMaterials/Substrate/Glints2/dict_0007_0140.uasset" 11545
"../../../Engine/Content/EngineMaterials/Substrate/Glints2/dict_0007_0136.uasset" 11546
"../../../Engine/Content/EngineMaterials/Substrate/Glints2/dict_0007_0137.uasset" 11547
"/Engine/EngineMaterials/Substrate/Glints2/dict_0007_0126" 11548
"../../../Engine/Content/EngineMaterials/Substrate/Glints2/dict_0007_0130.uasset" 11549
"../../../Engine/Content/EngineMaterials/Substrate/Glints2/dict_0007_0134.uasset" 11550
"../../../Engine/Content/EngineMaterials/Substrate/Glints2/dict_0007_0133.uasset" 11551
"../../../Engine/Content/EngineMaterials/Substrate/Glints2/dict_0007_0131.uasset" 11552
"../../../Engine/Content/EngineMaterials/Substrate/Glints2/dict_0007_0138.uasset" 11553
"../../../Engine/Content/EngineMaterials/Substrate/Glints2/dict_0007_0129.uasset" 11554
"/Engine/EngineMaterials/Substrate/Glints2/dict_0007_0125" 11555
"/Engine/EngineMaterials/Substrate/Glints2/dict_0007_0124" 11556
"/Engine/EngineMaterials/Substrate/Glints2/dict_0007_0123" 11557
"/Engine/EngineMaterials/Substrate/Glints2/dict_0007_0122" 11558
"/Engine/EngineMaterials/Substrate/Glints2/dict_0007_0121" 11559
"/Engine/EngineMaterials/Substrate/Glints2/dict_0007_0120" 11560
"/Engine/EngineMaterials/Substrate/Glints2/dict_0007_0119" 11561
"/Engine/EngineMaterials/Substrate/Glints2/dict_0007_0118" 11562
"/Engine/EngineMaterials/Substrate/Glints2/dict_0007_0117" 11563
"/Engine/EngineMaterials/Substrate/Glints2/dict_0007_0116" 11564
"/Engine/EngineMaterials/Substrate/Glints2/dict_0007_0115" 11565
"/Engine/EngineMaterials/Substrate/Glints2/dict_0007_0114" 11566
"/Engine/EngineMaterials/Substrate/Glints2/dict_0007_0113" 11567
"/Engine/EngineMaterials/Substrate/Glints2/dict_0007_0112" 11568
"/Engine/EngineMaterials/Substrate/Glints2/dict_0007_0111" 11569
"/Engine/EngineMaterials/Substrate/Glints2/dict_0007_0110" 11570
"/Engine/EngineMaterials/Substrate/Glints2/dict_0007_0109" 11571
"../../../Engine/Content/EngineMaterials/Substrate/Glints2/dict_0007_0146.uasset" 11572
"../../../Engine/Content/EngineMaterials/Substrate/Glints2/dict_0007_0144.uasset" 11573
"../../../Engine/Content/EngineMaterials/Substrate/Glints2/dict_0007_0147.uasset" 11574
"../../../Engine/Content/EngineMaterials/Substrate/Glints2/dict_0007_0150.uasset" 11575
"/Engine/EngineMaterials/Substrate/Glints2/dict_0007_0140" 11576
"../../../Engine/Content/EngineMaterials/Substrate/Glints2/dict_0007_0153.uasset" 11577
"../../../Engine/Content/EngineMaterials/Substrate/Glints2/dict_0007_0142.uasset" 11578
"../../../Engine/Content/EngineMaterials/Substrate/Glints2/dict_0007_0154.uasset" 11579
"../../../Engine/Content/EngineMaterials/Substrate/Glints2/dict_0007_0151.uasset" 11580
"../../../Engine/Content/EngineMaterials/Substrate/Glints2/dict_0007_0152.uasset" 11581
"../../../Engine/Content/EngineMaterials/Substrate/Glints2/dict_0007_0143.uasset" 11582
"../../../Engine/Content/EngineMaterials/Substrate/Glints2/dict_0007_0148.uasset" 11583
"../../../Engine/Content/EngineMaterials/Substrate/Glints2/dict_0007_0145.uasset" 11584
"../../../Engine/Content/EngineMaterials/Substrate/Glints2/dict_0007_0149.uasset" 11585
"../../../Engine/Content/EngineMaterials/Substrate/Glints2/dict_0007_0141.uasset" 11586
"/Engine/EngineMaterials/Substrate/Glints2/dict_0007_0139" 11587
"../../../Engine/Content/EngineMaterials/Substrate/Glints2/dict_0007_0155.uasset" 11588
"../../../Engine/Content/EngineMaterials/Substrate/Glints2/dict_0007_0156.uasset" 11589
"/Engine/EngineMaterials/Substrate/Glints2/dict_0007_0138" 11590
"../../../Engine/Content/EngineMaterials/Substrate/Glints2/dict_0007_0157.uasset" 11591
"/Engine/EngineMaterials/Substrate/Glints2/dict_0007_0137" 11592
"../../../Engine/Content/EngineMaterials/Substrate/Glints2/dict_0007_0158.uasset" 11593
"/Engine/EngineMaterials/Substrate/Glints2/dict_0007_0136" 11594
"/Engine/EngineMaterials/Substrate/Glints2/dict_0007_0135" 11595
"/Engine/EngineMaterials/Substrate/Glints2/dict_0007_0134" 11596
"/Engine/EngineMaterials/Substrate/Glints2/dict_0007_0133" 11597
"/Engine/EngineMaterials/Substrate/Glints2/dict_0007_0132" 11598
"/Engine/EngineMaterials/Substrate/Glints2/dict_0007_0131" 11599
"/Engine/EngineMaterials/Substrate/Glints2/dict_0007_0130" 11600
"/Engine/EngineMaterials/Substrate/Glints2/dict_0007_0129" 11601
"/Engine/EngineMaterials/Substrate/Glints2/dict_0007_0128" 11602
"/Engine/EngineMaterials/Substrate/Glints2/dict_0007_0127" 11603
"../../../Engine/Content/EngineMaterials/Substrate/Glints2/dict_0007_0161.uasset" 11604
"../../../Engine/Content/EngineMaterials/Substrate/Glints2/dict_0007_0164.uasset" 11605
"../../../Engine/Content/EngineMaterials/Substrate/Glints2/dict_0007_0169.uasset" 11606
"../../../Engine/Content/EngineMaterials/Substrate/Glints2/dict_0007_0162.uasset" 11607
"../../../Engine/Content/EngineMaterials/Substrate/Glints2/dict_0007_0160.uasset" 11608
"../../../Engine/Content/EngineMaterials/Substrate/Glints2/dict_0007_0165.uasset" 11609
"../../../Engine/Content/EngineMaterials/Substrate/Glints2/dict_0007_0163.uasset" 11610
"../../../Engine/Content/EngineMaterials/Substrate/Glints2/dict_0007_0166.uasset" 11611
"../../../Engine/Content/EngineMaterials/Substrate/Glints2/dict_0007_0159.uasset" 11612
"../../../Engine/Content/EngineMaterials/Substrate/Glints2/dict_0007_0168.uasset" 11613
"/Engine/EngineMaterials/Substrate/Glints2/dict_0007_0158" 11614
"../../../Engine/Content/EngineMaterials/Substrate/Glints2/dict_0007_0167.uasset" 11615
"../../../Engine/Content/EngineMaterials/Substrate/Glints2/dict_0007_0170.uasset" 11616
"../../../Engine/Content/EngineMaterials/Substrate/Glints2/dict_0007_0171.uasset" 11617
"../../../Engine/Content/EngineMaterials/Substrate/Glints2/dict_0007_0172.uasset" 11618
"/Engine/EngineMaterials/Substrate/Glints2/dict_0007_0157" 11619
"/Engine/EngineMaterials/Substrate/Glints2/dict_0007_0156" 11620
"/Engine/EngineMaterials/Substrate/Glints2/dict_0007_0155" 11621
"/Engine/EngineMaterials/Substrate/Glints2/dict_0007_0154" 11622
"/Engine/EngineMaterials/Substrate/Glints2/dict_0007_0153" 11623
"/Engine/EngineMaterials/Substrate/Glints2/dict_0007_0152" 11624
"/Engine/EngineMaterials/Substrate/Glints2/dict_0007_0151" 11625
"/Engine/EngineMaterials/Substrate/Glints2/dict_0007_0150" 11626
"/Engine/EngineMaterials/Substrate/Glints2/dict_0007_0149" 11627
"/Engine/EngineMaterials/Substrate/Glints2/dict_0007_0148" 11628
"/Engine/EngineMaterials/Substrate/Glints2/dict_0007_0147" 11629
"/Engine/EngineMaterials/Substrate/Glints2/dict_0007_0146" 11630
"/Engine/EngineMaterials/Substrate/Glints2/dict_0007_0145" 11631
"/Engine/EngineMaterials/Substrate/Glints2/dict_0007_0144" 11632
"/Engine/EngineMaterials/Substrate/Glints2/dict_0007_0143" 11633
"/Engine/EngineMaterials/Substrate/Glints2/dict_0007_0142" 11634
"/Engine/EngineMaterials/Substrate/Glints2/dict_0007_0141" 11635
"../../../Engine/Content/EngineMaterials/Substrate/Glints2/dict_0007_0178.uasset" 11636
"../../../Engine/Content/EngineMaterials/Substrate/Glints2/dict_0007_0173.uasset" 11637
"../../../Engine/Content/EngineMaterials/Substrate/Glints2/dict_0007_0182.uasset" 11638
"../../../Engine/Content/EngineMaterials/Substrate/Glints2/dict_0007_0176.uasset" 11639
"../../../Engine/Content/EngineMaterials/Substrate/Glints2/dict_0007_0185.uasset" 11640
"../../../Engine/Content/EngineMaterials/Substrate/Glints2/dict_0007_0179.uasset" 11641
"../../../Engine/Content/EngineMaterials/Substrate/Glints2/dict_0007_0177.uasset" 11642
"../../../Engine/Content/EngineMaterials/Substrate/Glints2/dict_0007_0186.uasset" 11643
"/Engine/EngineMaterials/Substrate/Glints2/dict_0007_0172" 11644
"../../../Engine/Content/EngineMaterials/Substrate/Glints2/dict_0007_0175.uasset" 11645
"../../../Engine/Content/EngineMaterials/Substrate/Glints2/dict_0007_0174.uasset" 11646
"../../../Engine/Content/EngineMaterials/Substrate/Glints2/dict_0007_0180.uasset" 11647
"../../../Engine/Content/EngineMaterials/Substrate/Glints2/dict_0007_0184.uasset" 11648
"../../../Engine/Content/EngineMaterials/Substrate/Glints2/dict_0007_0181.uasset" 11649
"../../../Engine/Content/EngineMaterials/Substrate/Glints2/dict_0007_0183.uasset" 11650
"/Engine/EngineMaterials/Substrate/Glints2/dict_0007_0171" 11651
"../../../Engine/Content/EngineMaterials/Substrate/Glints2/dict_0007_0187.uasset" 11652
"../../../Engine/Content/EngineMaterials/Substrate/Glints2/dict_0007_0188.uasset" 11653
"../../../Engine/Content/EngineMaterials/Substrate/Glints2/dict_0007_0189.uasset" 11654
"../../../Engine/Content/EngineMaterials/Substrate/Glints2/dict_0007_0190.uasset" 11655
"/Engine/EngineMaterials/Substrate/Glints2/dict_0007_0170" 11656
"/Engine/EngineMaterials/Substrate/Glints2/dict_0007_0169" 11657
"/Engine/EngineMaterials/Substrate/Glints2/dict_0007_0168" 11658
"/Engine/EngineMaterials/Substrate/Glints2/dict_0007_0167" 11659
"/Engine/EngineMaterials/Substrate/Glints2/dict_0007_0166" 11660
"/Engine/EngineMaterials/Substrate/Glints2/dict_0007_0165" 11661
"/Engine/EngineMaterials/Substrate/Glints2/dict_0007_0164" 11662
"/Engine/EngineMaterials/Substrate/Glints2/dict_0007_0163" 11663
"/Engine/EngineMaterials/Substrate/Glints2/dict_0007_0162" 11664
"/Engine/EngineMaterials/Substrate/Glints2/dict_0007_0161" 11665
"/Engine/EngineMaterials/Substrate/Glints2/dict_0007_0160" 11666
"/Engine/EngineMaterials/Substrate/Glints2/dict_0007_0159" 11667
"../../../Engine/Content/EngineMaterials/Substrate/Glints2/dict_0007_0193.uasset" 11668
"../../../Engine/Content/EngineMaterials/Substrate/Glints2/dict_0007_0198.uasset" 11669
"../../../Engine/Content/EngineMaterials/Substrate/Glints2/dict_0007_0199.uasset" 11670
"../../../Engine/Content/EngineMaterials/Substrate/Glints2/dict_0007_0203.uasset" 11671
"../../../Engine/Content/EngineMaterials/Substrate/Glints2/dict_0007_0192.uasset" 11672
"../../../Engine/Content/EngineMaterials/Substrate/Glints2/dict_0007_0197.uasset" 11673
"../../../Engine/Content/EngineMaterials/Substrate/Glints2/dict_0007_0201.uasset" 11674
"../../../Engine/Content/EngineMaterials/Substrate/Glints2/dict_0007_0204.uasset" 11675
"../../../Engine/Content/EngineMaterials/Substrate/Glints2/dict_0007_0196.uasset" 11676
"../../../Engine/Content/EngineMaterials/Substrate/Glints2/dict_0007_0202.uasset" 11677
"../../../Engine/Content/EngineMaterials/Substrate/Glints2/dict_0007_0200.uasset" 11678
"../../../Engine/Content/EngineMaterials/Substrate/Glints2/dict_0007_0195.uasset" 11679
"../../../Engine/Content/EngineMaterials/Substrate/Glints2/dict_0007_0194.uasset" 11680
"../../../Engine/Content/EngineMaterials/Substrate/Glints2/dict_0007_0191.uasset" 11681
"/Engine/EngineMaterials/Substrate/Glints2/dict_0007_0190" 11682
"/Engine/EngineMaterials/Substrate/Glints2/dict_0007_0189" 11683
"/Engine/EngineMaterials/Substrate/Glints2/dict_0007_0188" 11684
"/Engine/EngineMaterials/Substrate/Glints2/dict_0007_0187" 11685
"/Engine/EngineMaterials/Substrate/Glints2/dict_0007_0186" 11686
"/Engine/EngineMaterials/Substrate/Glints2/dict_0007_0185" 11687
"/Engine/EngineMaterials/Substrate/Glints2/dict_0007_0184" 11688
"/Engine/EngineMaterials/Substrate/Glints2/dict_0007_0183" 11689
"/Engine/EngineMaterials/Substrate/Glints2/dict_0007_0182" 11690
"/Engine/EngineMaterials/Substrate/Glints2/dict_0007_0181" 11691
"/Engine/EngineMaterials/Substrate/Glints2/dict_0007_0180" 11692
"/Engine/EngineMaterials/Substrate/Glints2/dict_0007_0179" 11693
"/Engine/EngineMaterials/Substrate/Glints2/dict_0007_0178" 11694
"/Engine/EngineMaterials/Substrate/Glints2/dict_0007_0177" 11695
"/Engine/EngineMaterials/Substrate/Glints2/dict_0007_0176" 11696
"/Engine/EngineMaterials/Substrate/Glints2/dict_0007_0175" 11697
"/Engine/EngineMaterials/Substrate/Glints2/dict_0007_0174" 11698
"/Engine/EngineMaterials/Substrate/Glints2/dict_0007_0173" 11699
"../../../Engine/Content/EngineMaterials/Substrate/Glints2/dict_0007_0205.uasset" 11700
"../../../Engine/Content/EngineMaterials/Substrate/Glints2/dict_0007_0212.uasset" 11701
"../../../Engine/Content/EngineMaterials/Substrate/Glints2/dict_0007_0213.uasset" 11702
"/Engine/EngineMaterials/Substrate/Glints2/dict_0007_0204" 11703
"../../../Engine/Content/EngineMaterials/Substrate/Glints2/dict_0007_0206.uasset" 11704
"../../../Engine/Content/EngineMaterials/Substrate/Glints2/dict_0007_0217.uasset" 11705
"../../../Engine/Content/EngineMaterials/Substrate/Glints2/dict_0007_0211.uasset" 11706
"../../../Engine/Content/EngineMaterials/Substrate/Glints2/dict_0007_0218.uasset" 11707
"../../../Engine/Content/EngineMaterials/Substrate/Glints2/dict_0007_0214.uasset" 11708
"../../../Engine/Content/EngineMaterials/Substrate/Glints2/dict_0007_0209.uasset" 11709
"../../../Engine/Content/EngineMaterials/Substrate/Glints2/dict_0007_0210.uasset" 11710
"../../../Engine/Content/EngineMaterials/Substrate/Glints2/dict_0007_0208.uasset" 11711
"../../../Engine/Content/EngineMaterials/Substrate/Glints2/dict_0007_0221.uasset" 11712
"../../../Engine/Content/EngineMaterials/Substrate/Glints2/dict_0007_0215.uasset" 11713
"../../../Engine/Content/EngineMaterials/Substrate/Glints2/dict_0007_0222.uasset" 11714
"../../../Engine/Content/EngineMaterials/Substrate/Glints2/dict_0007_0216.uasset" 11715
"../../../Engine/Content/EngineMaterials/Substrate/Glints2/dict_0007_0219.uasset" 11716
"../../../Engine/Content/EngineMaterials/Substrate/Glints2/dict_0007_0207.uasset" 11717
"../../../Engine/Content/EngineMaterials/Substrate/Glints2/dict_0007_0220.uasset" 11718
"/Engine/EngineMaterials/Substrate/Glints2/dict_0007_0203" 11719
"/Engine/EngineMaterials/Substrate/Glints2/dict_0007_0202" 11720
"/Engine/EngineMaterials/Substrate/Glints2/dict_0007_0201" 11721
"/Engine/EngineMaterials/Substrate/Glints2/dict_0007_0200" 11722
"/Engine/EngineMaterials/Substrate/Glints2/dict_0007_0199" 11723
"/Engine/EngineMaterials/Substrate/Glints2/dict_0007_0198" 11724
"/Engine/EngineMaterials/Substrate/Glints2/dict_0007_0197" 11725
"/Engine/EngineMaterials/Substrate/Glints2/dict_0007_0196" 11726
"/Engine/EngineMaterials/Substrate/Glints2/dict_0007_0195" 11727
"/Engine/EngineMaterials/Substrate/Glints2/dict_0007_0194" 11728
"/Engine/EngineMaterials/Substrate/Glints2/dict_0007_0193" 11729
"/Engine/EngineMaterials/Substrate/Glints2/dict_0007_0192" 11730
"/Engine/EngineMaterials/Substrate/Glints2/dict_0007_0191" 11731
"/Engine/EngineMaterials/Substrate/Glints2/dict_0007_0222" 11732
"../../../Engine/Content/EngineMaterials/Substrate/Glints2/dict_0007_0223.uasset" 11733
"../../../Engine/Content/EngineMaterials/Substrate/Glints2/dict_0007_0224.uasset" 11734
"../../../Engine/Content/EngineMaterials/Substrate/Glints2/dict_0007_0225.uasset" 11735
"../../../Engine/Content/EngineMaterials/Substrate/Glints2/dict_0007_0227.uasset" 11736
"../../../Engine/Content/EngineMaterials/Substrate/Glints2/dict_0007_0228.uasset" 11737
"/Engine/EngineMaterials/Substrate/Glints2/dict_0007_0221" 11738
"../../../Engine/Content/EngineMaterials/Substrate/Glints2/dict_0007_0230.uasset" 11739
"../../../Engine/Content/EngineMaterials/Substrate/Glints2/dict_0007_0231.uasset" 11740
"../../../Engine/Content/EngineMaterials/Substrate/Glints2/dict_0007_0226.uasset" 11741
"../../../Engine/Content/EngineMaterials/Substrate/Glints2/dict_0007_0234.uasset" 11742
"../../../Engine/Content/EngineMaterials/Substrate/Glints2/dict_0007_0235.uasset" 11743
"../../../Engine/Content/EngineMaterials/Substrate/Glints2/dict_0007_0233.uasset" 11744
"../../../Engine/Content/EngineMaterials/Substrate/Glints2/dict_0007_0232.uasset" 11745
"../../../Engine/Content/EngineMaterials/Substrate/Glints2/dict_0007_0229.uasset" 11746
"../../../Engine/Content/EngineMaterials/Substrate/Glints2/dict_0007_0236.uasset" 11747
"/Engine/EngineMaterials/Substrate/Glints2/dict_0007_0220" 11748
"/Engine/EngineMaterials/Substrate/Glints2/dict_0007_0219" 11749
"/Engine/EngineMaterials/Substrate/Glints2/dict_0007_0218" 11750
"/Engine/EngineMaterials/Substrate/Glints2/dict_0007_0217" 11751
"/Engine/EngineMaterials/Substrate/Glints2/dict_0007_0216" 11752
"/Engine/EngineMaterials/Substrate/Glints2/dict_0007_0215" 11753
"/Engine/EngineMaterials/Substrate/Glints2/dict_0007_0214" 11754
"/Engine/EngineMaterials/Substrate/Glints2/dict_0007_0213" 11755
"/Engine/EngineMaterials/Substrate/Glints2/dict_0007_0212" 11756
"/Engine/EngineMaterials/Substrate/Glints2/dict_0007_0211" 11757
"/Engine/EngineMaterials/Substrate/Glints2/dict_0007_0210" 11758
"/Engine/EngineMaterials/Substrate/Glints2/dict_0007_0209" 11759
"/Engine/EngineMaterials/Substrate/Glints2/dict_0007_0208" 11760
"/Engine/EngineMaterials/Substrate/Glints2/dict_0007_0207" 11761
"/Engine/EngineMaterials/Substrate/Glints2/dict_0007_0206" 11762
"/Engine/EngineMaterials/Substrate/Glints2/dict_0007_0205" 11763
"../../../Engine/Content/EngineMaterials/Substrate/Glints2/dict_0007_0238.uasset" 11764
"../../../Engine/Content/EngineMaterials/Substrate/Glints2/dict_0007_0237.uasset" 11765
"../../../Engine/Content/EngineMaterials/Substrate/Glints2/dict_0007_0242.uasset" 11766
"../../../Engine/Content/EngineMaterials/Substrate/Glints2/dict_0007_0244.uasset" 11767
"../../../Engine/Content/EngineMaterials/Substrate/Glints2/dict_0007_0246.uasset" 11768
"../../../Engine/Content/EngineMaterials/Substrate/Glints2/dict_0007_0241.uasset" 11769
"../../../Engine/Content/EngineMaterials/Substrate/Glints2/dict_0007_0247.uasset" 11770
"../../../Engine/Content/EngineMaterials/Substrate/Glints2/dict_0007_0250.uasset" 11771
"../../../Engine/Content/EngineMaterials/Substrate/Glints2/dict_0007_0245.uasset" 11772
"../../../Engine/Content/EngineMaterials/Substrate/Glints2/dict_0007_0239.uasset" 11773
"/Engine/EngineMaterials/Substrate/Glints2/dict_0007_0236" 11774
"../../../Engine/Content/EngineMaterials/Substrate/Glints2/dict_0007_0249.uasset" 11775
"../../../Engine/Content/EngineMaterials/Substrate/Glints2/dict_0007_0248.uasset" 11776
"../../../Engine/Content/EngineMaterials/Substrate/Glints2/dict_0007_0254.uasset" 11777
"../../../Engine/Content/EngineMaterials/Substrate/Glints2/dict_0007_0252.uasset" 11778
"../../../Engine/Content/EngineMaterials/Substrate/Glints2/dict_0007_0243.uasset" 11779
"../../../Engine/Content/EngineMaterials/Substrate/Glints2/dict_0007_0240.uasset" 11780
"../../../Engine/Content/EngineMaterials/Substrate/Glints2/dict_0007_0251.uasset" 11781
"../../../Engine/Content/EngineMaterials/Substrate/Glints2/dict_0007_0253.uasset" 11782
"/Engine/EngineMaterials/Substrate/Glints2/dict_0007_0235" 11783
"/Engine/EngineMaterials/Substrate/Glints2/dict_0007_0234" 11784
"/Engine/EngineMaterials/Substrate/Glints2/dict_0007_0233" 11785
"/Engine/EngineMaterials/Substrate/Glints2/dict_0007_0232" 11786
"/Engine/EngineMaterials/Substrate/Glints2/dict_0007_0231" 11787
"/Engine/EngineMaterials/Substrate/Glints2/dict_0007_0230" 11788
"/Engine/EngineMaterials/Substrate/Glints2/dict_0007_0229" 11789
"/Engine/EngineMaterials/Substrate/Glints2/dict_0007_0228" 11790
"/Engine/EngineMaterials/Substrate/Glints2/dict_0007_0227" 11791
"/Engine/EngineMaterials/Substrate/Glints2/dict_0007_0226" 11792
"/Engine/EngineMaterials/Substrate/Glints2/dict_0007_0225" 11793
"/Engine/EngineMaterials/Substrate/Glints2/dict_0007_0224" 11794
"/Engine/EngineMaterials/Substrate/Glints2/dict_0007_0223" 11795
"../../../Engine/Content/EngineMaterials/Substrate/Volume/SubstrateSimpleVolumeLUT2D.uasset" 11796
"../../../Engine/Content/EngineMaterials/Substrate/Glints2/dict_0007_0255.uasset" 11797
"../../../Engine/Content/EngineMaterials/Substrate/Volume/SubstrateSimpleVolumeEnvLUT2D.uasset" 11798
"../../../Engine/Content/EngineMaterials/Substrate/Volume/SubstrateSimpleVolumeLUT3D.uasset" 11799
"/Engine/EngineMaterials/Substrate/Glints2/dict_0007_0254" 11800
"../../../Engine/Content/EngineMaterials/Substrate/Glints2/AGlintTex2dArray2.uasset" 11801
"../../../Engine/Content/MobileResources/HUD/DefaultVirtualJoysticks.uasset" 11802
"../../../Engine/Content/EngineMaterials/DefaultCalibrationGrayscale.uasset" 11803
"../../../Engine/Content/Functions/MaterialLayerFunctions/MatLayerBlend_OverrideOpacity.uasset" 11804
"../../../Engine/Content/EngineMaterials/PPM_DefaultCalibrationColor.uasset" 11805
"../../../Engine/Content/EngineMaterials/Substrate/Volume/SubstrateSimpleVolumeEnvLUT3D.uasset" 11806
"../../../Engine/Content/EngineMaterials/DefaultCalibrationColor.uasset" 11807
"../../../Engine/Content/MobileResources/HUD/VirtualJoystick_Thumb.uasset" 11808
"../../../Engine/Content/EngineMaterials/PPM_DefaultCalibrationGrayscale.uasset" 11809
"../../../Engine/Content/MobileResources/HUD/VirtualJoystick_Background.uasset" 11810
"/Engine/EngineMaterials/Substrate/Glints2/dict_0007_0253" 11811
"/Engine/EngineMaterials/Substrate/Glints2/dict_0007_0252" 11812
"/Engine/EngineMaterials/Substrate/Glints2/dict_0007_0251" 11813
"/Engine/EngineMaterials/Substrate/Glints2/dict_0007_0250" 11814
"/Engine/EngineMaterials/Substrate/Glints2/dict_0007_0249" 11815
"/Engine/EngineMaterials/Substrate/Glints2/dict_0007_0248" 11816
"/Engine/EngineMaterials/Substrate/Glints2/dict_0007_0247" 11817
"/Engine/EngineMaterials/Substrate/Glints2/dict_0007_0246" 11818
"/Engine/EngineMaterials/Substrate/Glints2/dict_0007_0245" 11819
"/Engine/EngineMaterials/Substrate/Glints2/dict_0007_0244" 11820
"/Engine/EngineMaterials/Substrate/Glints2/dict_0007_0243" 11821
"/Engine/EngineMaterials/Substrate/Glints2/dict_0007_0242" 11822
"/Engine/EngineMaterials/Substrate/Glints2/dict_0007_0241" 11823
"/Engine/EngineMaterials/Substrate/Glints2/dict_0007_0240" 11824
"/Engine/EngineMaterials/Substrate/Glints2/dict_0007_0239" 11825
"/Engine/EngineMaterials/Substrate/Glints2/dict_0007_0238" 11826
"/Engine/EngineMaterials/Substrate/Glints2/dict_0007_0237" 11827
"../../../Engine/Content/Functions/Engine_MaterialFunctions03/Procedurals/HeightToNormalSmooth.uasset" 11828
"/Engine/Functions/MaterialLayerFunctions/MatLayerBlend_OverrideOpacity" 11829
"../../../Engine/Plugins/Interchange/Assets/Content/Functions/MX_Surface.uasset" 11830
"D:/unreal_project/Baiguizhen/Content/UltraDynamicSky/Materials/Material_Functions/UDS_Basic_LightFunction.uasset" 11831
"../../../Engine/Plugins/Interchange/Assets/Content/Functions/MX_Displacement.uasset" 11832
"/Engine/EngineMaterials/PPM_DefaultCalibrationGrayscale" 11833
"../../../Engine/Plugins/Animation/DeformerGraph/Shaders/Private/DataInterfaceCustomComputeKernel.ush" 11834
"../../../Engine/Plugins/Animation/DeformerGraph/Shaders/Private/DataInterfaceCloth.ush" 11835
"../../../Engine/Plugins/Animation/DeformerGraph/Shaders/Private/DataInterfaceSkinnedMeshRead.ush" 11836
"../../../Engine/Plugins/Animation/DeformerGraph/Shaders/Private/DataInterfaceSkeleton.ush" 11837
"../../../Engine/Plugins/Animation/DeformerGraph/Shaders/Private/DataInterfaceSkeletonCommon.ush" 11838
"../../../Engine/Plugins/Animation/DeformerGraph/Shaders/Private/DataInterfaceMorphTarget.ush" 11839
"../../../Engine/Plugins/Animation/DeformerGraph/Shaders/Private/DataInterfaceSkinnedMeshWrite.ush" 11840
"../../../Engine/Plugins/Animation/DeformerGraph/Shaders/Private/DataInterfaceRawBuffer.ush" 11841
"../../../Engine/Plugins/Runtime/ComputeFramework/Shaders/Private/BufferAlias.ush" 11842
"../../../Engine/Plugins/Animation/DeformerGraph/Shaders/Private/DataInterfaceSkinnedMesh.ush" 11843
"../../../Engine/Plugins/Animation/DeformerGraph/Shaders/Private/DataInterfaceHalfEdge.ush" 11844
"/Engine/EngineMaterials/PPM_DefaultCalibrationColor" 11845
"/Engine/MobileResources/HUD/DefaultVirtualJoysticks" 11846
"/Engine/EngineMaterials/Substrate/Volume/SubstrateSimpleVolumeEnvLUT3D" 11847
"/Engine/EngineMaterials/Substrate/Volume/SubstrateSimpleVolumeLUT3D" 11848
"/Engine/EngineMaterials/Substrate/Glints2/AGlintTex2dArray2" 11849
"/Game/UltraDynamicSky/Materials/Material_Functions/UDS_Basic_LightFunction" 11850
"/InterchangeAssets/Functions/MX_Displacement" 11851
"/InterchangeAssets/Functions/MX_Surface" 11852
"D:/unreal_project/Baiguizhen/Content/UltraDynamicSky/Textures/Icons/Weather/Dust.uasset" 11853
"D:/unreal_project/Baiguizhen/Content/UltraDynamicSky/Textures/Icons/Weather/DustStorm.uasset" 11854
"D:/unreal_project/Baiguizhen/Content/UltraDynamicSky/Textures/Icons/Weather/Cloudy.uasset" 11855
"D:/unreal_project/Baiguizhen/Content/UltraDynamicSky/Textures/Icons/Weather/Overcast.uasset" 11856
"D:/unreal_project/Baiguizhen/Content/UltraDynamicSky/Textures/Icons/Weather/Clear_Skies.uasset" 11857
"D:/unreal_project/Baiguizhen/Content/UltraDynamicSky/Textures/Icons/Weather/Foggy.uasset" 11858
"D:/unreal_project/Baiguizhen/Content/UltraDynamicSky/Textures/Icons/Weather/Thunderstorms.uasset" 11859
"D:/unreal_project/Baiguizhen/Content/UltraDynamicSky/Textures/Icons/Weather/Snow.uasset" 11860
"D:/unreal_project/Baiguizhen/Content/UltraDynamicSky/Textures/Icons/Weather/Rain.uasset" 11861
"D:/unreal_project/Baiguizhen/Content/UltraDynamicSky/Textures/Icons/Weather/Light_Snow.uasset" 11862
"D:/unreal_project/Baiguizhen/Content/UltraDynamicSky/Textures/Icons/Weather/Blizzard.uasset" 11863
"D:/unreal_project/Baiguizhen/Content/UltraDynamicSky/Textures/Icons/Weather/LightRain.uasset" 11864
"/Game/UltraDynamicSky/Textures/Icons/Weather/DustStorm" 11865
"/Game/UltraDynamicSky/Textures/Icons/Weather/Dust" 11866
"/Game/UltraDynamicSky/Textures/Icons/Weather/Foggy" 11867
"/Game/UltraDynamicSky/Textures/Icons/Weather/Light_Snow" 11868
"/Game/UltraDynamicSky/Textures/Icons/Weather/Blizzard" 11869
"/Game/UltraDynamicSky/Textures/Icons/Weather/Snow" 11870
"/Game/UltraDynamicSky/Textures/Icons/Weather/Thunderstorms" 11871
"/Game/UltraDynamicSky/Textures/Icons/Weather/Overcast" 11872
"/Game/UltraDynamicSky/Textures/Icons/Weather/LightRain" 11873
"/Game/UltraDynamicSky/Textures/Icons/Weather/Rain" 11874
"/Game/UltraDynamicSky/Textures/Icons/Weather/Clear_Skies" 11875
"/Game/UltraDynamicSky/Textures/Icons/Weather/Cloudy" 11876
"D:/unreal_project/Baiguizhen/Content/UltraDynamicSky/Textures/Clouds/Aurora_Clouds.uasset" 11877
"D:/unreal_project/Baiguizhen/Content/UltraDynamicSky/Textures/Icons/Weather/PartlyCloudy.uasset" 11878
"D:/unreal_project/Baiguizhen/Content/UltraDynamicSky/Textures/StaticClouds/StaticClouds_A.uasset" 11879
"D:/unreal_project/Baiguizhen/Content/UltraDynamicSky/Textures/Sky/Real_Stars.uasset" 11880
"D:/unreal_project/Baiguizhen/Content/UltraDynamicSky/Textures/Weather/Snow_Normal.uasset" 11881
"D:/unreal_project/Baiguizhen/Content/UltraDynamicSky/Textures/Weather/Frost_Scatter.uasset" 11882
"/Game/UltraDynamicSky/Textures/Sky/Real_Stars" 11883
"/Game/UltraDynamicSky/Textures/Clouds/Aurora_Clouds" 11884
"/Game/UltraDynamicSky/Textures/StaticClouds/StaticClouds_A" 11885
"/Game/UltraDynamicSky/Textures/Icons/Weather/PartlyCloudy" 11886
"/Game/UltraDynamicSky/Textures/Weather/Frost_Scatter" 11887
"/Game/UltraDynamicSky/Textures/Weather/Snow_Normal" 11888
"../../../Engine/Plugins/NNE/NNEDenoiser/Content/NNEDTOM_Output_Default.uasset" 11889
"../../../Engine/Plugins/NNE/NNEDenoiser/Content/NNEDT_Oidn2-3_Balanced.uasset" 11890
"../../../Engine/Plugins/NNE/NNEDenoiser/Content/NNEDIM_HighQuality_Alpha.uasset" 11891
"../../../Engine/Plugins/NNE/NNEDenoiser/Content/NNEDOM_Output_Alpha.uasset" 11892
"../../../Engine/Plugins/NNE/NNEDenoiser/Content/NNEDIM_ColorAlbedoNormal_Alpha.uasset" 11893
"../../../Engine/Plugins/NNE/NNEDenoiser/Content/NNEDIM_HighQuality_Default.uasset" 11894
"../../../Engine/Plugins/NNE/NNEDenoiser/Content/NNEDTOM_Output_Alpha.uasset" 11895
"../../../Engine/Plugins/NNE/NNEDenoiser/Content/NNEDT_Oidn2-3_Balanced_Alpha.uasset" 11896
"../../../Engine/Plugins/NNE/NNEDenoiser/Content/NNEDIM_ColorAlbedoNormal_Default.uasset" 11897
"../../../Engine/Plugins/NNE/NNEDenoiser/Content/NNEDTIM_ColorAlbedoNormal_Default.uasset" 11898
"../../../Engine/Plugins/NNE/NNEDenoiser/Content/NNEDTIM_ColorAlbedoNormal_Alpha.uasset" 11899
"../../../Engine/Plugins/NNE/NNEDenoiser/Content/NNED_Oidn2-3_Balanced.uasset" 11900
"../../../Engine/Plugins/NNE/NNEDenoiser/Content/NNEDOM_Output_Default.uasset" 11901
"../../../Engine/Plugins/NNE/NNEDenoiser/Content/NNED_Oidn2-3_Balanced_Alpha.uasset" 11902
"../../../Engine/Plugins/NNE/NNEDenoiser/Content/NNED_Oidn2-3_Fast.uasset" 11903
"../../../Engine/Plugins/NNE/NNEDenoiser/Content/NNED_Oidn2-3_Fast_Alpha.uasset" 11904
"../../../Engine/Plugins/NNE/NNEDenoiser/Content/NNED_Oidn2-3_HighQuality_Alpha.uasset" 11905
"../../../Engine/Plugins/NNE/NNEDenoiser/Content/NNED_Oidn2-3_HighQuality.uasset" 11906
"../../../Engine/Plugins/NNE/NNEDenoiser/Content/NNE_oidn2-3-0_rt_hdr_alb_nrm_small__dyn__fp16_opset11_DenoiseAlpha.uasset" 11907
"../../../Engine/Plugins/NNE/NNEDenoiser/Content/NNE_oidn2-3-0_rt_hdr_alb_nrm_small__dyn__fp16_opset11_ForwardAlpha.uasset" 11908
"../../../Engine/Plugins/NNE/NNEDenoiser/Content/NNE_oidn2-3-0_rt_hdr_alb_nrm__dyn__fp16_opset11_ForwardAlpha.uasset" 11909
"../../../Engine/Plugins/NNE/NNEDenoiser/Content/NNE_oidn2-3-0_rt_hdr_alb_nrm__dyn__fp16_opset11_DenoiseAlpha.uasset" 11910
"/NNEDenoiser/NNED_Oidn2-3_HighQuality_Alpha" 11911
"/NNEDenoiser/NNE_oidn2-3-0_rt_hdr_alb_nrm__dyn__fp16_opset11_ForwardAlpha" 11912
"/NNEDenoiser/NNE_oidn2-3-0_rt_hdr_alb_nrm__dyn__fp16_opset11_DenoiseAlpha" 11913
"/NNEDenoiser/NNE_oidn2-3-0_rt_hdr_alb_nrm_small__dyn__fp16_opset11_ForwardAlpha" 11914
"/NNEDenoiser/NNE_oidn2-3-0_rt_hdr_alb_nrm_small__dyn__fp16_opset11_DenoiseAlpha" 11915
"/NNEDenoiser/NNEDTOM_Output_Default" 11916
"/NNEDenoiser/NNED_Oidn2-3_HighQuality" 11917
"/NNEDenoiser/NNED_Oidn2-3_Fast_Alpha" 11918
"/NNEDenoiser/NNED_Oidn2-3_Fast" 11919
"/NNEDenoiser/NNED_Oidn2-3_Balanced_Alpha" 11920
"/NNEDenoiser/NNED_Oidn2-3_Balanced" 11921
"/NNEDenoiser/NNEDTOM_Output_Alpha" 11922
"/NNEDenoiser/NNEDTIM_ColorAlbedoNormal_Default" 11923
"/NNEDenoiser/NNEDTIM_ColorAlbedoNormal_Alpha" 11924
"D:/unreal_project/Baiguizhen/Intermediate/ORTOptimizerPass_OptimizedD531C231419EE3B84EF47FA56FEB8BA6.onnx" 11925
"D:/unreal_project/Baiguizhen/Intermediate/ORTOptimizerPass_Optimized752907AA47F2CD1CD17D5CAC2BF06BD9.onnx" 11926
"D:/unreal_project/Baiguizhen/Intermediate/ORTOptimizerPass_Optimized831AEDFC4A1420E6C1D010A3C93EC8DF.onnx" 11927
"D:/unreal_project/Baiguizhen/Intermediate/ORTOptimizerPass_Optimized184947354F987FC69D5FBB8A9D166D8C.onnx" 11928
"D:/unreal_project/Baiguizhen/Intermediate/ORTOptimizerPass_Optimized139F7AC94659529062F209889EC52AC1.onnx" 11929
"D:/unreal_project/Baiguizhen/Intermediate/ORTOptimizerPass_OptimizedAE1CA7594275DFF9BCA183B83685E475.onnx" 11930
"D:/unreal_project/Baiguizhen/Intermediate/ORTOptimizerPass_Optimized414222C34BCE5C36ACAF9DA8DD5336E2.onnx" 11931
"D:/unreal_project/Baiguizhen/Intermediate/ORTOptimizerPass_OptimizedBD556F404C31B02DBAEDB397EF915551.onnx" 11932
"/NNEDenoiser/NNEDIM_ColorAlbedoNormal_Default" 11933
"/NNEDenoiser/NNEDIM_ColorAlbedoNormal_Alpha" 11934
"/NNEDenoiser/NNEDOM_Output_Default" 11935
"/NNEDenoiser/NNEDOM_Output_Alpha" 11936
"/NNEDenoiser/NNEDIM_HighQuality_Default" 11937
"/NNEDenoiser/NNEDIM_HighQuality_Alpha" 11938
"/NNEDenoiser/NNEDT_Oidn2-3_Balanced_Alpha" 11939
"/NNEDenoiser/NNEDT_Oidn2-3_Balanced" 11940
"../../../Engine/Plugins/NNE/NNEDenoiser/Content/NNE_oidn2-3-0_rt_hdr_calb_cnrm_large__dyn__fp16_opset11_DenoiseAlpha.uasset" 11941
"../../../Engine/Plugins/NNE/NNEDenoiser/Content/NNE_oidn2-3-0_rt_hdr_calb_cnrm_large__dyn__fp16_opset11_ForwardAlpha.uasset" 11942
"/NNEDenoiser/NNE_oidn2-3-0_rt_hdr_calb_cnrm_large__dyn__fp16_opset11_ForwardAlpha" 11943
"/NNEDenoiser/NNE_oidn2-3-0_rt_hdr_calb_cnrm_large__dyn__fp16_opset11_DenoiseAlpha" 11944
"D:/unreal_project/Baiguizhen/Intermediate/ORTOptimizerPass_Optimized1572ECBB4F26B2F0B9A785AD1C922C1B.onnx" 11945
"D:/unreal_project/Baiguizhen/Intermediate/ORTOptimizerPass_Optimized36A1511E4A8ECA4DD91706BD6AE1CA6A.onnx" 11946
"D:/unreal_project/Baiguizhen/Intermediate/ORTOptimizerPass_OptimizedA8B1242C4C14BD4359DAC281FF789780.onnx" 11947
"D:/unreal_project/Baiguizhen/Intermediate/ORTOptimizerPass_Optimized97C344934E6C59D92CA9378EA07A71A6.onnx" 11948
"D:/unreal_project/Baiguizhen/DerivedDataCache/VT/TEXTURE_7C16439390E24F1F9468894FB4D4BC55_VTCHUNK2A5F9F60441DA258D18B46D59C64D5BAD50E8EE3" 11949
"D:/unreal_project/Baiguizhen/DerivedDataCache/VT/TEXTURE_7C16439390E24F1F9468894FB4D4BC55_VTCHUNK44B429B40BB45A070EB17C1259C28734996A2F49" 11950
"D:/unreal_project/Baiguizhen/DerivedDataCache/VT/TEXTURE_7C16439390E24F1F9468894FB4D4BC55_VTCHUNK967C747FFC357A828288FA05D93CD5DCECDA891B" 11951
"D:/unreal_project/Baiguizhen/DerivedDataCache/VT/TEXTURE_7C16439390E24F1F9468894FB4D4BC55_VTCHUNKC0393DE8C5B4673D99D1BECB92AA8C1F72FEB491" 11952
"D:/unreal_project/Baiguizhen/DerivedDataCache/VT/TEXTURE_7C16439390E24F1F9468894FB4D4BC55_VTCHUNK02D4C3BCAD7DFA48AB32B8281FB06B8B83DB6275" 11953
"../../../Engine/Content/EngineMaterials/DefaultBloomKernel.uasset" 11954
"../../../Engine/Content/EditorResources/BSPVertex.uasset" 11955
"../../../Engine/Content/EngineMaterials/FastBlueNoise_scalar_128x128x64.uasset" 11956
"../../../Engine/Content/EngineResources/Development/ZenLogo_64.uasset" 11957
"../../../Engine/Content/EngineResources/FilmGrains/Marcie_Grain_v3_128_M2_000.uasset" 11958
"../../../Engine/Content/EngineDebugMaterials/DebugEditorMaterial.uasset" 11959
"../../../Engine/Content/EngineMaterials/FastBlueNoise_scalar_128x128x8.uasset" 11960
"../../../Engine/Content/EngineMaterials/LTC/Sheen_LTC.uasset" 11961
"../../../Engine/Content/EngineMaterials/EnergyConservation/Sheen_Energy.uasset" 11962
"../../../Engine/Content/EngineMaterials/EnergyConservation/Diffuse_Energy.uasset" 11963
"../../../Engine/Plugins/Interchange/Runtime/Content/Pipelines/DefaultAssetsPipeline.uasset" 11964
"../../../Engine/Plugins/Interchange/Runtime/Content/Pipelines/DefaultMaterialXPipeline.uasset" 11965
"../../../Engine/Content/EngineMaterials/FastBlueNoise_vec2_128x128x64.uasset" 11966
"../../../Engine/Plugins/Interchange/Runtime/Content/Pipelines/DefaultGLTFPipeline.uasset" 11967
"../../../Engine/Plugins/Interchange/Runtime/Content/Pipelines/DefaultGLTFAssetsPipeline.uasset" 11968
"../../../Engine/Plugins/Interchange/Runtime/Content/Pipelines/DefaultMaterialPipeline.uasset" 11969
"../../../Engine/Plugins/Interchange/Runtime/Content/Pipelines/DefaultTexturePipeline.uasset" 11970
"../../../Engine/Plugins/Interchange/Runtime/Content/Pipelines/DefaultSceneAssetsPipeline.uasset" 11971
"../../../Engine/Plugins/Interchange/Runtime/Content/Pipelines/DefaultSceneLevelPipeline.uasset" 11972
"../../../Engine/Plugins/Interchange/Runtime/Content/Pipelines/DefaultGLTFSceneAssetsPipeline.uasset" 11973
"../../../Engine/Plugins/Interchange/Assets/Content/Functions/MX_SurfaceUnlit.uasset" 11974
"/InterchangeAssets/Functions/MX_SurfaceUnlit" 11975
"/Interchange/Pipelines/DefaultGLTFSceneAssetsPipeline" 11976
"/Interchange/Pipelines/DefaultSceneLevelPipeline" 11977
"/Interchange/Pipelines/DefaultSceneAssetsPipeline" 11978
"/Interchange/Pipelines/DefaultTexturePipeline" 11979
"/Interchange/Pipelines/DefaultMaterialPipeline" 11980
"/Interchange/Pipelines/DefaultGLTFPipeline" 11981
"/Interchange/Pipelines/DefaultGLTFAssetsPipeline" 11982
"/Interchange/Pipelines/DefaultMaterialXPipeline" 11983
"/Interchange/Pipelines/DefaultAssetsPipeline" 11984
"/Engine/EngineMaterials/EnergyConservation/Diffuse_Energy" 11985
"/Engine/EngineMaterials/EnergyConservation/Sheen_Energy" 11986
"/Engine/EngineMaterials/LTC/Sheen_LTC" 11987
"/Engine/EngineMaterials/FastBlueNoise_vec2_128x128x64" 11988
"/Engine/EngineMaterials/FastBlueNoise_scalar_128x128x8" 11989
"/Engine/EngineMaterials/FastBlueNoise_scalar_128x128x64" 11990
"/Engine/EngineDebugMaterials/DebugEditorMaterial" 11991
"/Engine/EngineResources/Development/ZenLogo_64" 11992
"/Engine/EngineResources/FilmGrains/Marcie_Grain_v3_128_M2_000" 11993
"/Engine/EngineMaterials/DefaultBloomKernel" 11994
"/Engine/EditorResources/BSPVertex" 11995
"../../../Engine/Plugins/Interchange/Assets/Content/Functions/MX_UsdPreviewSurface.uasset" 11996
"../../../Engine/Plugins/Interchange/Assets/Content/Functions/MX_OrenNayarBSDF.uasset" 11997
"../../../Engine/Plugins/Interchange/Assets/Content/Functions/MX_BurleyDiffuseBSDF.uasset" 11998
"../../../Engine/Plugins/Interchange/Assets/Content/Functions/MX_TranslucentBSDF.uasset" 11999
"../../../Engine/Plugins/Interchange/Assets/Content/Functions/MX_DielectricBSDF.uasset" 12000
"../../../Engine/Plugins/Interchange/Assets/Content/Functions/MX_ConductorBSDF.uasset" 12001
"../../../Engine/Plugins/Interchange/Assets/Content/Functions/MX_GeneralizedSchlickBSDF.uasset" 12002
"../../../Engine/Plugins/Interchange/Assets/Content/Functions/MX_SubsurfaceBSDF.uasset" 12003
"../../../Engine/Plugins/Interchange/Assets/Content/Functions/MX_SheenBSDF.uasset" 12004
"../../../Engine/Plugins/Interchange/Assets/Content/Functions/MX_ThinFilmBSDF.uasset" 12005
"../../../Engine/Plugins/Interchange/Assets/Content/Functions/MX_UniformEDF.uasset" 12006
"../../../Engine/Plugins/Interchange/Assets/Content/Functions/MX_MeasuredEDF.uasset" 12007
"../../../Engine/Plugins/Interchange/Assets/Content/Functions/MX_ConicalEDF.uasset" 12008
"../../../Engine/Plugins/Interchange/Assets/Content/Functions/MX_AbsorptionVDF.uasset" 12009
"../../../Engine/Plugins/Interchange/Assets/Content/Functions/MX_AnisotropicVDF.uasset" 12010
"../../../Engine/Plugins/Animation/ControlRig/Content/Controls/ControlRigGizmoMaterial.uasset" 12011
"/ControlRig/Controls/ControlRigGizmoMaterial" 12012
"/InterchangeAssets/Functions/MX_AnisotropicVDF" 12013
"/InterchangeAssets/Functions/MX_AbsorptionVDF" 12014
"/InterchangeAssets/Functions/MX_MeasuredEDF" 12015
"/InterchangeAssets/Functions/MX_ConicalEDF" 12016
"/InterchangeAssets/Functions/MX_UniformEDF" 12017
"/InterchangeAssets/Functions/MX_ThinFilmBSDF" 12018
"/InterchangeAssets/Functions/MX_SheenBSDF" 12019
"/InterchangeAssets/Functions/MX_SubsurfaceBSDF" 12020
"/InterchangeAssets/Functions/MX_GeneralizedSchlickBSDF" 12021
"/InterchangeAssets/Functions/MX_ConductorBSDF" 12022
"/InterchangeAssets/Functions/MX_DielectricBSDF" 12023
"/InterchangeAssets/Functions/MX_TranslucentBSDF" 12024
"/InterchangeAssets/Functions/MX_BurleyDiffuseBSDF" 12025
"/InterchangeAssets/Functions/MX_OrenNayarBSDF" 12026
"/InterchangeAssets/Functions/MX_UsdPreviewSurface" 12027
"D:/unreal_project/Baiguizhen/Saved/Cooked/Windows/Baiguizhen/Metadata/CookedSettings.txt" 12028
